"../../../Engine/Plugins/2D/Paper2D/Content/PlaceholderTextures/DummySpriteTexture.ubulk" 0
"../../../Engine/Plugins/2D/Paper2D/Content/PlaceholderTextures/DummySpriteTexture.uasset" 1
"../../../Engine/Plugins/2D/Paper2D/Content/PlaceholderTextures/DummySpriteTexture.uexp" 2
"../../../Engine/Plugins/2D/Paper2D/Content/DummySprite.uasset" 3
"../../../Engine/Plugins/2D/Paper2D/Content/DummySprite.uexp" 4
"../../../Engine/Plugins/2D/Paper2D/Content/DefaultPaperTerrainMaterial.uasset" 5
"../../../Engine/Plugins/2D/Paper2D/Content/DefaultPaperTerrainMaterial.uexp" 6
"../../../Engine/Content/Animation/DefaultRecorderBoneCompression.uasset" 7
"../../../Engine/Content/Animation/DefaultRecorderBoneCompression.uexp" 8
"../../../Engine/Content/EngineFonts/Faces/DroidSansFallback.uexp" 9
"../../../Engine/Content/EngineFonts/Faces/DroidSansFallback.uasset" 10
"../../../Engine/Content/EngineFonts/Faces/DroidSansFallback.ufont" 11
"../../../Engine/Content/EngineFonts/Faces/RobotoBold.uexp" 12
"../../../Engine/Content/EngineFonts/Faces/RobotoBold.uasset" 13
"../../../Engine/Content/EngineFonts/Faces/RobotoBold.ufont" 14
"../../../Engine/Content/EngineFonts/Faces/RobotoBoldItalic.uexp" 15
"../../../Engine/Content/EngineFonts/Faces/RobotoBoldItalic.uasset" 16
"../../../Engine/Content/EngineFonts/Faces/RobotoBoldItalic.ufont" 17
"../../../Engine/Content/EngineFonts/Faces/RobotoItalic.uexp" 18
"../../../Engine/Content/EngineFonts/Faces/RobotoItalic.uasset" 19
"../../../Engine/Content/EngineFonts/Faces/RobotoItalic.ufont" 20
"../../../Engine/Content/EngineFonts/Faces/RobotoLight.uexp" 21
"../../../Engine/Content/EngineFonts/Faces/RobotoLight.uasset" 22
"../../../Engine/Content/EngineFonts/Faces/RobotoLight.ufont" 23
"../../../Engine/Content/EngineFonts/Faces/RobotoRegular.uexp" 24
"../../../Engine/Content/EngineFonts/Faces/RobotoRegular.uasset" 25
"../../../Engine/Content/EngineFonts/Faces/RobotoRegular.ufont" 26
"../../../Engine/Content/EngineFonts/Roboto.uasset" 27
"../../../Engine/Content/EngineFonts/Roboto.uexp" 28
"../../../Engine/Content/EngineMaterials/DefaultDestructiblePhysicalMaterial.uasset" 29
"../../../Engine/Content/EngineMaterials/DefaultDestructiblePhysicalMaterial.uexp" 30
"../../../Engine/Content/EngineMaterials/DefaultPhysicalMaterial.uasset" 31
"../../../Engine/Content/EngineMaterials/DefaultPhysicalMaterial.uexp" 32
"../../../Engine/Content/EngineSounds/Master.uasset" 33
"../../../Engine/Content/EngineSounds/Master.uexp" 34
"../../../Engine/Plugins/Animation/ControlRig/Content/Controls/DefaultGizmoLibraryNormalized.uasset" 35
"../../../Engine/Plugins/Animation/ControlRig/Content/Controls/DefaultGizmoLibraryNormalized.uexp" 36
"../../../Engine/Plugins/Interchange/Runtime/Content/Pipelines/DefaultAssetsPipeline.uasset" 37
"../../../Engine/Plugins/Interchange/Runtime/Content/Pipelines/DefaultAssetsPipeline.uexp" 38
"../../../Engine/Plugins/Interchange/Runtime/Content/Pipelines/DefaultAudioPipeline.uasset" 39
"../../../Engine/Plugins/Interchange/Runtime/Content/Pipelines/DefaultAudioPipeline.uexp" 40
"../../../Engine/Plugins/Interchange/Runtime/Content/Pipelines/DefaultGLTFAssetsPipeline.uasset" 41
"../../../Engine/Plugins/Interchange/Runtime/Content/Pipelines/DefaultGLTFAssetsPipeline.uexp" 42
"../../../Engine/Plugins/Interchange/Runtime/Content/Pipelines/DefaultGLTFPipeline.uasset" 43
"../../../Engine/Plugins/Interchange/Runtime/Content/Pipelines/DefaultGLTFPipeline.uexp" 44
"../../../Engine/Plugins/Interchange/Runtime/Content/Pipelines/DefaultGLTFSceneAssetsPipeline.uasset" 45
"../../../Engine/Plugins/Interchange/Runtime/Content/Pipelines/DefaultGLTFSceneAssetsPipeline.uexp" 46
"../../../Engine/Plugins/Interchange/Runtime/Content/Pipelines/DefaultMaterialPipeline.uasset" 47
"../../../Engine/Plugins/Interchange/Runtime/Content/Pipelines/DefaultMaterialPipeline.uexp" 48
"../../../Engine/Plugins/Interchange/Runtime/Content/Pipelines/DefaultMaterialXPipeline.uasset" 49
"../../../Engine/Plugins/Interchange/Runtime/Content/Pipelines/DefaultMaterialXPipeline.uexp" 50
"../../../Engine/Plugins/Interchange/Runtime/Content/Pipelines/DefaultSceneAssetsPipeline.uasset" 51
"../../../Engine/Plugins/Interchange/Runtime/Content/Pipelines/DefaultSceneAssetsPipeline.uexp" 52
"../../../Engine/Plugins/Interchange/Runtime/Content/Pipelines/DefaultSceneLevelPipeline.uasset" 53
"../../../Engine/Plugins/Interchange/Runtime/Content/Pipelines/DefaultSceneLevelPipeline.uexp" 54
"../../../Engine/Plugins/Interchange/Runtime/Content/Pipelines/DefaultTexturePipeline.uasset" 55
"../../../Engine/Plugins/Interchange/Runtime/Content/Pipelines/DefaultTexturePipeline.uexp" 56
"../../../Engine/Plugins/NNE/NNEDenoiser/Content/NNED_Oidn2-3_Fast_Alpha.uasset" 57
"../../../Engine/Plugins/NNE/NNEDenoiser/Content/NNED_Oidn2-3_Fast_Alpha.uexp" 58
"../../../Engine/Plugins/NNE/NNEDenoiser/Content/NNED_Oidn2-3_HighQuality.uasset" 59
"../../../Engine/Plugins/NNE/NNEDenoiser/Content/NNED_Oidn2-3_HighQuality.uexp" 60
"../../../Engine/Plugins/NNE/NNEDenoiser/Content/NNED_Oidn2-3_HighQuality_Alpha.uasset" 61
"../../../Engine/Plugins/NNE/NNEDenoiser/Content/NNED_Oidn2-3_HighQuality_Alpha.uexp" 62
"../../../Engine/Plugins/NNE/NNEDenoiser/Content/NNE_oidn2-3-0_rt_hdr_alb_nrm_small__dyn__fp16_opset11_DenoiseAlpha.uasset" 63
"../../../Engine/Plugins/NNE/NNEDenoiser/Content/NNE_oidn2-3-0_rt_hdr_alb_nrm_small__dyn__fp16_opset11_DenoiseAlpha.uexp" 64
"../../../Engine/Plugins/NNE/NNEDenoiser/Content/NNE_oidn2-3-0_rt_hdr_alb_nrm_small__dyn__fp16_opset11_ForwardAlpha.uasset" 65
"../../../Engine/Plugins/NNE/NNEDenoiser/Content/NNE_oidn2-3-0_rt_hdr_alb_nrm_small__dyn__fp16_opset11_ForwardAlpha.uexp" 66
"../../../Engine/Plugins/NNE/NNEDenoiser/Content/NNE_oidn2-3-0_rt_hdr_alb_nrm__dyn__fp16_opset11_DenoiseAlpha.uasset" 67
"../../../Engine/Plugins/NNE/NNEDenoiser/Content/NNE_oidn2-3-0_rt_hdr_alb_nrm__dyn__fp16_opset11_DenoiseAlpha.uexp" 68
"../../../Engine/Plugins/NNE/NNEDenoiser/Content/NNE_oidn2-3-0_rt_hdr_alb_nrm__dyn__fp16_opset11_ForwardAlpha.uasset" 69
"../../../Engine/Plugins/NNE/NNEDenoiser/Content/NNE_oidn2-3-0_rt_hdr_alb_nrm__dyn__fp16_opset11_ForwardAlpha.uexp" 70
"../../../Engine/Plugins/NNE/NNEDenoiser/Content/NNE_oidn2-3-0_rt_hdr_calb_cnrm_large__dyn__fp16_opset11_DenoiseAlpha.uasset" 71
"../../../Engine/Plugins/NNE/NNEDenoiser/Content/NNE_oidn2-3-0_rt_hdr_calb_cnrm_large__dyn__fp16_opset11_DenoiseAlpha.uexp" 72
"../../../Engine/Plugins/NNE/NNEDenoiser/Content/NNE_oidn2-3-0_rt_hdr_calb_cnrm_large__dyn__fp16_opset11_ForwardAlpha.uasset" 73
"../../../Engine/Plugins/NNE/NNEDenoiser/Content/NNE_oidn2-3-0_rt_hdr_calb_cnrm_large__dyn__fp16_opset11_ForwardAlpha.uexp" 74
"../../../Engine/Plugins/2D/Paper2D/Content/DefaultSpriteMaterial.uasset" 75
"../../../Engine/Plugins/2D/Paper2D/Content/DefaultSpriteMaterial.uexp" 76
"../../../Engine/Plugins/2D/Paper2D/Content/MaskedUnlitSpriteMaterial.uasset" 77
"../../../Engine/Plugins/2D/Paper2D/Content/MaskedUnlitSpriteMaterial.uexp" 78
"../../../Engine/Plugins/2D/Paper2D/Content/OpaqueUnlitSpriteMaterial.uasset" 79
"../../../Engine/Plugins/2D/Paper2D/Content/OpaqueUnlitSpriteMaterial.uexp" 80
"../../../Engine/Content/Functions/Engine_MaterialFunctions02/WorldPositionOffset/CameraOffset.uasset" 81
"../../../Engine/Content/Functions/Engine_MaterialFunctions02/WorldPositionOffset/CameraOffset.uexp" 82
"../../../Engine/Plugins/Animation/ControlRig/Content/M_Manip.uasset" 83
"../../../Engine/Plugins/Animation/ControlRig/Content/M_Manip.uexp" 84
"../../../Engine/Content/EngineMaterials/PhAT_JointLimitMaterial.uasset" 85
"../../../Engine/Content/EngineMaterials/PhAT_JointLimitMaterial.uexp" 86
"../../../Engine/Content/EngineDebugMaterials/DebugEditorMaterial.uasset" 87
"../../../Engine/Content/EngineDebugMaterials/DebugEditorMaterial.uexp" 88
"../../../Engine/Content/EngineMaterials/DefaultCalibrationColor.uasset" 89
"../../../Engine/Content/EngineMaterials/DefaultCalibrationColor.uexp" 90
"../../../Engine/Content/EngineMaterials/PPM_DefaultCalibrationColor.uasset" 91
"../../../Engine/Content/EngineMaterials/PPM_DefaultCalibrationColor.uexp" 92
"../../../Engine/Content/EngineMaterials/T_Default_Material_Grid_M.ubulk" 93
"../../../Engine/Content/EngineMaterials/T_Default_Material_Grid_M.uasset" 94
"../../../Engine/Content/EngineMaterials/T_Default_Material_Grid_M.uexp" 95
"../../../Engine/Content/EngineMaterials/T_Default_Material_Grid_N.ubulk" 96
"../../../Engine/Content/EngineMaterials/T_Default_Material_Grid_N.uasset" 97
"../../../Engine/Content/EngineMaterials/T_Default_Material_Grid_N.uexp" 98
"../../../Engine/Content/Functions/Engine_MaterialFunctions01/Opacity/CameraDepthFade.uasset" 99
"../../../Engine/Content/Functions/Engine_MaterialFunctions01/Opacity/CameraDepthFade.uexp" 100
"../../../Engine/Content/EngineMaterials/DefaultMaterial.uasset" 101
"../../../Engine/Content/EngineMaterials/DefaultMaterial.uexp" 102
"../../../Engine/Content/BasicShapes/Cone.ubulk" 103
"../../../Engine/Content/BasicShapes/Cone.uasset" 104
"../../../Engine/Content/BasicShapes/Cone.uexp" 105
"../../../Engine/Content/EngineDebugMaterials/DebugMeshMaterial.uasset" 106
"../../../Engine/Content/EngineDebugMaterials/DebugMeshMaterial.uexp" 107
"../../../Engine/Content/EngineMaterials/DefaultCalibrationGrayscale.uasset" 108
"../../../Engine/Content/EngineMaterials/DefaultCalibrationGrayscale.uexp" 109
"../../../Engine/Content/EngineMaterials/PPM_DefaultCalibrationGrayscale.uasset" 110
"../../../Engine/Content/EngineMaterials/PPM_DefaultCalibrationGrayscale.uexp" 111
"../../../Engine/Content/EngineMaterials/WorldGridMaterial.uasset" 112
"../../../Engine/Content/EngineMaterials/WorldGridMaterial.uexp" 113
"../../../Engine/Content/BasicShapes/Cube.ubulk" 114
"../../../Engine/Content/BasicShapes/Cube.uasset" 115
"../../../Engine/Content/BasicShapes/Cube.uexp" 116
"../../../Engine/Content/EditorMaterials/PhAT_NoCollisionMaterial.uasset" 117
"../../../Engine/Content/EditorMaterials/PhAT_NoCollisionMaterial.uexp" 118
"../../../Engine/Content/BasicShapes/Cylinder.ubulk" 119
"../../../Engine/Content/BasicShapes/Cylinder.uasset" 120
"../../../Engine/Content/BasicShapes/Cylinder.uexp" 121
"../../../Engine/Content/EditorMaterials/PhAT_UnselectedMaterial.uasset" 122
"../../../Engine/Content/EditorMaterials/PhAT_UnselectedMaterial.uexp" 123
"../../../Engine/Content/EditorMaterials/PreviewShadowIndicator.ubulk" 124
"../../../Engine/Content/EditorMaterials/PreviewShadowIndicator.uasset" 125
"../../../Engine/Content/EditorMaterials/PreviewShadowIndicator.uexp" 126
"../../../Engine/Content/EditorMaterials/PreviewShadowIndicatorMaterial.uasset" 127
"../../../Engine/Content/EditorMaterials/PreviewShadowIndicatorMaterial.uexp" 128
"../../../Engine/Content/BasicShapes/Sphere.ubulk" 129
"../../../Engine/Content/BasicShapes/Sphere.uasset" 130
"../../../Engine/Content/BasicShapes/Sphere.uexp" 131
"../../../Engine/Plugins/Media/MediaPlate/Content/SM_MediaPlateScreen.ubulk" 132
"../../../Engine/Plugins/Media/MediaPlate/Content/SM_MediaPlateScreen.uasset" 133
"../../../Engine/Plugins/Media/MediaPlate/Content/SM_MediaPlateScreen.uexp" 134
"../../../Engine/Content/EngineMaterials/PreintegratedSkinBRDF.uasset" 135
"../../../Engine/Content/EngineMaterials/PreintegratedSkinBRDF.uexp" 136
"../../../Engine/Plugins/NNE/NNEDenoiser/Content/NNEDIM_ColorAlbedoNormal_Alpha.uasset" 137
"../../../Engine/Plugins/NNE/NNEDenoiser/Content/NNEDIM_ColorAlbedoNormal_Alpha.uexp" 138
"../../../Engine/Plugins/NNE/NNEDenoiser/Content/NNEDIM_ColorAlbedoNormal_Default.uasset" 139
"../../../Engine/Plugins/NNE/NNEDenoiser/Content/NNEDIM_ColorAlbedoNormal_Default.uexp" 140
"../../../Engine/Plugins/NNE/NNEDenoiser/Content/NNEDIM_HighQuality_Alpha.uasset" 141
"../../../Engine/Plugins/NNE/NNEDenoiser/Content/NNEDIM_HighQuality_Alpha.uexp" 142
"../../../Engine/Plugins/NNE/NNEDenoiser/Content/NNEDIM_HighQuality_Default.uasset" 143
"../../../Engine/Plugins/NNE/NNEDenoiser/Content/NNEDIM_HighQuality_Default.uexp" 144
"../../../Engine/Plugins/NNE/NNEDenoiser/Content/NNEDOM_Output_Alpha.uasset" 145
"../../../Engine/Plugins/NNE/NNEDenoiser/Content/NNEDOM_Output_Alpha.uexp" 146
"../../../Engine/Plugins/NNE/NNEDenoiser/Content/NNEDOM_Output_Default.uasset" 147
"../../../Engine/Plugins/NNE/NNEDenoiser/Content/NNEDOM_Output_Default.uexp" 148
"../../../Engine/Plugins/NNE/NNEDenoiser/Content/NNEDTIM_ColorAlbedoNormal_Alpha.uasset" 149
"../../../Engine/Plugins/NNE/NNEDenoiser/Content/NNEDTIM_ColorAlbedoNormal_Alpha.uexp" 150
"../../../Engine/Plugins/NNE/NNEDenoiser/Content/NNEDTIM_ColorAlbedoNormal_Default.uasset" 151
"../../../Engine/Plugins/NNE/NNEDenoiser/Content/NNEDTIM_ColorAlbedoNormal_Default.uexp" 152
"../../../Engine/Plugins/NNE/NNEDenoiser/Content/NNEDTOM_Output_Alpha.uasset" 153
"../../../Engine/Plugins/NNE/NNEDenoiser/Content/NNEDTOM_Output_Alpha.uexp" 154
"../../../Engine/Plugins/NNE/NNEDenoiser/Content/NNEDTOM_Output_Default.uasset" 155
"../../../Engine/Plugins/NNE/NNEDenoiser/Content/NNEDTOM_Output_Default.uexp" 156
"../../../Engine/Plugins/NNE/NNEDenoiser/Content/NNEDT_Oidn2-3_Balanced.uasset" 157
"../../../Engine/Plugins/NNE/NNEDenoiser/Content/NNEDT_Oidn2-3_Balanced.uexp" 158
"../../../Engine/Plugins/NNE/NNEDenoiser/Content/NNEDT_Oidn2-3_Balanced_Alpha.uasset" 159
"../../../Engine/Plugins/NNE/NNEDenoiser/Content/NNEDT_Oidn2-3_Balanced_Alpha.uexp" 160
"../../../Engine/Plugins/NNE/NNEDenoiser/Content/NNED_Oidn2-3_Balanced.uasset" 161
"../../../Engine/Plugins/NNE/NNEDenoiser/Content/NNED_Oidn2-3_Balanced.uexp" 162
"../../../Engine/Plugins/NNE/NNEDenoiser/Content/NNED_Oidn2-3_Balanced_Alpha.uasset" 163
"../../../Engine/Plugins/NNE/NNEDenoiser/Content/NNED_Oidn2-3_Balanced_Alpha.uexp" 164
"../../../Engine/Plugins/NNE/NNEDenoiser/Content/NNED_Oidn2-3_Fast.uasset" 165
"../../../Engine/Plugins/NNE/NNEDenoiser/Content/NNED_Oidn2-3_Fast.uexp" 166
"../../../Engine/Content/EngineMaterials/RemoveSurfaceMaterial.uasset" 167
"../../../Engine/Content/EngineMaterials/RemoveSurfaceMaterial.uexp" 168
"../../../Engine/Content/EngineMaterials/SMAAAreaTex.uasset" 169
"../../../Engine/Content/EngineMaterials/SMAAAreaTex.uexp" 170
"../../../Engine/Content/EngineMaterials/SMAASearchTex.uasset" 171
"../../../Engine/Content/EngineMaterials/SMAASearchTex.uexp" 172
"../../../Engine/Content/Functions/Engine_MaterialFunctions02/Utility/MakeFloat3.uasset" 173
"../../../Engine/Content/Functions/Engine_MaterialFunctions02/Utility/MakeFloat3.uexp" 174
"../../../Engine/Content/Functions/Engine_MaterialFunctions02/SplitComponents.uasset" 175
"../../../Engine/Content/Functions/Engine_MaterialFunctions02/SplitComponents.uexp" 176
"../../../Engine/Content/Functions/Engine_MaterialFunctions02/Utility/BreakOutFloat3Components.uasset" 177
"../../../Engine/Content/Functions/Engine_MaterialFunctions02/Utility/BreakOutFloat3Components.uexp" 178
"../../../Engine/Content/Functions/Engine_MaterialFunctions02/Math/Transform3x3Matrix.uasset" 179
"../../../Engine/Content/Functions/Engine_MaterialFunctions02/Math/Transform3x3Matrix.uexp" 180
"../../../Engine/Content/VREditor/SnapGrid/SnapGridMaterial.uasset" 181
"../../../Engine/Content/VREditor/SnapGrid/SnapGridMaterial.uexp" 182
"../../../Engine/Content/VREditor/SnapGrid/SnapGridPlaneMesh.ubulk" 183
"../../../Engine/Content/VREditor/SnapGrid/SnapGridPlaneMesh.uasset" 184
"../../../Engine/Content/VREditor/SnapGrid/SnapGridPlaneMesh.uexp" 185
"../../../Engine/Content/VREditor/LaserPointer/VR_LaserPower_01.ubulk" 186
"../../../Engine/Content/VREditor/LaserPointer/VR_LaserPower_01.uasset" 187
"../../../Engine/Content/VREditor/LaserPointer/VR_LaserPower_01.uexp" 188
"../../../Engine/Content/VREditor/TransformGizmo/TransformGizmoMaterial.uasset" 189
"../../../Engine/Content/VREditor/TransformGizmo/TransformGizmoMaterial.uexp" 190
"../../../Engine/Content/VREditor/TransformGizmo/TranslucentTransformGizmoMaterial.uasset" 191
"../../../Engine/Content/VREditor/TransformGizmo/TranslucentTransformGizmoMaterial.uexp" 192
"../../../Engine/Content/VREditor/TransformGizmo/PlaneTranslationHandle.ubulk" 193
"../../../Engine/Content/VREditor/TransformGizmo/PlaneTranslationHandle.uasset" 194
"../../../Engine/Content/VREditor/TransformGizmo/PlaneTranslationHandle.uexp" 195
"../../../Engine/Content/VREditor/TransformGizmo/RotationHandleFull.ubulk" 196
"../../../Engine/Content/VREditor/TransformGizmo/RotationHandleFull.uasset" 197
"../../../Engine/Content/VREditor/TransformGizmo/RotationHandleFull.uexp" 198
"../../../Engine/Content/VREditor/TransformGizmo/RotationHandleIndicator.ubulk" 199
"../../../Engine/Content/VREditor/TransformGizmo/RotationHandleIndicator.uasset" 200
"../../../Engine/Content/VREditor/TransformGizmo/RotationHandleIndicator.uexp" 201
"../../../Engine/Content/VREditor/TransformGizmo/RotationHandleQuarter.ubulk" 202
"../../../Engine/Content/VREditor/TransformGizmo/RotationHandleQuarter.uasset" 203
"../../../Engine/Content/VREditor/TransformGizmo/RotationHandleQuarter.uexp" 204
"../../../Engine/Content/VREditor/TransformGizmo/StartRotationHandleIndicator.ubulk" 205
"../../../Engine/Content/VREditor/TransformGizmo/StartRotationHandleIndicator.uasset" 206
"../../../Engine/Content/VREditor/TransformGizmo/StartRotationHandleIndicator.uexp" 207
"../../../Engine/Content/VREditor/TransformGizmo/TranslucentTransformGizmoMaterial_Inst.uasset" 208
"../../../Engine/Content/VREditor/TransformGizmo/TranslucentTransformGizmoMaterial_Inst.uexp" 209
"../../../Engine/Content/VREditor/TransformGizmo/TransformGizmoFreeRotation.ubulk" 210
"../../../Engine/Content/VREditor/TransformGizmo/TransformGizmoFreeRotation.uasset" 211
"../../../Engine/Content/VREditor/TransformGizmo/TransformGizmoFreeRotation.uexp" 212
"../../../Engine/Content/VREditor/TransformGizmo/TransformGizmoMaterial_Inst.uasset" 213
"../../../Engine/Content/VREditor/TransformGizmo/TransformGizmoMaterial_Inst.uexp" 214
"../../../Engine/Content/VREditor/TransformGizmo/TranslateArrowHandle.ubulk" 215
"../../../Engine/Content/VREditor/TransformGizmo/TranslateArrowHandle.uasset" 216
"../../../Engine/Content/VREditor/TransformGizmo/TranslateArrowHandle.uexp" 217
"../../../Engine/Content/VREditor/TransformGizmo/UniformScaleHandle.ubulk" 218
"../../../Engine/Content/VREditor/TransformGizmo/UniformScaleHandle.uasset" 219
"../../../Engine/Content/VREditor/TransformGizmo/UniformScaleHandle.uexp" 220
"../../../Engine/Content/VREditor/Sounds/UI/Drop_Item_From_ContentBrowser.ubulk" 221
"../../../Engine/Content/VREditor/Sounds/UI/Drop_Item_From_ContentBrowser.uasset" 222
"../../../Engine/Content/VREditor/Sounds/UI/Drop_Item_From_ContentBrowser.uexp" 223
"../../../Engine/Content/VREditor/Sounds/UI/Gizmo_Handle_Clicked.ubulk" 224
"../../../Engine/Content/VREditor/Sounds/UI/Gizmo_Handle_Clicked.uasset" 225
"../../../Engine/Content/VREditor/Sounds/UI/Gizmo_Handle_Clicked.uexp" 226
"../../../Engine/Content/VREditor/Sounds/UI/Object_PickUp.ubulk" 227
"../../../Engine/Content/VREditor/Sounds/UI/Object_PickUp.uasset" 228
"../../../Engine/Content/VREditor/Sounds/UI/Object_PickUp.uexp" 229
"../../../Engine/Content/VREditor/Sounds/UI/Object_Snaps_To_Another_Actor.ubulk" 230
"../../../Engine/Content/VREditor/Sounds/UI/Object_Snaps_To_Another_Actor.uasset" 231
"../../../Engine/Content/VREditor/Sounds/UI/Object_Snaps_To_Another_Actor.uexp" 232
"../../../Engine/Content/VREditor/Sounds/UI/Object_Snaps_To_Grid.ubulk" 233
"../../../Engine/Content/VREditor/Sounds/UI/Object_Snaps_To_Grid.uasset" 234
"../../../Engine/Content/VREditor/Sounds/UI/Object_Snaps_To_Grid.uexp" 235
"../../../Engine/Content/VREditor/Sounds/UI/Scaling_Down.ubulk" 236
"../../../Engine/Content/VREditor/Sounds/UI/Scaling_Down.uasset" 237
"../../../Engine/Content/VREditor/Sounds/UI/Scaling_Down.uexp" 238
"../../../Engine/Content/VREditor/Sounds/UI/Scaling_Up.ubulk" 239
"../../../Engine/Content/VREditor/Sounds/UI/Scaling_Up.uasset" 240
"../../../Engine/Content/VREditor/Sounds/UI/Scaling_Up.uexp" 241
"../../../Engine/Content/VREditor/Sounds/UI/Selection_Changes.ubulk" 242
"../../../Engine/Content/VREditor/Sounds/UI/Selection_Changes.uasset" 243
"../../../Engine/Content/VREditor/Sounds/UI/Selection_Changes.uexp" 244
"../../../Engine/Content/EditorLandscapeResources/DefaultAlphaTexture.uasset" 245
"../../../Engine/Content/EditorLandscapeResources/DefaultAlphaTexture.uexp" 246
"../../../Engine/Content/EditorLandscapeResources/ColorMaskBrushMaterial.uasset" 247
"../../../Engine/Content/EditorLandscapeResources/ColorMaskBrushMaterial.uexp" 248
"../../../Engine/Content/EditorLandscapeResources/ColorMaskBrushMaterial_MaskedRegion.uasset" 249
"../../../Engine/Content/EditorLandscapeResources/ColorMaskBrushMaterial_MaskedRegion.uexp" 250
"../../../Engine/Plugins/Animation/ControlRig/Content/Controls/ControlRigGizmoMaterial.uasset" 251
"../../../Engine/Plugins/Animation/ControlRig/Content/Controls/ControlRigGizmoMaterial.uexp" 252
"../../../Engine/Plugins/Animation/ControlRig/Content/Controls/ControlRigXRayMaterial.uasset" 253
"../../../Engine/Plugins/Animation/ControlRig/Content/Controls/ControlRigXRayMaterial.uexp" 254
"../../../Engine/Plugins/Animation/ControlRig/Content/Controls/ControlRig_Arrow2_1mm.ubulk" 255
"../../../Engine/Plugins/Animation/ControlRig/Content/Controls/ControlRig_Arrow2_1mm.uasset" 256
"../../../Engine/Plugins/Animation/ControlRig/Content/Controls/ControlRig_Arrow2_1mm.uexp" 257
"../../../Engine/Plugins/Animation/ControlRig/Content/Controls/ControlRig_Arrow2_3mm.ubulk" 258
"../../../Engine/Plugins/Animation/ControlRig/Content/Controls/ControlRig_Arrow2_3mm.uasset" 259
"../../../Engine/Plugins/Animation/ControlRig/Content/Controls/ControlRig_Arrow2_3mm.uexp" 260
"../../../Engine/Content/EditorLandscapeResources/LandscapeDirtyMaterial.uasset" 261
"../../../Engine/Content/EditorLandscapeResources/LandscapeDirtyMaterial.uexp" 262
"../../../Engine/Plugins/Animation/ControlRig/Content/Controls/ControlRig_Arrow2_solid.ubulk" 263
"../../../Engine/Plugins/Animation/ControlRig/Content/Controls/ControlRig_Arrow2_solid.uasset" 264
"../../../Engine/Plugins/Animation/ControlRig/Content/Controls/ControlRig_Arrow2_solid.uexp" 265
"../../../Engine/Content/EngineMaterials/WeightMapPlaceholderTexture.uasset" 266
"../../../Engine/Content/EngineMaterials/WeightMapPlaceholderTexture.uexp" 267
"../../../Engine/Content/EngineMaterials/WeightMapArrayPlaceholderTexture.uasset" 268
"../../../Engine/Content/EngineMaterials/WeightMapArrayPlaceholderTexture.uexp" 269
"../../../Engine/Content/EngineDebugMaterials/M_SimpleUnlitTranslucent.uasset" 270
"../../../Engine/Content/EngineDebugMaterials/M_SimpleUnlitTranslucent.uexp" 271
"../../../Engine/Plugins/Animation/ControlRig/Content/Controls/ControlRig_Arrow4_1mm.ubulk" 272
"../../../Engine/Plugins/Animation/ControlRig/Content/Controls/ControlRig_Arrow4_1mm.uasset" 273
"../../../Engine/Plugins/Animation/ControlRig/Content/Controls/ControlRig_Arrow4_1mm.uexp" 274
"../../../Engine/Content/Functions/Engine_MaterialFunctions02/Utility/CameraDirectionVector.uasset" 275
"../../../Engine/Content/Functions/Engine_MaterialFunctions02/Utility/CameraDirectionVector.uexp" 276
"../../../Engine/Content/EngineDebugMaterials/VolumeToRender.uasset" 277
"../../../Engine/Content/EngineDebugMaterials/VolumeToRender.uexp" 278
"../../../Engine/Content/EngineDebugMaterials/M_VolumeRenderSphereTracePP.uasset" 279
"../../../Engine/Content/EngineDebugMaterials/M_VolumeRenderSphereTracePP.uexp" 280
"../../../Engine/Content/EngineMaterials/DefaultDiffuse.ubulk" 281
"../../../Engine/Content/EngineMaterials/DefaultDiffuse.uasset" 282
"../../../Engine/Content/EngineMaterials/DefaultDiffuse.uexp" 283
"../../../Engine/Content/Functions/Engine_MaterialFunctions01/Texturing/TextureCropping.uasset" 284
"../../../Engine/Content/Functions/Engine_MaterialFunctions01/Texturing/TextureCropping.uexp" 285
"../../../Engine/Content/Functions/Engine_MaterialFunctions02/ExampleContent/DebugNumberStrip.uasset" 286
"../../../Engine/Content/Functions/Engine_MaterialFunctions02/ExampleContent/DebugNumberStrip.uexp" 287
"../../../Engine/Content/Functions/Engine_MaterialFunctions01/Debug/DebugIntValues.uasset" 288
"../../../Engine/Content/Functions/Engine_MaterialFunctions01/Debug/DebugIntValues.uexp" 289
"../../../Engine/Content/Functions/Engine_MaterialFunctions02/Utility/BreakOutFloat2Components.uasset" 290
"../../../Engine/Content/Functions/Engine_MaterialFunctions02/Utility/BreakOutFloat2Components.uexp" 291
"../../../Engine/Content/Functions/Engine_MaterialFunctions01/Texturing/ScaleUVsByCenter.uasset" 292
"../../../Engine/Content/Functions/Engine_MaterialFunctions01/Texturing/ScaleUVsByCenter.uexp" 293
"../../../Engine/Content/Functions/Engine_MaterialFunctions02/WorldPositionOffset/LocalPosition.uasset" 294
"../../../Engine/Content/Functions/Engine_MaterialFunctions02/WorldPositionOffset/LocalPosition.uexp" 295
"../../../Engine/Content/EditorLandscapeResources/LandscapeLayerUsageMaterial.uasset" 296
"../../../Engine/Content/EditorLandscapeResources/LandscapeLayerUsageMaterial.uexp" 297
"../../../Engine/Plugins/Animation/ControlRig/Content/Controls/ControlRig_Arrow4_3mm.ubulk" 298
"../../../Engine/Plugins/Animation/ControlRig/Content/Controls/ControlRig_Arrow4_3mm.uasset" 299
"../../../Engine/Plugins/Animation/ControlRig/Content/Controls/ControlRig_Arrow4_3mm.uexp" 300
"../../../Engine/Content/EditorResources/BSPVertex.uasset" 301
"../../../Engine/Content/EditorResources/BSPVertex.uexp" 302
"../../../Engine/Content/EngineResources/WhiteSquareTexture.uasset" 303
"../../../Engine/Content/EngineResources/WhiteSquareTexture.uexp" 304
"../../../Engine/Content/EngineMaterials/Widget3DPassThrough.uasset" 305
"../../../Engine/Content/EngineMaterials/Widget3DPassThrough.uexp" 306
"../../../Engine/Content/EngineMaterials/Widget3DPassThrough_Masked.uasset" 307
"../../../Engine/Content/EngineMaterials/Widget3DPassThrough_Masked.uexp" 308
"../../../Engine/Content/EngineMaterials/Widget3DPassThrough_Opaque.uasset" 309
"../../../Engine/Content/EngineMaterials/Widget3DPassThrough_Opaque.uexp" 310
"../../../Engine/Content/EngineMaterials/Widget3DPassThrough_Masked_OneSided.uasset" 311
"../../../Engine/Content/EngineMaterials/Widget3DPassThrough_Masked_OneSided.uexp" 312
"../../../Engine/Plugins/Animation/ControlRig/Content/Controls/ControlRig_Arrow4_solid.ubulk" 313
"../../../Engine/Plugins/Animation/ControlRig/Content/Controls/ControlRig_Arrow4_solid.uasset" 314
"../../../Engine/Plugins/Animation/ControlRig/Content/Controls/ControlRig_Arrow4_solid.uexp" 315
"../../../Engine/Content/EngineMaterials/Widget3DPassThrough_Opaque_OneSided.uasset" 316
"../../../Engine/Content/EngineMaterials/Widget3DPassThrough_Opaque_OneSided.uexp" 317
"../../../Engine/Content/EngineMaterials/Widget3DPassThrough_Translucent.uasset" 318
"../../../Engine/Content/EngineMaterials/Widget3DPassThrough_Translucent.uexp" 319
"../../../Engine/Content/EngineMaterials/Widget3DPassThrough_Translucent_OneSided.uasset" 320
"../../../Engine/Content/EngineMaterials/Widget3DPassThrough_Translucent_OneSided.uexp" 321
"../../../Engine/Content/EditorLandscapeResources/WhiteSquareTexture.uasset" 322
"../../../Engine/Content/EditorLandscapeResources/WhiteSquareTexture.uexp" 323
"../../../Engine/Content/EditorLandscapeResources/LayerVisMaterial.uasset" 324
"../../../Engine/Content/EditorLandscapeResources/LayerVisMaterial.uexp" 325
"../../../Engine/Content/Functions/Engine_MaterialFunctions03/Math/WithinRangeFloat2.uasset" 326
"../../../Engine/Content/Functions/Engine_MaterialFunctions03/Math/WithinRangeFloat2.uexp" 327
"../../../Engine/Content/EditorLandscapeResources/MaskBrushMaterial.uasset" 328
"../../../Engine/Content/EditorLandscapeResources/MaskBrushMaterial.uexp" 329
"../../../Engine/Content/EditorLandscapeResources/MaskBrushMaterial_MaskedRegion.uasset" 330
"../../../Engine/Content/EditorLandscapeResources/MaskBrushMaterial_MaskedRegion.uexp" 331
"../../../Engine/Plugins/Animation/ControlRig/Content/Controls/ControlRig_Arrow_1mm.ubulk" 332
"../../../Engine/Plugins/Animation/ControlRig/Content/Controls/ControlRig_Arrow_1mm.uasset" 333
"../../../Engine/Plugins/Animation/ControlRig/Content/Controls/ControlRig_Arrow_1mm.uexp" 334
"../../../Engine/Plugins/Interchange/Assets/Content/Functions/MX_ChiangHairBSDF.uasset" 335
"../../../Engine/Plugins/Interchange/Assets/Content/Functions/MX_ChiangHairBSDF.uexp" 336
"../../../Engine/Plugins/Animation/ControlRig/Content/Controls/ControlRig_Arrow_3mm.ubulk" 337
"../../../Engine/Plugins/Animation/ControlRig/Content/Controls/ControlRig_Arrow_3mm.uasset" 338
"../../../Engine/Plugins/Animation/ControlRig/Content/Controls/ControlRig_Arrow_3mm.uexp" 339
"../../../Engine/Content/EditorLandscapeResources/SelectBrushMaterial.uasset" 340
"../../../Engine/Content/EditorLandscapeResources/SelectBrushMaterial.uexp" 341
"../../../Engine/Content/EditorLandscapeResources/SelectBrushMaterial_Selected.uasset" 342
"../../../Engine/Content/EditorLandscapeResources/SelectBrushMaterial_Selected.uexp" 343
"../../../Engine/Plugins/Animation/ControlRig/Content/Controls/ControlRig_Arrow_solid.ubulk" 344
"../../../Engine/Plugins/Animation/ControlRig/Content/Controls/ControlRig_Arrow_solid.uasset" 345
"../../../Engine/Plugins/Animation/ControlRig/Content/Controls/ControlRig_Arrow_solid.uexp" 346
"../../../Engine/Content/EditorLandscapeResources/SelectBrushMaterial_SelectedRegion.uasset" 347
"../../../Engine/Content/EditorLandscapeResources/SelectBrushMaterial_SelectedRegion.uexp" 348
"../../../Engine/Plugins/Interchange/Assets/Content/Functions/MX_ConductorBSDF.uasset" 349
"../../../Engine/Plugins/Interchange/Assets/Content/Functions/MX_ConductorBSDF.uexp" 350
"../../../Engine/Plugins/Interchange/Assets/Content/Functions/MX_ConicalEDF.uasset" 351
"../../../Engine/Plugins/Interchange/Assets/Content/Functions/MX_ConicalEDF.uexp" 352
"../../../Engine/Plugins/Animation/ControlRig/Content/Controls/ControlRig_Box_1mm.ubulk" 353
"../../../Engine/Plugins/Animation/ControlRig/Content/Controls/ControlRig_Box_1mm.uasset" 354
"../../../Engine/Plugins/Animation/ControlRig/Content/Controls/ControlRig_Box_1mm.uexp" 355
"../../../Engine/Content/EditorLandscapeResources/SplineEditorMeshMat.uasset" 356
"../../../Engine/Content/EditorLandscapeResources/SplineEditorMeshMat.uexp" 357
"../../../Engine/Content/EditorLandscapeResources/SplineEditorMesh.ubulk" 358
"../../../Engine/Content/EditorLandscapeResources/SplineEditorMesh.uasset" 359
"../../../Engine/Content/EditorLandscapeResources/SplineEditorMesh.uexp" 360
"../../../Engine/Plugins/Animation/ControlRig/Content/Controls/ControlRig_Box_3mm.ubulk" 361
"../../../Engine/Plugins/Animation/ControlRig/Content/Controls/ControlRig_Box_3mm.uasset" 362
"../../../Engine/Plugins/Animation/ControlRig/Content/Controls/ControlRig_Box_3mm.uexp" 363
"../../../Engine/Content/EditorResources/S_Actor.ubulk" 364
"../../../Engine/Content/EditorResources/S_Actor.uasset" 365
"../../../Engine/Content/EditorResources/S_Actor.uexp" 366
"../../../Engine/Plugins/Animation/ControlRig/Content/Controls/ControlRig_Box_solid.ubulk" 367
"../../../Engine/Plugins/Animation/ControlRig/Content/Controls/ControlRig_Box_solid.uasset" 368
"../../../Engine/Plugins/Animation/ControlRig/Content/Controls/ControlRig_Box_solid.uexp" 369
"../../../Engine/Plugins/Interchange/Assets/Content/Functions/MX_DielectricBSDF.uasset" 370
"../../../Engine/Plugins/Interchange/Assets/Content/Functions/MX_DielectricBSDF.uexp" 371
"../../../Engine/Plugins/Interchange/Assets/Content/Functions/MX_Displacement.uasset" 372
"../../../Engine/Plugins/Interchange/Assets/Content/Functions/MX_Displacement.uexp" 373
"../../../Engine/Plugins/Animation/ControlRig/Content/Controls/ControlRig_Circle_1mm.ubulk" 374
"../../../Engine/Plugins/Animation/ControlRig/Content/Controls/ControlRig_Circle_1mm.uasset" 375
"../../../Engine/Plugins/Animation/ControlRig/Content/Controls/ControlRig_Circle_1mm.uexp" 376
"../../../Engine/Content/EditorResources/S_BoxReflectionCapture.uasset" 377
"../../../Engine/Content/EditorResources/S_BoxReflectionCapture.uexp" 378
"../../../Engine/Plugins/Interchange/Assets/Content/Functions/MX_GeneralizedSchlickBSDF.uasset" 379
"../../../Engine/Plugins/Interchange/Assets/Content/Functions/MX_GeneralizedSchlickBSDF.uexp" 380
"../../../Engine/Plugins/Animation/ControlRig/Content/Controls/ControlRig_Circle_3mm.ubulk" 381
"../../../Engine/Plugins/Animation/ControlRig/Content/Controls/ControlRig_Circle_3mm.uasset" 382
"../../../Engine/Plugins/Animation/ControlRig/Content/Controls/ControlRig_Circle_3mm.uexp" 383
"../../../Engine/Plugins/Animation/ControlRig/Content/Controls/ControlRig_Circle_solid.ubulk" 384
"../../../Engine/Plugins/Animation/ControlRig/Content/Controls/ControlRig_Circle_solid.uasset" 385
"../../../Engine/Plugins/Animation/ControlRig/Content/Controls/ControlRig_Circle_solid.uexp" 386
"../../../Engine/Plugins/Animation/ControlRig/Content/Controls/ControlRig_Diamond_1mm.ubulk" 387
"../../../Engine/Plugins/Animation/ControlRig/Content/Controls/ControlRig_Diamond_1mm.uasset" 388
"../../../Engine/Plugins/Animation/ControlRig/Content/Controls/ControlRig_Diamond_1mm.uexp" 389
"../../../Engine/Plugins/Interchange/Assets/Content/Functions/MX_MeasuredEDF.uasset" 390
"../../../Engine/Plugins/Interchange/Assets/Content/Functions/MX_MeasuredEDF.uexp" 391
"../../../Engine/Plugins/Animation/ControlRig/Content/Controls/ControlRig_Diamond_3mm.ubulk" 392
"../../../Engine/Plugins/Animation/ControlRig/Content/Controls/ControlRig_Diamond_3mm.uasset" 393
"../../../Engine/Plugins/Animation/ControlRig/Content/Controls/ControlRig_Diamond_3mm.uexp" 394
"../../../Engine/Content/EngineMeshes/Sphere.ubulk" 395
"../../../Engine/Content/EngineMeshes/Sphere.uasset" 396
"../../../Engine/Content/EngineMeshes/Sphere.uexp" 397
"../../../Engine/Plugins/Interchange/Assets/Content/Functions/MF_IridescenceNoLUT.uasset" 398
"../../../Engine/Plugins/Interchange/Assets/Content/Functions/MF_IridescenceNoLUT.uexp" 399
"../../../Engine/Plugins/Interchange/Assets/Content/Functions/MX_StandardSurface.uasset" 400
"../../../Engine/Plugins/Interchange/Assets/Content/Functions/MX_StandardSurface.uexp" 401
"../../../Engine/Plugins/Interchange/Assets/Content/Functions/MX_OpenPBR_Opaque.uasset" 402
"../../../Engine/Plugins/Interchange/Assets/Content/Functions/MX_OpenPBR_Opaque.uexp" 403
"../../../Engine/Plugins/Animation/ControlRig/Content/Controls/ControlRig_Diamond_solid.ubulk" 404
"../../../Engine/Plugins/Animation/ControlRig/Content/Controls/ControlRig_Diamond_solid.uasset" 405
"../../../Engine/Plugins/Animation/ControlRig/Content/Controls/ControlRig_Diamond_solid.uexp" 406
"../../../Engine/Plugins/Interchange/Assets/Content/Functions/MX_TransmissionSurface.uasset" 407
"../../../Engine/Plugins/Interchange/Assets/Content/Functions/MX_TransmissionSurface.uexp" 408
"../../../Engine/Plugins/Interchange/Assets/Content/Functions/MX_OpenPBR_Translucent.uasset" 409
"../../../Engine/Plugins/Interchange/Assets/Content/Functions/MX_OpenPBR_Translucent.uexp" 410
"../../../Engine/Plugins/Animation/ControlRig/Content/Controls/ControlRig_HalfCircle_1mm.ubulk" 411
"../../../Engine/Plugins/Animation/ControlRig/Content/Controls/ControlRig_HalfCircle_1mm.uasset" 412
"../../../Engine/Plugins/Animation/ControlRig/Content/Controls/ControlRig_HalfCircle_1mm.uexp" 413
"../../../Engine/Plugins/Interchange/Assets/Content/Functions/MX_OrenNayarBSDF.uasset" 414
"../../../Engine/Plugins/Interchange/Assets/Content/Functions/MX_OrenNayarBSDF.uexp" 415
"../../../Engine/Plugins/Animation/ControlRig/Content/Controls/ControlRig_HalfCircle_3mm.ubulk" 416
"../../../Engine/Plugins/Animation/ControlRig/Content/Controls/ControlRig_HalfCircle_3mm.uasset" 417
"../../../Engine/Plugins/Animation/ControlRig/Content/Controls/ControlRig_HalfCircle_3mm.uexp" 418
"../../../Engine/Plugins/Animation/ControlRig/Content/Controls/ControlRig_HalfCircle_solid.ubulk" 419
"../../../Engine/Plugins/Animation/ControlRig/Content/Controls/ControlRig_HalfCircle_solid.uasset" 420
"../../../Engine/Plugins/Animation/ControlRig/Content/Controls/ControlRig_HalfCircle_solid.uexp" 421
"../../../Engine/Plugins/Animation/ControlRig/Content/Controls/ControlRig_Hexagon_1mm.ubulk" 422
"../../../Engine/Plugins/Animation/ControlRig/Content/Controls/ControlRig_Hexagon_1mm.uasset" 423
"../../../Engine/Plugins/Animation/ControlRig/Content/Controls/ControlRig_Hexagon_1mm.uexp" 424
"../../../Engine/Plugins/Animation/ControlRig/Content/Controls/ControlRig_Hexagon_3mm.ubulk" 425
"../../../Engine/Plugins/Animation/ControlRig/Content/Controls/ControlRig_Hexagon_3mm.uasset" 426
"../../../Engine/Plugins/Animation/ControlRig/Content/Controls/ControlRig_Hexagon_3mm.uexp" 427
"../../../Engine/Plugins/Animation/ControlRig/Content/Controls/ControlRig_Hexagon_solid.ubulk" 428
"../../../Engine/Plugins/Animation/ControlRig/Content/Controls/ControlRig_Hexagon_solid.uasset" 429
"../../../Engine/Plugins/Animation/ControlRig/Content/Controls/ControlRig_Hexagon_solid.uexp" 430
"../../../Engine/Content/Functions/Engine_MaterialFunctions02/Utility/VectorLength.uasset" 431
"../../../Engine/Content/Functions/Engine_MaterialFunctions02/Utility/VectorLength.uexp" 432
"../../../Engine/Plugins/Experimental/MeshModelingToolsetExp/Content/Materials/GetDisplacementVectorForDepthBias.uasset" 433
"../../../Engine/Plugins/Experimental/MeshModelingToolsetExp/Content/Materials/GetDisplacementVectorForDepthBias.uexp" 434
"../../../Engine/Content/Functions/Engine_MaterialFunctions03/Viewport/MF_OrthoWidth.uasset" 435
"../../../Engine/Content/Functions/Engine_MaterialFunctions03/Viewport/MF_OrthoWidth.uexp" 436
"../../../Engine/Content/Functions/Engine_MaterialFunctions02/Utility/FOV.uasset" 437
"../../../Engine/Content/Functions/Engine_MaterialFunctions02/Utility/FOV.uexp" 438
"../../../Engine/Content/Functions/Engine_MaterialFunctions02/WorldPositionOffset/V2/ObjectScale.uasset" 439
"../../../Engine/Content/Functions/Engine_MaterialFunctions02/WorldPositionOffset/V2/ObjectScale.uexp" 440
"../../../Engine/Plugins/Experimental/MeshModelingToolsetExp/Content/Materials/PointSetOverlaidComponentMaterial.uasset" 441
"../../../Engine/Plugins/Experimental/MeshModelingToolsetExp/Content/Materials/PointSetOverlaidComponentMaterial.uexp" 442
"../../../Engine/Plugins/Interchange/Assets/Content/Functions/MX_SheenBSDF.uasset" 443
"../../../Engine/Plugins/Interchange/Assets/Content/Functions/MX_SheenBSDF.uexp" 444
"../../../Engine/Plugins/Animation/ControlRig/Content/Controls/ControlRig_Octagon_1mm.ubulk" 445
"../../../Engine/Plugins/Animation/ControlRig/Content/Controls/ControlRig_Octagon_1mm.uasset" 446
"../../../Engine/Plugins/Animation/ControlRig/Content/Controls/ControlRig_Octagon_1mm.uexp" 447
"../../../Engine/Plugins/Animation/ControlRig/Content/Controls/ControlRig_Octagon_3mm.ubulk" 448
"../../../Engine/Plugins/Animation/ControlRig/Content/Controls/ControlRig_Octagon_3mm.uasset" 449
"../../../Engine/Plugins/Animation/ControlRig/Content/Controls/ControlRig_Octagon_3mm.uexp" 450
"../../../Engine/Plugins/Interchange/Assets/Content/Functions/MX_SubsurfaceBSDF.uasset" 451
"../../../Engine/Plugins/Interchange/Assets/Content/Functions/MX_SubsurfaceBSDF.uexp" 452
"../../../Engine/Plugins/Animation/ControlRig/Content/Controls/ControlRig_Octagon_solid.ubulk" 453
"../../../Engine/Plugins/Animation/ControlRig/Content/Controls/ControlRig_Octagon_solid.uasset" 454
"../../../Engine/Plugins/Animation/ControlRig/Content/Controls/ControlRig_Octagon_solid.uexp" 455
"../../../Engine/Plugins/Interchange/Assets/Content/Functions/MX_Surface.uasset" 456
"../../../Engine/Plugins/Interchange/Assets/Content/Functions/MX_Surface.uexp" 457
"../../../Engine/Content/EngineResources/DefaultTextureCube.uasset" 458
"../../../Engine/Content/EngineResources/DefaultTextureCube.uexp" 459
"../../../Engine/Plugins/Interchange/Assets/Content/Functions/MX_SurfaceUnlit.uasset" 460
"../../../Engine/Plugins/Interchange/Assets/Content/Functions/MX_SurfaceUnlit.uexp" 461
"../../../Engine/Plugins/Animation/ControlRig/Content/Controls/ControlRig_Pyramid_1mm.ubulk" 462
"../../../Engine/Plugins/Animation/ControlRig/Content/Controls/ControlRig_Pyramid_1mm.uasset" 463
"../../../Engine/Plugins/Animation/ControlRig/Content/Controls/ControlRig_Pyramid_1mm.uexp" 464
"../../../Engine/Plugins/Animation/ControlRig/Content/Controls/ControlRig_Pyramid_3mm.ubulk" 465
"../../../Engine/Plugins/Animation/ControlRig/Content/Controls/ControlRig_Pyramid_3mm.uasset" 466
"../../../Engine/Plugins/Animation/ControlRig/Content/Controls/ControlRig_Pyramid_3mm.uexp" 467
"../../../Engine/Plugins/Interchange/Assets/Content/Functions/MX_TranslucentBSDF.uasset" 468
"../../../Engine/Plugins/Interchange/Assets/Content/Functions/MX_TranslucentBSDF.uexp" 469
"../../../Engine/Plugins/Animation/ControlRig/Content/Controls/ControlRig_Pyramid_solid.ubulk" 470
"../../../Engine/Plugins/Animation/ControlRig/Content/Controls/ControlRig_Pyramid_solid.uasset" 471
"../../../Engine/Plugins/Animation/ControlRig/Content/Controls/ControlRig_Pyramid_solid.uexp" 472
"../../../Engine/Content/EditorResources/S_Solver.ubulk" 473
"../../../Engine/Content/EditorResources/S_Solver.uasset" 474
"../../../Engine/Content/EditorResources/S_Solver.uexp" 475
"../../../Engine/Plugins/Animation/ControlRig/Content/Controls/ControlRig_QuarterCircle_1mm.ubulk" 476
"../../../Engine/Plugins/Animation/ControlRig/Content/Controls/ControlRig_QuarterCircle_1mm.uasset" 477
"../../../Engine/Plugins/Animation/ControlRig/Content/Controls/ControlRig_QuarterCircle_1mm.uexp" 478
"../../../Engine/Content/EditorResources/S_Terrain.ubulk" 479
"../../../Engine/Content/EditorResources/S_Terrain.uasset" 480
"../../../Engine/Content/EditorResources/S_Terrain.uexp" 481
"../../../Engine/Content/EngineResources/GradientTexture0.uasset" 482
"../../../Engine/Content/EngineResources/GradientTexture0.uexp" 483
"../../../Engine/Plugins/Interchange/Assets/Content/Functions/MX_UniformEDF.uasset" 484
"../../../Engine/Plugins/Interchange/Assets/Content/Functions/MX_UniformEDF.uexp" 485
"../../../Engine/Plugins/Animation/ControlRig/Content/Controls/ControlRig_QuarterCircle_3mm.ubulk" 486
"../../../Engine/Plugins/Animation/ControlRig/Content/Controls/ControlRig_QuarterCircle_3mm.uasset" 487
"../../../Engine/Plugins/Animation/ControlRig/Content/Controls/ControlRig_QuarterCircle_3mm.uexp" 488
"../../../Engine/Plugins/Interchange/Assets/Content/Functions/MX_UsdPreviewSurface.uasset" 489
"../../../Engine/Plugins/Interchange/Assets/Content/Functions/MX_UsdPreviewSurface.uexp" 490
"../../../Engine/Plugins/Animation/ControlRig/Content/Controls/ControlRig_QuarterCircle_solid.ubulk" 491
"../../../Engine/Plugins/Animation/ControlRig/Content/Controls/ControlRig_QuarterCircle_solid.uasset" 492
"../../../Engine/Plugins/Animation/ControlRig/Content/Controls/ControlRig_QuarterCircle_solid.uexp" 493
"../../../Engine/Plugins/Animation/ControlRig/Content/Controls/ControlRig_RoundedSquare_1mm.ubulk" 494
"../../../Engine/Plugins/Animation/ControlRig/Content/Controls/ControlRig_RoundedSquare_1mm.uasset" 495
"../../../Engine/Plugins/Animation/ControlRig/Content/Controls/ControlRig_RoundedSquare_1mm.uexp" 496
"../../../Engine/Content/EditorResources/S_Trigger.ubulk" 497
"../../../Engine/Content/EditorResources/S_Trigger.uasset" 498
"../../../Engine/Content/EditorResources/S_Trigger.uexp" 499
"../../../Engine/Plugins/Animation/ControlRig/Content/Controls/ControlRig_RoundedSquare_3mm.ubulk" 500
"../../../Engine/Plugins/Animation/ControlRig/Content/Controls/ControlRig_RoundedSquare_3mm.uasset" 501
"../../../Engine/Plugins/Animation/ControlRig/Content/Controls/ControlRig_RoundedSquare_3mm.uexp" 502
"../../../Engine/Content/EditorResources/S_TriggerBox.uasset" 503
"../../../Engine/Content/EditorResources/S_TriggerBox.uexp" 504
"../../../Engine/Content/EditorResources/S_TriggerCapsule.uasset" 505
"../../../Engine/Content/EditorResources/S_TriggerCapsule.uexp" 506
"../../../Engine/Plugins/Animation/ControlRig/Content/Controls/ControlRig_RoundedSquare_solid.ubulk" 507
"../../../Engine/Plugins/Animation/ControlRig/Content/Controls/ControlRig_RoundedSquare_solid.uasset" 508
"../../../Engine/Plugins/Animation/ControlRig/Content/Controls/ControlRig_RoundedSquare_solid.uexp" 509
"../../../Engine/Content/EngineResources/LandscapeVisibilityLayerInfo.uasset" 510
"../../../Engine/Content/EngineResources/LandscapeVisibilityLayerInfo.uexp" 511
"../../../Engine/Content/EditorResources/S_TriggerSphere.uasset" 512
"../../../Engine/Content/EditorResources/S_TriggerSphere.uexp" 513
"../../../Engine/Plugins/Animation/ControlRig/Content/Controls/ControlRig_RoundedTriangle_1mm.ubulk" 514
"../../../Engine/Plugins/Animation/ControlRig/Content/Controls/ControlRig_RoundedTriangle_1mm.uasset" 515
"../../../Engine/Plugins/Animation/ControlRig/Content/Controls/ControlRig_RoundedTriangle_1mm.uexp" 516
"../../../Engine/Plugins/Animation/ControlRig/Content/Controls/ControlRig_RoundedTriangle_3mm.ubulk" 517
"../../../Engine/Plugins/Animation/ControlRig/Content/Controls/ControlRig_RoundedTriangle_3mm.uasset" 518
"../../../Engine/Plugins/Animation/ControlRig/Content/Controls/ControlRig_RoundedTriangle_3mm.uexp" 519
"../../../Engine/Plugins/Animation/ControlRig/Content/Controls/ControlRig_RoundedTriangle_solid.ubulk" 520
"../../../Engine/Plugins/Animation/ControlRig/Content/Controls/ControlRig_RoundedTriangle_solid.uasset" 521
"../../../Engine/Plugins/Animation/ControlRig/Content/Controls/ControlRig_RoundedTriangle_solid.uexp" 522
"../../../Engine/Plugins/Animation/ControlRig/Content/Controls/ControlRig_Sphere_1mm.ubulk" 523
"../../../Engine/Plugins/Animation/ControlRig/Content/Controls/ControlRig_Sphere_1mm.uasset" 524
"../../../Engine/Plugins/Animation/ControlRig/Content/Controls/ControlRig_Sphere_1mm.uexp" 525
"../../../Engine/Plugins/Animation/ControlRig/Content/Controls/ControlRig_Sphere_3mm.ubulk" 526
"../../../Engine/Plugins/Animation/ControlRig/Content/Controls/ControlRig_Sphere_3mm.uasset" 527
"../../../Engine/Plugins/Animation/ControlRig/Content/Controls/ControlRig_Sphere_3mm.uexp" 528
"../../../Engine/Plugins/Animation/ControlRig/Content/Controls/ControlRig_Sphere_solid.ubulk" 529
"../../../Engine/Plugins/Animation/ControlRig/Content/Controls/ControlRig_Sphere_solid.uasset" 530
"../../../Engine/Plugins/Animation/ControlRig/Content/Controls/ControlRig_Sphere_solid.uexp" 531
"../../../Engine/Plugins/Animation/ControlRig/Content/Controls/ControlRig_Square_1mm.ubulk" 532
"../../../Engine/Plugins/Animation/ControlRig/Content/Controls/ControlRig_Square_1mm.uasset" 533
"../../../Engine/Plugins/Animation/ControlRig/Content/Controls/ControlRig_Square_1mm.uexp" 534
"../../../Engine/Plugins/Animation/ControlRig/Content/Controls/ControlRig_Square_3mm.ubulk" 535
"../../../Engine/Plugins/Animation/ControlRig/Content/Controls/ControlRig_Square_3mm.uasset" 536
"../../../Engine/Plugins/Animation/ControlRig/Content/Controls/ControlRig_Square_3mm.uexp" 537
"../../../Engine/Plugins/Animation/ControlRig/Content/Controls/ControlRig_Square_solid.ubulk" 538
"../../../Engine/Plugins/Animation/ControlRig/Content/Controls/ControlRig_Square_solid.uasset" 539
"../../../Engine/Plugins/Animation/ControlRig/Content/Controls/ControlRig_Square_solid.uexp" 540
"../../../Engine/Content/EngineDamageTypes/DmgTypeBP_Environmental.uasset" 541
"../../../Engine/Content/EngineDamageTypes/DmgTypeBP_Environmental.uexp" 542
"../../../Engine/Plugins/Animation/ControlRig/Content/Controls/ControlRig_Star4_1mm.ubulk" 543
"../../../Engine/Plugins/Animation/ControlRig/Content/Controls/ControlRig_Star4_1mm.uasset" 544
"../../../Engine/Plugins/Animation/ControlRig/Content/Controls/ControlRig_Star4_1mm.uexp" 545
"../../../Engine/Plugins/Runtime/AudioWidgets/Content/Resources/ScrubHandleDown_Clamped.uasset" 546
"../../../Engine/Plugins/Runtime/AudioWidgets/Content/Resources/ScrubHandleDown_Clamped.uexp" 547
"../../../Engine/Plugins/Animation/ControlRig/Content/Controls/ControlRig_Star4_3mm.ubulk" 548
"../../../Engine/Plugins/Animation/ControlRig/Content/Controls/ControlRig_Star4_3mm.uasset" 549
"../../../Engine/Plugins/Animation/ControlRig/Content/Controls/ControlRig_Star4_3mm.uexp" 550
"../../../Engine/Plugins/Animation/ControlRig/Content/Controls/ControlRig_Star4_solid.ubulk" 551
"../../../Engine/Plugins/Animation/ControlRig/Content/Controls/ControlRig_Star4_solid.uasset" 552
"../../../Engine/Plugins/Animation/ControlRig/Content/Controls/ControlRig_Star4_solid.uexp" 553
"../../../Engine/Plugins/Animation/ControlRig/Content/Controls/ControlRig_Triangle_1mm.ubulk" 554
"../../../Engine/Plugins/Animation/ControlRig/Content/Controls/ControlRig_Triangle_1mm.uasset" 555
"../../../Engine/Plugins/Animation/ControlRig/Content/Controls/ControlRig_Triangle_1mm.uexp" 556
"../../../Engine/Content/EditorResources/SequenceRecorder/Countdown.uasset" 557
"../../../Engine/Content/EditorResources/SequenceRecorder/Countdown.uexp" 558
"../../../Engine/Plugins/Animation/ControlRig/Content/Controls/ControlRig_Triangle_3mm.ubulk" 559
"../../../Engine/Plugins/Animation/ControlRig/Content/Controls/ControlRig_Triangle_3mm.uasset" 560
"../../../Engine/Plugins/Animation/ControlRig/Content/Controls/ControlRig_Triangle_3mm.uexp" 561
"../../../Engine/Content/EditorResources/SequenceRecorder/RecordingIndicator.uasset" 562
"../../../Engine/Content/EditorResources/SequenceRecorder/RecordingIndicator.uexp" 563
"../../../Engine/Plugins/Animation/ControlRig/Content/Controls/ControlRig_Triangle_solid.ubulk" 564
"../../../Engine/Plugins/Animation/ControlRig/Content/Controls/ControlRig_Triangle_solid.uasset" 565
"../../../Engine/Plugins/Animation/ControlRig/Content/Controls/ControlRig_Triangle_solid.uexp" 566
"../../../Engine/Plugins/Animation/ControlRig/Content/Controls/ControlRig_Wedge_1mm.ubulk" 567
"../../../Engine/Plugins/Animation/ControlRig/Content/Controls/ControlRig_Wedge_1mm.uasset" 568
"../../../Engine/Plugins/Animation/ControlRig/Content/Controls/ControlRig_Wedge_1mm.uexp" 569
"../../../Engine/Plugins/Animation/ControlRig/Content/Controls/ControlRig_Wedge_3mm.ubulk" 570
"../../../Engine/Plugins/Animation/ControlRig/Content/Controls/ControlRig_Wedge_3mm.uasset" 571
"../../../Engine/Plugins/Animation/ControlRig/Content/Controls/ControlRig_Wedge_3mm.uexp" 572
"../../../Engine/Plugins/Animation/ControlRig/Content/Controls/ControlRig_Wedge_solid.ubulk" 573
"../../../Engine/Plugins/Animation/ControlRig/Content/Controls/ControlRig_Wedge_solid.uasset" 574
"../../../Engine/Plugins/Animation/ControlRig/Content/Controls/ControlRig_Wedge_solid.uexp" 575
"../../../Engine/Plugins/Interchange/Assets/Content/Functions/MX_AbsorptionVDF.uasset" 576
"../../../Engine/Plugins/Interchange/Assets/Content/Functions/MX_AbsorptionVDF.uexp" 577
"../../../Engine/Plugins/Interchange/Assets/Content/Functions/MX_AnisotropicVDF.uasset" 578
"../../../Engine/Plugins/Interchange/Assets/Content/Functions/MX_AnisotropicVDF.uexp" 579
"../../../Engine/Plugins/Interchange/Assets/Content/Functions/MX_BurleyDiffuseBSDF.uasset" 580
"../../../Engine/Plugins/Interchange/Assets/Content/Functions/MX_BurleyDiffuseBSDF.uexp" 581
"../../../Engine/Content/EditorMaterials/Dataflow/DataflowTwoSidedVertexMaterial.uasset" 582
"../../../Engine/Content/EditorMaterials/Dataflow/DataflowTwoSidedVertexMaterial.uexp" 583
"../../../Engine/Content/EditorMaterials/Dataflow/DataflowVertexMaterial.uasset" 584
"../../../Engine/Content/EditorMaterials/Dataflow/DataflowVertexMaterial.uexp" 585
"../../../Engine/Content/EngineMaterials/EnergyConservation/Diffuse_Energy.uasset" 586
"../../../Engine/Content/EngineMaterials/EnergyConservation/Diffuse_Energy.uexp" 587
"../../../Engine/Content/EngineMaterials/EnergyConservation/GGX_ReflectionEnergy.uasset" 588
"../../../Engine/Content/EngineMaterials/EnergyConservation/GGX_ReflectionEnergy.uexp" 589
"../../../Engine/Content/EngineMaterials/EnergyConservation/GGX_TransmissionEnergyArray.uasset" 590
"../../../Engine/Content/EngineMaterials/EnergyConservation/GGX_TransmissionEnergyArray.uexp" 591
"../../../Engine/Content/EngineMaterials/EnergyConservation/SheenLegacy_Energy.uasset" 592
"../../../Engine/Content/EngineMaterials/EnergyConservation/SheenLegacy_Energy.uexp" 593
"../../../Engine/Content/EngineMaterials/EnergyConservation/Sheen_Energy.uasset" 594
"../../../Engine/Content/EngineMaterials/EnergyConservation/Sheen_Energy.uexp" 595
"../../../Engine/Content/EngineMaterials/LTC/GGX_LTCAmp.uasset" 596
"../../../Engine/Content/EngineMaterials/LTC/GGX_LTCAmp.uexp" 597
"../../../Engine/Content/EngineMaterials/LTC/GGX_LTCMat.uasset" 598
"../../../Engine/Content/EngineMaterials/LTC/GGX_LTCMat.uexp" 599
"../../../Engine/Plugins/Runtime/HairStrands/Content/Materials/HairCardsDefaultMaterial.uasset" 600
"../../../Engine/Plugins/Runtime/HairStrands/Content/Materials/HairCardsDefaultMaterial.uexp" 601
"../../../Engine/Content/EngineMaterials/LTC/Sheen_LTC.uasset" 602
"../../../Engine/Content/EngineMaterials/LTC/Sheen_LTC.uexp" 603
"../../../Engine/Content/Functions/Engine_MaterialFunctions02/Utility/MakeFloat2.uasset" 604
"../../../Engine/Content/Functions/Engine_MaterialFunctions02/Utility/MakeFloat2.uexp" 605
"../../../Engine/Content/EngineMaterials/HairColorMap.uasset" 606
"../../../Engine/Content/EngineMaterials/HairColorMap.uexp" 607
"../../../Engine/Content/EngineMaterials/HairDebugColor.uasset" 608
"../../../Engine/Content/EngineMaterials/HairDebugColor.uexp" 609
"../../../Engine/Plugins/Runtime/HairStrands/Content/Materials/HairGroupColors.uasset" 610
"../../../Engine/Plugins/Runtime/HairStrands/Content/Materials/HairGroupColors.uexp" 611
"../../../Engine/Plugins/Runtime/HairStrands/Content/Materials/HairDebugMaterial.uasset" 612
"../../../Engine/Plugins/Runtime/HairStrands/Content/Materials/HairDebugMaterial.uexp" 613
"../../../Engine/Plugins/Runtime/HairStrands/Content/Materials/HairDefaultMaterial.uasset" 614
"../../../Engine/Plugins/Runtime/HairStrands/Content/Materials/HairDefaultMaterial.uexp" 615
"../../../Engine/Plugins/Interchange/Assets/Content/Substrate/MX_SimpleVolume.uasset" 616
"../../../Engine/Plugins/Interchange/Assets/Content/Substrate/MX_SimpleVolume.uexp" 617
"../../../Engine/Plugins/Runtime/HairStrands/Content/Materials/HairMeshesDefaultMaterial.uasset" 618
"../../../Engine/Plugins/Runtime/HairStrands/Content/Materials/HairMeshesDefaultMaterial.uexp" 619
"../../../Engine/Content/EngineResources/Development/ZenLogo_64.uasset" 620
"../../../Engine/Content/EngineResources/Development/ZenLogo_64.uexp" 621
"../../../Engine/Content/EngineResources/FilmGrains/Marcie_Grain_v3_128_M2_000.uasset" 622
"../../../Engine/Content/EngineResources/FilmGrains/Marcie_Grain_v3_128_M2_000.uexp" 623
"../../../Engine/Content/VREditor/TransformGizmo/BoundingBoxCorner.ubulk" 624
"../../../Engine/Content/VREditor/TransformGizmo/BoundingBoxCorner.uasset" 625
"../../../Engine/Content/VREditor/TransformGizmo/BoundingBoxCorner.uexp" 626
"../../../Engine/Content/VREditor/TransformGizmo/BoundingBoxEdge.ubulk" 627
"../../../Engine/Content/VREditor/TransformGizmo/BoundingBoxEdge.uasset" 628
"../../../Engine/Content/VREditor/TransformGizmo/BoundingBoxEdge.uexp" 629
"../../../Engine/Content/EditorMaterials/ParticleSystems/PSysThumbnail_NoImage.ubulk" 630
"../../../Engine/Content/EditorMaterials/ParticleSystems/PSysThumbnail_NoImage.uasset" 631
"../../../Engine/Content/EditorMaterials/ParticleSystems/PSysThumbnail_NoImage.uexp" 632
"../../../Engine/Content/EditorMaterials/ParticleSystems/PSysThumbnail_OOD.ubulk" 633
"../../../Engine/Content/EditorMaterials/ParticleSystems/PSysThumbnail_OOD.uasset" 634
"../../../Engine/Content/EditorMaterials/ParticleSystems/PSysThumbnail_OOD.uexp" 635
"../../../Engine/Content/EditorMaterials/Camera/CineMat.uasset" 636
"../../../Engine/Content/EditorMaterials/Camera/CineMat.uexp" 637
"../../../Engine/Content/EditorMaterials/Camera/MI_CineMat_Rig.uasset" 638
"../../../Engine/Content/EditorMaterials/Camera/MI_CineMat_Rig.uexp" 639
"../../../Engine/Content/EditorMeshes/Camera/SM_CraneRig_Arm.ubulk" 640
"../../../Engine/Content/EditorMeshes/Camera/SM_CraneRig_Arm.uasset" 641
"../../../Engine/Content/EditorMeshes/Camera/SM_CraneRig_Arm.uexp" 642
"../../../Engine/Content/EditorMeshes/Camera/SM_CraneRig_Base.ubulk" 643
"../../../Engine/Content/EditorMeshes/Camera/SM_CraneRig_Base.uasset" 644
"../../../Engine/Content/EditorMeshes/Camera/SM_CraneRig_Base.uexp" 645
"../../../Engine/Content/EditorMeshes/Camera/SM_CraneRig_Body.ubulk" 646
"../../../Engine/Content/EditorMeshes/Camera/SM_CraneRig_Body.uasset" 647
"../../../Engine/Content/EditorMeshes/Camera/SM_CraneRig_Body.uexp" 648
"../../../Engine/Content/EditorMeshes/Camera/SM_CraneRig_Mount.ubulk" 649
"../../../Engine/Content/EditorMeshes/Camera/SM_CraneRig_Mount.uasset" 650
"../../../Engine/Content/EditorMeshes/Camera/SM_CraneRig_Mount.uexp" 651
"../../../Engine/Content/EditorMeshes/Camera/SM_RailRig_Mount.ubulk" 652
"../../../Engine/Content/EditorMeshes/Camera/SM_RailRig_Mount.uasset" 653
"../../../Engine/Content/EditorMeshes/Camera/SM_RailRig_Mount.uexp" 654
"../../../Engine/Content/EditorMeshes/Camera/SM_RailRig_Track.ubulk" 655
"../../../Engine/Content/EditorMeshes/Camera/SM_RailRig_Track.uasset" 656
"../../../Engine/Content/EditorMeshes/Camera/SM_RailRig_Track.uexp" 657
"../../../Engine/Content/ArtTools/RenderToTexture/Meshes/S_1_Unit_Plane.ubulk" 658
"../../../Engine/Content/ArtTools/RenderToTexture/Meshes/S_1_Unit_Plane.uasset" 659
"../../../Engine/Content/ArtTools/RenderToTexture/Meshes/S_1_Unit_Plane.uexp" 660
"../../../Engine/Content/Functions/Engine_MaterialFunctions01/Texturing/FlattenNormal.uasset" 661
"../../../Engine/Content/Functions/Engine_MaterialFunctions01/Texturing/FlattenNormal.uexp" 662
"../../../Engine/Plugins/Interchange/Assets/Content/Utilities/New_LUT.uasset" 663
"../../../Engine/Plugins/Interchange/Assets/Content/Utilities/New_LUT.uexp" 664
"../../../Engine/Content/Functions/Engine_MaterialFunctions03/Math/RemapValueRange.uasset" 665
"../../../Engine/Content/Functions/Engine_MaterialFunctions03/Math/RemapValueRange.uexp" 666
"../../../Engine/Plugins/Interchange/Assets/Content/Functions/MF_Iridescence.uasset" 667
"../../../Engine/Plugins/Interchange/Assets/Content/Functions/MF_Iridescence.uexp" 668
"../../../Engine/Plugins/Interchange/Assets/Content/gltf/Textures/T_White_srgb.uasset" 669
"../../../Engine/Plugins/Interchange/Assets/Content/gltf/Textures/T_White_srgb.uexp" 670
"../../../Engine/Plugins/Interchange/Assets/Content/gltf/MaterialFunctions/MF_BaseColor.uasset" 671
"../../../Engine/Plugins/Interchange/Assets/Content/gltf/MaterialFunctions/MF_BaseColor.uexp" 672
"../../../Engine/Plugins/Interchange/Assets/Content/gltf/MaterialFunctions/MF_RotateNormals_TS.uasset" 673
"../../../Engine/Plugins/Interchange/Assets/Content/gltf/MaterialFunctions/MF_RotateNormals_TS.uexp" 674
"../../../Engine/Plugins/Interchange/Assets/Content/gltf/Textures/T_Generic_N.uasset" 675
"../../../Engine/Plugins/Interchange/Assets/Content/gltf/Textures/T_Generic_N.uexp" 676
"../../../Engine/Plugins/Interchange/Assets/Content/gltf/Textures/T_White_Linear.uasset" 677
"../../../Engine/Plugins/Interchange/Assets/Content/gltf/Textures/T_White_Linear.uexp" 678
"../../../Engine/Plugins/Interchange/Assets/Content/gltf/MaterialFunctions/MF_Clearcoat.uasset" 679
"../../../Engine/Plugins/Interchange/Assets/Content/gltf/MaterialFunctions/MF_Clearcoat.uexp" 680
"../../../Engine/Plugins/Interchange/Assets/Content/gltf/MaterialFunctions/MF_Emissive.uasset" 681
"../../../Engine/Plugins/Interchange/Assets/Content/gltf/MaterialFunctions/MF_Emissive.uexp" 682
"../../../Engine/Plugins/Interchange/Assets/Content/gltf/MaterialFunctions/MF_IOR.uasset" 683
"../../../Engine/Plugins/Interchange/Assets/Content/gltf/MaterialFunctions/MF_IOR.uexp" 684
"../../../Engine/Plugins/Interchange/Assets/Content/gltf/MaterialFunctions/MF_Iridescence.uasset" 685
"../../../Engine/Plugins/Interchange/Assets/Content/gltf/MaterialFunctions/MF_Iridescence.uexp" 686
"../../../Engine/Plugins/Interchange/Assets/Content/gltf/MaterialFunctions/MF_MetallicRoughness.uasset" 687
"../../../Engine/Plugins/Interchange/Assets/Content/gltf/MaterialFunctions/MF_MetallicRoughness.uexp" 688
"../../../Engine/Plugins/Interchange/Assets/Content/gltf/MaterialFunctions/MF_ScaleNormal.uasset" 689
"../../../Engine/Plugins/Interchange/Assets/Content/gltf/MaterialFunctions/MF_ScaleNormal.uexp" 690
"../../../Engine/Plugins/Interchange/Assets/Content/gltf/MaterialFunctions/MF_Normals.uasset" 691
"../../../Engine/Plugins/Interchange/Assets/Content/gltf/MaterialFunctions/MF_Normals.uexp" 692
"../../../Engine/Plugins/Interchange/Assets/Content/gltf/MaterialFunctions/MF_Occlusion.uasset" 693
"../../../Engine/Plugins/Interchange/Assets/Content/gltf/MaterialFunctions/MF_Occlusion.uexp" 694
"../../../Engine/Plugins/Interchange/Assets/Content/gltf/MaterialFunctions/MF_Specular.uasset" 695
"../../../Engine/Plugins/Interchange/Assets/Content/gltf/MaterialFunctions/MF_Specular.uexp" 696
"../../../Engine/Plugins/Interchange/Assets/Content/gltf/Textures/T_Anisotropy_Direction_Linear.uasset" 697
"../../../Engine/Plugins/Interchange/Assets/Content/gltf/Textures/T_Anisotropy_Direction_Linear.uexp" 698
"../../../Engine/Plugins/Interchange/Assets/Content/gltf/MaterialFunctions/MF_SpecularAnisotropy.uasset" 699
"../../../Engine/Plugins/Interchange/Assets/Content/gltf/MaterialFunctions/MF_SpecularAnisotropy.uexp" 700
"../../../Engine/Plugins/Interchange/Assets/Content/gltf/MaterialFunctions/MF_RotateV2.uasset" 701
"../../../Engine/Plugins/Interchange/Assets/Content/gltf/MaterialFunctions/MF_RotateV2.uexp" 702
"../../../Engine/Plugins/Interchange/Assets/Content/gltf/MaterialFunctions/MF_TransformUVs.uasset" 703
"../../../Engine/Plugins/Interchange/Assets/Content/gltf/MaterialFunctions/MF_TransformUVs.uexp" 704
"../../../Engine/Plugins/Interchange/Assets/Content/gltf/MaterialBodies/MF_ClearCoat_Body.uasset" 705
"../../../Engine/Plugins/Interchange/Assets/Content/gltf/MaterialBodies/MF_ClearCoat_Body.uexp" 706
"../../../Engine/Plugins/Interchange/Assets/Content/gltf/M_ClearCoat.uasset" 707
"../../../Engine/Plugins/Interchange/Assets/Content/gltf/M_ClearCoat.uexp" 708
"../../../Engine/Plugins/Interchange/Assets/Content/gltf/MaterialInstances/MI_ClearCoat_Blend.uasset" 709
"../../../Engine/Plugins/Interchange/Assets/Content/gltf/MaterialInstances/MI_ClearCoat_Blend.uexp" 710
"../../../Engine/Plugins/Interchange/Assets/Content/gltf/MaterialInstances/MI_ClearCoat_Blend_DS.uasset" 711
"../../../Engine/Plugins/Interchange/Assets/Content/gltf/MaterialInstances/MI_ClearCoat_Blend_DS.uexp" 712
"../../../Engine/Plugins/Interchange/Assets/Content/gltf/MaterialInstances/MI_ClearCoat_Mask.uasset" 713
"../../../Engine/Plugins/Interchange/Assets/Content/gltf/MaterialInstances/MI_ClearCoat_Mask.uexp" 714
"../../../Engine/Plugins/Interchange/Assets/Content/gltf/MaterialInstances/MI_ClearCoat_Mask_DS.uasset" 715
"../../../Engine/Plugins/Interchange/Assets/Content/gltf/MaterialInstances/MI_ClearCoat_Mask_DS.uexp" 716
"../../../Engine/Plugins/Interchange/Assets/Content/gltf/MaterialInstances/MI_ClearCoat_Opaque.uasset" 717
"../../../Engine/Plugins/Interchange/Assets/Content/gltf/MaterialInstances/MI_ClearCoat_Opaque.uexp" 718
"../../../Engine/Plugins/Interchange/Assets/Content/gltf/MaterialInstances/MI_ClearCoat_Opaque_DS.uasset" 719
"../../../Engine/Plugins/Interchange/Assets/Content/gltf/MaterialInstances/MI_ClearCoat_Opaque_DS.uexp" 720
"../../../Engine/Plugins/Interchange/Assets/Content/gltf/MaterialBodies/MF_Default_Body.uasset" 721
"../../../Engine/Plugins/Interchange/Assets/Content/gltf/MaterialBodies/MF_Default_Body.uexp" 722
"../../../Engine/Plugins/Interchange/Assets/Content/gltf/M_Default.uasset" 723
"../../../Engine/Plugins/Interchange/Assets/Content/gltf/M_Default.uexp" 724
"../../../Engine/Plugins/Interchange/Assets/Content/gltf/MaterialInstances/MI_Default_Blend.uasset" 725
"../../../Engine/Plugins/Interchange/Assets/Content/gltf/MaterialInstances/MI_Default_Blend.uexp" 726
"../../../Engine/Plugins/Interchange/Assets/Content/gltf/MaterialInstances/MI_Default_Blend_DS.uasset" 727
"../../../Engine/Plugins/Interchange/Assets/Content/gltf/MaterialInstances/MI_Default_Blend_DS.uexp" 728
"../../../Engine/Plugins/Interchange/Assets/Content/gltf/MaterialInstances/MI_Default_Mask.uasset" 729
"../../../Engine/Plugins/Interchange/Assets/Content/gltf/MaterialInstances/MI_Default_Mask.uexp" 730
"../../../Engine/Plugins/Interchange/Assets/Content/gltf/MaterialInstances/MI_Default_Mask_DS.uasset" 731
"../../../Engine/Plugins/Interchange/Assets/Content/gltf/MaterialInstances/MI_Default_Mask_DS.uexp" 732
"../../../Engine/Plugins/Interchange/Assets/Content/gltf/MaterialInstances/MI_Default_Opaque.uasset" 733
"../../../Engine/Plugins/Interchange/Assets/Content/gltf/MaterialInstances/MI_Default_Opaque.uexp" 734
"../../../Engine/Plugins/Interchange/Assets/Content/gltf/MaterialInstances/MI_Default_Opaque_DS.uasset" 735
"../../../Engine/Plugins/Interchange/Assets/Content/gltf/MaterialInstances/MI_Default_Opaque_DS.uexp" 736
"../../../Engine/Plugins/Interchange/Assets/Content/gltf/MaterialFunctions/MF_Sheen.uasset" 737
"../../../Engine/Plugins/Interchange/Assets/Content/gltf/MaterialFunctions/MF_Sheen.uexp" 738
"../../../Engine/Plugins/Interchange/Assets/Content/gltf/MaterialBodies/MF_Sheen_Body.uasset" 739
"../../../Engine/Plugins/Interchange/Assets/Content/gltf/MaterialBodies/MF_Sheen_Body.uexp" 740
"../../../Engine/Plugins/Interchange/Assets/Content/gltf/M_Sheen.uasset" 741
"../../../Engine/Plugins/Interchange/Assets/Content/gltf/M_Sheen.uexp" 742
"../../../Engine/Plugins/Interchange/Assets/Content/gltf/MaterialInstances/MI_Sheen_Blend.uasset" 743
"../../../Engine/Plugins/Interchange/Assets/Content/gltf/MaterialInstances/MI_Sheen_Blend.uexp" 744
"../../../Engine/Plugins/Interchange/Assets/Content/gltf/MaterialInstances/MI_Sheen_Blend_DS.uasset" 745
"../../../Engine/Plugins/Interchange/Assets/Content/gltf/MaterialInstances/MI_Sheen_Blend_DS.uexp" 746
"../../../Engine/Plugins/Interchange/Assets/Content/gltf/MaterialInstances/MI_Sheen_Mask.uasset" 747
"../../../Engine/Plugins/Interchange/Assets/Content/gltf/MaterialInstances/MI_Sheen_Mask.uexp" 748
"../../../Engine/Plugins/Interchange/Assets/Content/gltf/MaterialInstances/MI_Sheen_Mask_DS.uasset" 749
"../../../Engine/Plugins/Interchange/Assets/Content/gltf/MaterialInstances/MI_Sheen_Mask_DS.uexp" 750
"../../../Engine/Plugins/Interchange/Assets/Content/gltf/MaterialInstances/MI_Sheen_Opaque.uasset" 751
"../../../Engine/Plugins/Interchange/Assets/Content/gltf/MaterialInstances/MI_Sheen_Opaque.uexp" 752
"../../../Engine/Plugins/Interchange/Assets/Content/gltf/MaterialInstances/MI_Sheen_Opaque_DS.uasset" 753
"../../../Engine/Plugins/Interchange/Assets/Content/gltf/MaterialInstances/MI_Sheen_Opaque_DS.uexp" 754
"../../../Engine/Plugins/Interchange/Assets/Content/gltf/MaterialFunctions/MF_DiffuseSpecGloss.uasset" 755
"../../../Engine/Plugins/Interchange/Assets/Content/gltf/MaterialFunctions/MF_DiffuseSpecGloss.uexp" 756
"../../../Engine/Plugins/Interchange/Assets/Content/gltf/MaterialFunctions/MF_MaxComponentValue.uasset" 757
"../../../Engine/Plugins/Interchange/Assets/Content/gltf/MaterialFunctions/MF_MaxComponentValue.uexp" 758
"../../../Engine/Content/Functions/Engine_MaterialFunctions02/Math/AddComponents.uasset" 759
"../../../Engine/Content/Functions/Engine_MaterialFunctions02/Math/AddComponents.uexp" 760
"../../../Engine/Plugins/Interchange/Assets/Content/gltf/MaterialFunctions/MF_PerceivedBrightness.uasset" 761
"../../../Engine/Plugins/Interchange/Assets/Content/gltf/MaterialFunctions/MF_PerceivedBrightness.uexp" 762
"../../../Engine/Plugins/Interchange/Assets/Content/gltf/MaterialFunctions/MF_SpecGlossToMetalRoughness.uasset" 763
"../../../Engine/Plugins/Interchange/Assets/Content/gltf/MaterialFunctions/MF_SpecGlossToMetalRoughness.uexp" 764
"../../../Engine/Plugins/Interchange/Assets/Content/gltf/MaterialBodies/MF_SpecularGlossiness_Body.uasset" 765
"../../../Engine/Plugins/Interchange/Assets/Content/gltf/MaterialBodies/MF_SpecularGlossiness_Body.uexp" 766
"../../../Engine/Plugins/Interchange/Assets/Content/gltf/M_SpecularGlossiness.uasset" 767
"../../../Engine/Plugins/Interchange/Assets/Content/gltf/M_SpecularGlossiness.uexp" 768
"../../../Engine/Plugins/Interchange/Assets/Content/gltf/MaterialInstances/MI_SpecularGlossiness_Blend.uasset" 769
"../../../Engine/Plugins/Interchange/Assets/Content/gltf/MaterialInstances/MI_SpecularGlossiness_Blend.uexp" 770
"../../../Engine/Plugins/Interchange/Assets/Content/gltf/MaterialInstances/MI_SpecularGlossiness_Blend_DS.uasset" 771
"../../../Engine/Plugins/Interchange/Assets/Content/gltf/MaterialInstances/MI_SpecularGlossiness_Blend_DS.uexp" 772
"../../../Engine/Plugins/Interchange/Assets/Content/gltf/MaterialInstances/MI_SpecularGlossiness_Mask.uasset" 773
"../../../Engine/Plugins/Interchange/Assets/Content/gltf/MaterialInstances/MI_SpecularGlossiness_Mask.uexp" 774
"../../../Engine/Plugins/Animation/DeformerGraph/Content/DeformerFunctions/DG_Function_LinearBlendSkin_Morph_Cloth.uasset" 775
"../../../Engine/Plugins/Animation/DeformerGraph/Content/DeformerFunctions/DG_Function_LinearBlendSkin_Morph_Cloth.uexp" 776
"../../../Engine/Plugins/Animation/DeformerGraph/Content/Deformers/DG_LinearBlendSkin_Morph_Cloth.uasset" 777
"../../../Engine/Plugins/Animation/DeformerGraph/Content/Deformers/DG_LinearBlendSkin_Morph_Cloth.uexp" 778
"../../../Engine/Plugins/Interchange/Assets/Content/gltf/MaterialInstances/MI_SpecularGlossiness_Mask_DS.uasset" 779
"../../../Engine/Plugins/Interchange/Assets/Content/gltf/MaterialInstances/MI_SpecularGlossiness_Mask_DS.uexp" 780
"../../../Engine/Plugins/Animation/DeformerGraph/Content/DeformerFunctions/DG_Function_ComputeNormalsTangents.uasset" 781
"../../../Engine/Plugins/Animation/DeformerGraph/Content/DeformerFunctions/DG_Function_ComputeNormalsTangents.uexp" 782
"../../../Engine/Plugins/Animation/DeformerGraph/Content/DeformerFunctions/DG_Function_LinearBlendSkin_Morph_Cloth_PositionOnly.uasset" 783
"../../../Engine/Plugins/Animation/DeformerGraph/Content/DeformerFunctions/DG_Function_LinearBlendSkin_Morph_Cloth_PositionOnly.uexp" 784
"../../../Engine/Plugins/Animation/DeformerGraph/Content/Deformers/DG_LinearBlendSkin_Morph_Cloth_RecomputeNormals.uasset" 785
"../../../Engine/Plugins/Animation/DeformerGraph/Content/Deformers/DG_LinearBlendSkin_Morph_Cloth_RecomputeNormals.uexp" 786
"../../../Engine/Plugins/Interchange/Assets/Content/gltf/MaterialInstances/MI_SpecularGlossiness_Opaque.uasset" 787
"../../../Engine/Plugins/Interchange/Assets/Content/gltf/MaterialInstances/MI_SpecularGlossiness_Opaque.uexp" 788
"../../../Engine/Content/EngineMaterials/Substrate/GLints/AGlintTex2dArray.uasset" 789
"../../../Engine/Content/EngineMaterials/Substrate/GLints/AGlintTex2dArray.uexp" 790
"../../../Engine/Plugins/Interchange/Assets/Content/gltf/MaterialInstances/MI_SpecularGlossiness_Opaque_DS.uasset" 791
"../../../Engine/Plugins/Interchange/Assets/Content/gltf/MaterialInstances/MI_SpecularGlossiness_Opaque_DS.uexp" 792
"../../../Engine/Content/EngineMaterials/Good64x64TilingNoiseHighFreq.uasset" 793
"../../../Engine/Content/EngineMaterials/Good64x64TilingNoiseHighFreq.uexp" 794
"../../../Engine/Content/Functions/Engine_MaterialFunctions02/Texturing/ScreenAlignedPixelToPixelUVs.uasset" 795
"../../../Engine/Content/Functions/Engine_MaterialFunctions02/Texturing/ScreenAlignedPixelToPixelUVs.uexp" 796
"../../../Engine/Plugins/Interchange/Assets/Content/gltf/MaterialFunctions/MF_Fresnel_DS.uasset" 797
"../../../Engine/Plugins/Interchange/Assets/Content/gltf/MaterialFunctions/MF_Fresnel_DS.uexp" 798
"../../../Engine/Plugins/Interchange/Assets/Content/gltf/MaterialFunctions/MF_Temporal_Blur.uasset" 799
"../../../Engine/Plugins/Interchange/Assets/Content/gltf/MaterialFunctions/MF_Temporal_Blur.uexp" 800
"../../../Engine/Plugins/Interchange/Assets/Content/gltf/MaterialFunctions/MF_Transmission.uasset" 801
"../../../Engine/Plugins/Interchange/Assets/Content/gltf/MaterialFunctions/MF_Transmission.uexp" 802
"../../../Engine/Plugins/Interchange/Assets/Content/gltf/MaterialBodies/MF_Transmission_Body.uasset" 803
"../../../Engine/Plugins/Interchange/Assets/Content/gltf/MaterialBodies/MF_Transmission_Body.uexp" 804
"../../../Engine/Plugins/Interchange/Assets/Content/gltf/M_Transmission.uasset" 805
"../../../Engine/Plugins/Interchange/Assets/Content/gltf/M_Transmission.uexp" 806
"../../../Engine/Plugins/Interchange/Assets/Content/gltf/MaterialInstances/MI_Transmission.uasset" 807
"../../../Engine/Plugins/Interchange/Assets/Content/gltf/MaterialInstances/MI_Transmission.uexp" 808
"../../../Engine/Plugins/Interchange/Assets/Content/gltf/MaterialInstances/MI_Transmission_DS.uasset" 809
"../../../Engine/Plugins/Interchange/Assets/Content/gltf/MaterialInstances/MI_Transmission_DS.uexp" 810
"../../../Engine/Plugins/Interchange/Assets/Content/gltf/MaterialBodies/MF_Unlit_Body.uasset" 811
"../../../Engine/Plugins/Interchange/Assets/Content/gltf/MaterialBodies/MF_Unlit_Body.uexp" 812
"../../../Engine/Plugins/Interchange/Assets/Content/gltf/M_Unlit.uasset" 813
"../../../Engine/Plugins/Interchange/Assets/Content/gltf/M_Unlit.uexp" 814
"../../../Engine/Plugins/Interchange/Assets/Content/gltf/MaterialInstances/MI_Unlit_Blend.uasset" 815
"../../../Engine/Plugins/Interchange/Assets/Content/gltf/MaterialInstances/MI_Unlit_Blend.uexp" 816
"../../../Engine/Plugins/Interchange/Assets/Content/gltf/MaterialInstances/MI_Unlit_Blend_DS.uasset" 817
"../../../Engine/Plugins/Interchange/Assets/Content/gltf/MaterialInstances/MI_Unlit_Blend_DS.uexp" 818
"../../../Engine/Plugins/Interchange/Assets/Content/gltf/MaterialInstances/MI_Unlit_Mask.uasset" 819
"../../../Engine/Plugins/Interchange/Assets/Content/gltf/MaterialInstances/MI_Unlit_Mask.uexp" 820
"../../../Engine/Plugins/Interchange/Assets/Content/gltf/MaterialInstances/MI_Unlit_Mask_DS.uasset" 821
"../../../Engine/Plugins/Interchange/Assets/Content/gltf/MaterialInstances/MI_Unlit_Mask_DS.uexp" 822
"../../../Engine/Content/Functions/Engine_MaterialFunctions02/WorldPositionOffset/ObjectScale.uasset" 823
"../../../Engine/Content/Functions/Engine_MaterialFunctions02/WorldPositionOffset/ObjectScale.uexp" 824
"../../../Engine/Plugins/Editor/SpeedTreeImporter/Content/SpeedTree9/Empty.uasset" 825
"../../../Engine/Plugins/Editor/SpeedTreeImporter/Content/SpeedTree9/Empty.uexp" 826
"../../../Engine/Plugins/Editor/SpeedTreeImporter/Content/SpeedTree9/EmptyNormal.uasset" 827
"../../../Engine/Plugins/Editor/SpeedTreeImporter/Content/SpeedTree9/EmptyNormal.uexp" 828
"../../../Engine/Plugins/Editor/SpeedTreeImporter/Content/SpeedTree9/game_wind_noise.ubulk" 829
"../../../Engine/Plugins/Editor/SpeedTreeImporter/Content/SpeedTree9/game_wind_noise.uasset" 830
"../../../Engine/Plugins/Editor/SpeedTreeImporter/Content/SpeedTree9/game_wind_noise.uexp" 831
"../../../Engine/Plugins/Editor/SpeedTreeImporter/Content/SpeedTree9/SpeedTreeBillboard.uasset" 832
"../../../Engine/Plugins/Editor/SpeedTreeImporter/Content/SpeedTree9/SpeedTreeBillboard.uexp" 833
"../../../Engine/Content/Functions/Engine_MaterialFunctions02/SafeNormalize.uasset" 834
"../../../Engine/Content/Functions/Engine_MaterialFunctions02/SafeNormalize.uexp" 835
"../../../Engine/Plugins/Editor/SpeedTreeImporter/Content/SpeedTree9/SpeedTreeWindMotion.uasset" 836
"../../../Engine/Plugins/Editor/SpeedTreeImporter/Content/SpeedTree9/SpeedTreeWindMotion.uexp" 837
"../../../Engine/Plugins/Editor/SpeedTreeImporter/Content/SpeedTree9/UnpackDirection.uasset" 838
"../../../Engine/Plugins/Editor/SpeedTreeImporter/Content/SpeedTree9/UnpackDirection.uexp" 839
"../../../Engine/Plugins/Editor/SpeedTreeImporter/Content/SpeedTree9/UnpackInteger3.uasset" 840
"../../../Engine/Plugins/Editor/SpeedTreeImporter/Content/SpeedTree9/UnpackInteger3.uexp" 841
"../../../Engine/Plugins/Editor/SpeedTreeImporter/Content/SpeedTree9/SpeedTreeBranchMotion.uasset" 842
"../../../Engine/Plugins/Editor/SpeedTreeImporter/Content/SpeedTree9/SpeedTreeBranchMotion.uexp" 843
"../../../Engine/Content/Functions/Engine_MaterialFunctions02/ObjectLocalBounds.uasset" 844
"../../../Engine/Content/Functions/Engine_MaterialFunctions02/ObjectLocalBounds.uexp" 845
"../../../Engine/Content/Functions/Engine_MaterialFunctions02/UVs/BoundingBoxBased_0-1_UVW.uasset" 846
"../../../Engine/Content/Functions/Engine_MaterialFunctions02/UVs/BoundingBoxBased_0-1_UVW.uexp" 847
"../../../Engine/Plugins/Editor/SpeedTreeImporter/Content/SpeedTree9/SpeedTreeWind.uasset" 848
"../../../Engine/Plugins/Editor/SpeedTreeImporter/Content/SpeedTree9/SpeedTreeWind.uexp" 849
"../../../Engine/Plugins/Editor/SpeedTreeImporter/Content/SpeedTree9/SpeedTreeBillboardMaster.uasset" 850
"../../../Engine/Plugins/Editor/SpeedTreeImporter/Content/SpeedTree9/SpeedTreeBillboardMaster.uexp" 851
"../../../Engine/Plugins/Editor/SpeedTreeImporter/Content/SpeedTree9/SpeedTreeCameraFacing.uasset" 852
"../../../Engine/Plugins/Editor/SpeedTreeImporter/Content/SpeedTree9/SpeedTreeCameraFacing.uexp" 853
"../../../Engine/Plugins/Editor/SpeedTreeImporter/Content/SpeedTree9/SpeedTreeMaster.uasset" 854
"../../../Engine/Plugins/Editor/SpeedTreeImporter/Content/SpeedTree9/SpeedTreeMaster.uexp" 855
"../../../Engine/Content/EngineMaterials/DefaultBloomKernel.uasset" 856
"../../../Engine/Content/EngineMaterials/DefaultBloomKernel.uexp" 857
"../../../Engine/Content/EngineMaterials/DefaultBokeh.uasset" 858
"../../../Engine/Content/EngineMaterials/DefaultBokeh.uexp" 859
"../../../Engine/Plugins/Interchange/Assets/Content/gltf/MaterialInstances/MI_Unlit_Opaque.uasset" 860
"../../../Engine/Plugins/Interchange/Assets/Content/gltf/MaterialInstances/MI_Unlit_Opaque.uexp" 861
"../../../Engine/Plugins/Interchange/Assets/Content/gltf/MaterialInstances/MI_Unlit_Opaque_DS.uasset" 862
"../../../Engine/Plugins/Interchange/Assets/Content/gltf/MaterialInstances/MI_Unlit_Opaque_DS.uexp" 863
"../../../Engine/Content/EngineMaterials/DefaultDeferredDecalMaterial.uasset" 864
"../../../Engine/Content/EngineMaterials/DefaultDeferredDecalMaterial.uexp" 865
"../../../Engine/Content/EngineMaterials/Substrate/Glints2/AGlintTex2dArray2.uasset" 866
"../../../Engine/Content/EngineMaterials/Substrate/Glints2/AGlintTex2dArray2.uexp" 867
"../../../Engine/Content/EngineMaterials/DefaultLightFunctionMaterial.uasset" 868
"../../../Engine/Content/EngineMaterials/DefaultLightFunctionMaterial.uexp" 869
"../../../Engine/Content/EngineMaterials/DefaultPostProcessMaterial.uasset" 870
"../../../Engine/Content/EngineMaterials/DefaultPostProcessMaterial.uexp" 871
"../../../Engine/Content/EngineFonts/RobotoDistanceField.uasset" 872
"../../../Engine/Content/EngineFonts/RobotoDistanceField.uexp" 873
"../../../Engine/Content/EngineMaterials/DefaultTextMaterialOpaque.uasset" 874
"../../../Engine/Content/EngineMaterials/DefaultTextMaterialOpaque.uexp" 875
"../../../Engine/Content/EngineMaterials/DefaultWhiteGrid.ubulk" 876
"../../../Engine/Content/EngineMaterials/DefaultWhiteGrid.uasset" 877
"../../../Engine/Content/EngineMaterials/DefaultWhiteGrid.uexp" 878
"../../../Engine/Content/EngineMaterials/DefaultWhiteGrid_Low.uasset" 879
"../../../Engine/Content/EngineMaterials/DefaultWhiteGrid_Low.uexp" 880
"../../../Engine/Content/EngineMaterials/EmissiveMeshMaterial.uasset" 881
"../../../Engine/Content/EngineMaterials/EmissiveMeshMaterial.uexp" 882
"../../../Engine/Content/EngineMaterials/FastBlueNoise_scalar_128x128x64.uasset" 883
"../../../Engine/Content/EngineMaterials/FastBlueNoise_scalar_128x128x64.uexp" 884
"../../../Engine/Content/EngineMaterials/FastBlueNoise_scalar_128x128x8.uasset" 885
"../../../Engine/Content/EngineMaterials/FastBlueNoise_scalar_128x128x8.uexp" 886
"../../../Engine/Content/EngineMaterials/FastBlueNoise_vec2_128x128x64.uasset" 887
"../../../Engine/Content/EngineMaterials/FastBlueNoise_vec2_128x128x64.uexp" 888
"../../../Engine/Content/EngineMaterials/BaseFlattenDiffuseMap.uasset" 889
"../../../Engine/Content/EngineMaterials/BaseFlattenDiffuseMap.uexp" 890
"../../../Engine/Content/EngineMaterials/BaseFlattenEmissiveMap.uasset" 891
"../../../Engine/Content/EngineMaterials/BaseFlattenEmissiveMap.uexp" 892
"../../../Engine/Content/EngineMaterials/BaseFlattenGrayscaleMap.uasset" 893
"../../../Engine/Content/EngineMaterials/BaseFlattenGrayscaleMap.uexp" 894
"../../../Engine/Content/EngineMaterials/BaseFlattenLinearColor.uasset" 895
"../../../Engine/Content/EngineMaterials/BaseFlattenLinearColor.uexp" 896
"../../../Engine/Content/EngineMaterials/BaseFlattenNormalMap.uasset" 897
"../../../Engine/Content/EngineMaterials/BaseFlattenNormalMap.uexp" 898
"../../../Engine/Content/Functions/Engine_MaterialFunctions02/PivotPainter2/Black_1x1_EXR_Texture.uasset" 899
"../../../Engine/Content/Functions/Engine_MaterialFunctions02/PivotPainter2/Black_1x1_EXR_Texture.uexp" 900
"../../../Engine/Content/EngineMaterials/FlattenMaterial.uasset" 901
"../../../Engine/Content/EngineMaterials/FlattenMaterial.uexp" 902
"../../../Engine/Content/EngineMaterials/BaseFlattenDiffuseMap_VT.ubulk" 903
"../../../Engine/Content/EngineMaterials/BaseFlattenDiffuseMap_VT.uasset" 904
"../../../Engine/Content/EngineMaterials/BaseFlattenDiffuseMap_VT.uexp" 905
"../../../Engine/Content/EngineMaterials/BaseFlattenEmissiveMap_VT.ubulk" 906
"../../../Engine/Content/EngineMaterials/BaseFlattenEmissiveMap_VT.uasset" 907
"../../../Engine/Content/EngineMaterials/BaseFlattenEmissiveMap_VT.uexp" 908
"../../../Engine/Content/EngineMaterials/BaseFlattenGrayscaleMap_VT.ubulk" 909
"../../../Engine/Content/EngineMaterials/BaseFlattenGrayscaleMap_VT.uasset" 910
"../../../Engine/Content/EngineMaterials/BaseFlattenGrayscaleMap_VT.uexp" 911
"../../../Engine/Content/EngineMaterials/BaseFlattenLinearColor_VT.ubulk" 912
"../../../Engine/Content/EngineMaterials/BaseFlattenLinearColor_VT.uasset" 913
"../../../Engine/Content/EngineMaterials/BaseFlattenLinearColor_VT.uexp" 914
"../../../Engine/Content/EngineMaterials/BaseFlattenNormalMap_VT.ubulk" 915
"../../../Engine/Content/EngineMaterials/BaseFlattenNormalMap_VT.uasset" 916
"../../../Engine/Content/EngineMaterials/BaseFlattenNormalMap_VT.uexp" 917
"../../../Engine/Content/EngineMaterials/Black_1x1_EXR_Texture_VT.ubulk" 918
"../../../Engine/Content/EngineMaterials/Black_1x1_EXR_Texture_VT.uasset" 919
"../../../Engine/Content/EngineMaterials/Black_1x1_EXR_Texture_VT.uexp" 920
"../../../Engine/Content/EngineMaterials/FlattenMaterial_VT.uasset" 921
"../../../Engine/Content/EngineMaterials/FlattenMaterial_VT.uexp" 922
"../../../Engine/Content/EngineMaterials/FlattenMaterial_WS_Normal_VT.uasset" 923
"../../../Engine/Content/EngineMaterials/FlattenMaterial_WS_Normal_VT.uexp" 924
"../../../Engine/Content/EngineMaterials/GizmoMaterial.uasset" 925
"../../../Engine/Content/EngineMaterials/GizmoMaterial.uexp" 926
"../../../Engine/Content/Functions/Engine_MaterialFunctions02/Math/ProjectVectorOntoPlane.uasset" 927
"../../../Engine/Content/Functions/Engine_MaterialFunctions02/Math/ProjectVectorOntoPlane.uexp" 928
"../../../Engine/Content/EngineMaterials/LineSetComponentMaterial.uasset" 929
"../../../Engine/Content/EngineMaterials/LineSetComponentMaterial.uexp" 930
"../../../Engine/Content/EngineMaterials/MiniFont.uasset" 931
"../../../Engine/Content/EngineMaterials/MiniFont.uexp" 932
"../../../Engine/Content/EngineMaterials/InvalidLightmapSettings.ubulk" 933
"../../../Engine/Content/EngineMaterials/InvalidLightmapSettings.uasset" 934
"../../../Engine/Content/EngineMaterials/InvalidLightmapSettings.uexp" 935
"../../../Engine/Content/EngineMaterials/M_InvalidLightmapSettings.uasset" 936
"../../../Engine/Content/EngineMaterials/M_InvalidLightmapSettings.uexp" 937
"../../../Engine/Content/EngineMaterials/NaniteHiddenSectionMaterial.uasset" 938
"../../../Engine/Content/EngineMaterials/NaniteHiddenSectionMaterial.uexp" 939
"../../../Engine/Content/EngineMaterials/Substrate/Volume/SubstrateSimpleVolumeEnvLUT3D.uasset" 940
"../../../Engine/Content/EngineMaterials/Substrate/Volume/SubstrateSimpleVolumeEnvLUT3D.uexp" 941
"../../../Engine/Content/Functions/Engine_MaterialFunctions01/Shading/ConvertFromDiffSpec.uasset" 942
"../../../Engine/Content/Functions/Engine_MaterialFunctions01/Shading/ConvertFromDiffSpec.uexp" 943
"../../../Engine/Content/EngineMaterials/Substrate/Volume/SubstrateSimpleVolumeLUT3D.uasset" 944
"../../../Engine/Content/EngineMaterials/Substrate/Volume/SubstrateSimpleVolumeLUT3D.uexp" 945
"../../../Engine/Content/Functions/Engine_MaterialFunctions01/Shading/PowerToRoughness.uasset" 946
"../../../Engine/Content/Functions/Engine_MaterialFunctions01/Shading/PowerToRoughness.uexp" 947
"C:/Users/Tsuki/Downloads/CatBurglar_david/CatBurglar/Content/Input/Actions/IA_Jump.uasset" 948
"C:/Users/Tsuki/Downloads/CatBurglar_david/CatBurglar/Content/Input/Actions/IA_Jump.uexp" 949
"C:/Users/Tsuki/Downloads/CatBurglar_david/CatBurglar/Content/Input/Actions/IA_Look.uasset" 950
"C:/Users/Tsuki/Downloads/CatBurglar_david/CatBurglar/Content/Input/Actions/IA_Look.uexp" 951
"C:/Users/Tsuki/Downloads/CatBurglar_david/CatBurglar/Content/Input/Actions/IA_Meow.uasset" 952
"C:/Users/Tsuki/Downloads/CatBurglar_david/CatBurglar/Content/Input/Actions/IA_Meow.uexp" 953
"C:/Users/Tsuki/Downloads/CatBurglar_david/CatBurglar/Content/Input/Actions/IA_Move.uasset" 954
"C:/Users/Tsuki/Downloads/CatBurglar_david/CatBurglar/Content/Input/Actions/IA_Move.uexp" 955
"C:/Users/Tsuki/Downloads/CatBurglar_david/CatBurglar/Content/Input/Actions/IA_Shadowball_Grenade.uasset" 956
"C:/Users/Tsuki/Downloads/CatBurglar_david/CatBurglar/Content/Input/Actions/IA_Shadowball_Grenade.uexp" 957
"C:/Users/Tsuki/Downloads/CatBurglar_david/CatBurglar/Content/Input/Actions/IA_Speed_Grenade.uasset" 958
"C:/Users/Tsuki/Downloads/CatBurglar_david/CatBurglar/Content/Input/Actions/IA_Speed_Grenade.uexp" 959
"C:/Users/Tsuki/Downloads/CatBurglar_david/CatBurglar/Content/Input/Actions/IA_MouseLook.uasset" 960
"C:/Users/Tsuki/Downloads/CatBurglar_david/CatBurglar/Content/Input/Actions/IA_MouseLook.uexp" 961
"C:/Users/Tsuki/Downloads/CatBurglar_david/CatBurglar/Content/_CaBurglar/BPI_Interact.uasset" 962
"C:/Users/Tsuki/Downloads/CatBurglar_david/CatBurglar/Content/_CaBurglar/BPI_Interact.uexp" 963
"../../../Engine/Plugins/FX/Niagara/Content/VectorFields/Assets/TilingCurl32.uasset" 964
"../../../Engine/Plugins/FX/Niagara/Content/VectorFields/Assets/TilingCurl32.uexp" 965
"C:/Users/Tsuki/Downloads/CatBurglar_david/CatBurglar/Content/Free_Magic/Textures/T_Free_Magic_Noise2.ubulk" 966
"C:/Users/Tsuki/Downloads/CatBurglar_david/CatBurglar/Content/Free_Magic/Textures/T_Free_Magic_Noise2.uasset" 967
"C:/Users/Tsuki/Downloads/CatBurglar_david/CatBurglar/Content/Free_Magic/Textures/T_Free_Magic_Noise2.uexp" 968
"C:/Users/Tsuki/Downloads/CatBurglar_david/CatBurglar/Content/Free_Magic/Textures/T_Free_Magic_Noise1.ubulk" 969
"C:/Users/Tsuki/Downloads/CatBurglar_david/CatBurglar/Content/Free_Magic/Textures/T_Free_Magic_Noise1.uasset" 970
"C:/Users/Tsuki/Downloads/CatBurglar_david/CatBurglar/Content/Free_Magic/Textures/T_Free_Magic_Noise1.uexp" 971
"C:/Users/Tsuki/Downloads/CatBurglar_david/CatBurglar/Content/Free_Magic/Materials/M_Free_Magic_Slash.uasset" 972
"C:/Users/Tsuki/Downloads/CatBurglar_david/CatBurglar/Content/Free_Magic/Materials/M_Free_Magic_Slash.uexp" 973
"C:/Users/Tsuki/Downloads/CatBurglar_david/CatBurglar/Content/Free_Magic/Textures/T_Free_Magic_Smoke.ubulk" 974
"C:/Users/Tsuki/Downloads/CatBurglar_david/CatBurglar/Content/Free_Magic/Textures/T_Free_Magic_Smoke.uasset" 975
"C:/Users/Tsuki/Downloads/CatBurglar_david/CatBurglar/Content/Free_Magic/Textures/T_Free_Magic_Smoke.uexp" 976
"C:/Users/Tsuki/Downloads/CatBurglar_david/CatBurglar/Content/Free_Magic/Materials/M_Free_Magic_Smoke.uasset" 977
"C:/Users/Tsuki/Downloads/CatBurglar_david/CatBurglar/Content/Free_Magic/Materials/M_Free_Magic_Smoke.uexp" 978
"../../../Engine/Content/Functions/Engine_MaterialFunctions01/Density/ExponentialDensity.uasset" 979
"../../../Engine/Content/Functions/Engine_MaterialFunctions01/Density/ExponentialDensity.uexp" 980
"../../../Engine/Content/Functions/Engine_MaterialFunctions01/Gradient/RadialGradientExponential.uasset" 981
"../../../Engine/Content/Functions/Engine_MaterialFunctions01/Gradient/RadialGradientExponential.uexp" 982
"C:/Users/Tsuki/Downloads/CatBurglar_david/CatBurglar/Content/Free_Magic/Materials/M_Free_Magic_Sparks.uasset" 983
"C:/Users/Tsuki/Downloads/CatBurglar_david/CatBurglar/Content/Free_Magic/Materials/M_Free_Magic_Sparks.uexp" 984
"C:/Users/Tsuki/Downloads/CatBurglar_david/CatBurglar/Content/Free_Magic/Textures/T_Free_Magic_Flash.ubulk" 985
"C:/Users/Tsuki/Downloads/CatBurglar_david/CatBurglar/Content/Free_Magic/Textures/T_Free_Magic_Flash.uasset" 986
"C:/Users/Tsuki/Downloads/CatBurglar_david/CatBurglar/Content/Free_Magic/Textures/T_Free_Magic_Flash.uexp" 987
"C:/Users/Tsuki/Downloads/CatBurglar_david/CatBurglar/Content/Free_Magic/Materials/M_Free_Magic_Flash.uasset" 988
"C:/Users/Tsuki/Downloads/CatBurglar_david/CatBurglar/Content/Free_Magic/Materials/M_Free_Magic_Flash.uexp" 989
"C:/Users/Tsuki/Downloads/CatBurglar_david/CatBurglar/Content/Free_Magic/Textures/T_Free_Magic_Star.ubulk" 990
"C:/Users/Tsuki/Downloads/CatBurglar_david/CatBurglar/Content/Free_Magic/Textures/T_Free_Magic_Star.uasset" 991
"C:/Users/Tsuki/Downloads/CatBurglar_david/CatBurglar/Content/Free_Magic/Textures/T_Free_Magic_Star.uexp" 992
"C:/Users/Tsuki/Downloads/CatBurglar_david/CatBurglar/Content/Free_Magic/Materials/M_Free_Magic_Star.uasset" 993
"C:/Users/Tsuki/Downloads/CatBurglar_david/CatBurglar/Content/Free_Magic/Materials/M_Free_Magic_Star.uexp" 994
"C:/Users/Tsuki/Downloads/CatBurglar_david/CatBurglar/Content/Free_Magic/Mesh/SM_Free_Magic_Slash1.ubulk" 995
"C:/Users/Tsuki/Downloads/CatBurglar_david/CatBurglar/Content/Free_Magic/Mesh/SM_Free_Magic_Slash1.uasset" 996
"C:/Users/Tsuki/Downloads/CatBurglar_david/CatBurglar/Content/Free_Magic/Mesh/SM_Free_Magic_Slash1.uexp" 997
"C:/Users/Tsuki/Downloads/CatBurglar_david/CatBurglar/Content/Free_Magic/VFX_Niagara/NS_Shadow_Grenade.uasset" 998
"C:/Users/Tsuki/Downloads/CatBurglar_david/CatBurglar/Content/Free_Magic/VFX_Niagara/NS_Shadow_Grenade.uexp" 999
"C:/Users/Tsuki/Downloads/CatBurglar_david/CatBurglar/Content/Free_Magic/VFX_Niagara/NS_Speed_Boost.uasset" 1000
"C:/Users/Tsuki/Downloads/CatBurglar_david/CatBurglar/Content/Free_Magic/VFX_Niagara/NS_Speed_Boost.uexp" 1001
"C:/Users/Tsuki/Downloads/CatBurglar_david/CatBurglar/Content/Input/Touch/BPI_TouchInterface.uasset" 1002
"C:/Users/Tsuki/Downloads/CatBurglar_david/CatBurglar/Content/Input/Touch/BPI_TouchInterface.uexp" 1003
"C:/Users/Tsuki/Downloads/CatBurglar_david/CatBurglar/Content/StylizedCreaturesBundle/Meshes/Cat/SKEL_Cat.uasset" 1004
"C:/Users/Tsuki/Downloads/CatBurglar_david/CatBurglar/Content/StylizedCreaturesBundle/Meshes/Cat/SKEL_Cat.uexp" 1005
"../../../Engine/Content/Functions/Engine_MaterialFunctions02/HueShift.uasset" 1006
"../../../Engine/Content/Functions/Engine_MaterialFunctions02/HueShift.uexp" 1007
"../../../Engine/Content/EngineMaterials/T_Default_Normal.ubulk" 1008
"../../../Engine/Content/EngineMaterials/T_Default_Normal.uasset" 1009
"../../../Engine/Content/EngineMaterials/T_Default_Normal.uexp" 1010
"../../../Engine/Content/EngineResources/Black.uasset" 1011
"../../../Engine/Content/EngineResources/Black.uexp" 1012
"../../../Engine/Content/ArtTools/RenderToTexture/Textures/127grey.uasset" 1013
"../../../Engine/Content/ArtTools/RenderToTexture/Textures/127grey.uexp" 1014
"../../../Engine/Content/Functions/Engine_MaterialFunctions01/Gradient/LinearGradient.uasset" 1015
"../../../Engine/Content/Functions/Engine_MaterialFunctions01/Gradient/LinearGradient.uexp" 1016
"../../../Engine/Content/Functions/Engine_MaterialFunctions01/ImageAdjustment/CheapContrast.uasset" 1017
"../../../Engine/Content/Functions/Engine_MaterialFunctions01/ImageAdjustment/CheapContrast.uexp" 1018
"../../../Engine/Content/Functions/Engine_MaterialFunctions01/ImageAdjustment/Contrast_Preserve_Color.uasset" 1019
"../../../Engine/Content/Functions/Engine_MaterialFunctions01/ImageAdjustment/Contrast_Preserve_Color.uexp" 1020
"C:/Users/Tsuki/Downloads/CatBurglar_david/CatBurglar/Content/StylizedCreaturesBundle/Materials/M_Base_Master.uasset" 1021
"C:/Users/Tsuki/Downloads/CatBurglar_david/CatBurglar/Content/StylizedCreaturesBundle/Materials/M_Base_Master.uexp" 1022
"C:/Users/Tsuki/Downloads/CatBurglar_david/CatBurglar/Content/StylizedCreaturesBundle/Textures/Cat/T_Cat_E.ubulk" 1023
"C:/Users/Tsuki/Downloads/CatBurglar_david/CatBurglar/Content/StylizedCreaturesBundle/Textures/Cat/T_Cat_E.uasset" 1024
"C:/Users/Tsuki/Downloads/CatBurglar_david/CatBurglar/Content/StylizedCreaturesBundle/Textures/Cat/T_Cat_E.uexp" 1025
"C:/Users/Tsuki/Downloads/CatBurglar_david/CatBurglar/Content/StylizedCreaturesBundle/Textures/Cat/T_Cat_N.ubulk" 1026
"C:/Users/Tsuki/Downloads/CatBurglar_david/CatBurglar/Content/StylizedCreaturesBundle/Textures/Cat/T_Cat_N.uasset" 1027
"C:/Users/Tsuki/Downloads/CatBurglar_david/CatBurglar/Content/StylizedCreaturesBundle/Textures/Cat/T_Cat_N.uexp" 1028
"C:/Users/Tsuki/Downloads/CatBurglar_david/CatBurglar/Content/StylizedCreaturesBundle/Textures/Cat/T_Cat_ORM.ubulk" 1029
"C:/Users/Tsuki/Downloads/CatBurglar_david/CatBurglar/Content/StylizedCreaturesBundle/Textures/Cat/T_Cat_ORM.uasset" 1030
"C:/Users/Tsuki/Downloads/CatBurglar_david/CatBurglar/Content/StylizedCreaturesBundle/Textures/Cat/T_Cat_ORM.uexp" 1031
"C:/Users/Tsuki/Downloads/CatBurglar_david/CatBurglar/Content/StylizedCreaturesBundle/Textures/Cat/T_Cat_Rd_D.ubulk" 1032
"C:/Users/Tsuki/Downloads/CatBurglar_david/CatBurglar/Content/StylizedCreaturesBundle/Textures/Cat/T_Cat_Rd_D.uasset" 1033
"C:/Users/Tsuki/Downloads/CatBurglar_david/CatBurglar/Content/StylizedCreaturesBundle/Textures/Cat/T_Cat_Rd_D.uexp" 1034
"C:/Users/Tsuki/Downloads/CatBurglar_david/CatBurglar/Content/StylizedCreaturesBundle/Materials/Instances/Cat/MI_Cat_Rd.uasset" 1035
"C:/Users/Tsuki/Downloads/CatBurglar_david/CatBurglar/Content/StylizedCreaturesBundle/Materials/Instances/Cat/MI_Cat_Rd.uexp" 1036
"C:/Users/Tsuki/Downloads/CatBurglar_david/CatBurglar/Content/StylizedCreaturesBundle/Meshes/Cat/PA_Cat.uasset" 1037
"C:/Users/Tsuki/Downloads/CatBurglar_david/CatBurglar/Content/StylizedCreaturesBundle/Meshes/Cat/PA_Cat.uexp" 1038
"C:/Users/Tsuki/Downloads/CatBurglar_david/CatBurglar/Content/StylizedCreaturesBundle/Meshes/Cat/SK_Cat.uasset" 1039
"C:/Users/Tsuki/Downloads/CatBurglar_david/CatBurglar/Content/StylizedCreaturesBundle/Meshes/Cat/SK_Cat.uexp" 1040
"C:/Users/Tsuki/Downloads/CatBurglar_david/CatBurglar/Content/_CaBurglar/Widgets/WB_TreatCount.uasset" 1041
"C:/Users/Tsuki/Downloads/CatBurglar_david/CatBurglar/Content/_CaBurglar/Widgets/WB_TreatCount.uexp" 1042
"C:/Users/Tsuki/Downloads/CatBurglar_david/CatBurglar/Content/_CaBurglar/Widgets/WB_Tutorial.uasset" 1043
"C:/Users/Tsuki/Downloads/CatBurglar_david/CatBurglar/Content/_CaBurglar/Widgets/WB_Tutorial.uexp" 1044
"C:/Users/Tsuki/Downloads/CatBurglar_david/CatBurglar/Content/_CaBurglar/Images/UI/E_icon.uasset" 1045
"C:/Users/Tsuki/Downloads/CatBurglar_david/CatBurglar/Content/_CaBurglar/Images/UI/E_icon.uexp" 1046
"C:/Users/Tsuki/Downloads/CatBurglar_david/CatBurglar/Content/_CaBurglar/Images/UI/Meow_icon.uasset" 1047
"C:/Users/Tsuki/Downloads/CatBurglar_david/CatBurglar/Content/_CaBurglar/Images/UI/Meow_icon.uexp" 1048
"C:/Users/Tsuki/Downloads/CatBurglar_david/CatBurglar/Content/_CaBurglar/Images/UI/Q_Icon.uasset" 1049
"C:/Users/Tsuki/Downloads/CatBurglar_david/CatBurglar/Content/_CaBurglar/Images/UI/Q_Icon.uexp" 1050
"C:/Users/Tsuki/Downloads/CatBurglar_david/CatBurglar/Content/_CaBurglar/Images/UI/Shift_icon.uasset" 1051
"C:/Users/Tsuki/Downloads/CatBurglar_david/CatBurglar/Content/_CaBurglar/Images/UI/Shift_icon.uexp" 1052
"C:/Users/Tsuki/Downloads/CatBurglar_david/CatBurglar/Content/_CaBurglar/Images/UI/Smoke_bomb.uasset" 1053
"C:/Users/Tsuki/Downloads/CatBurglar_david/CatBurglar/Content/_CaBurglar/Images/UI/Smoke_bomb.uexp" 1054
"C:/Users/Tsuki/Downloads/CatBurglar_david/CatBurglar/Content/_CaBurglar/Images/UI/Sprint_Dash.uasset" 1055
"C:/Users/Tsuki/Downloads/CatBurglar_david/CatBurglar/Content/_CaBurglar/Images/UI/Sprint_Dash.uexp" 1056
"C:/Users/Tsuki/Downloads/CatBurglar_david/CatBurglar/Content/_CaBurglar/Widgets/WB_UI.uasset" 1057
"C:/Users/Tsuki/Downloads/CatBurglar_david/CatBurglar/Content/_CaBurglar/Widgets/WB_UI.uexp" 1058
"C:/Users/Tsuki/Downloads/CatBurglar_david/CatBurglar/Content/TK_Tools/Textures/Flat_C.ubulk" 1059
"C:/Users/Tsuki/Downloads/CatBurglar_david/CatBurglar/Content/TK_Tools/Textures/Flat_C.uasset" 1060
"C:/Users/Tsuki/Downloads/CatBurglar_david/CatBurglar/Content/TK_Tools/Textures/Flat_C.uexp" 1061
"C:/Users/Tsuki/Downloads/CatBurglar_david/CatBurglar/Content/TK_Tools/Textures/Flat_N.ubulk" 1062
"C:/Users/Tsuki/Downloads/CatBurglar_david/CatBurglar/Content/TK_Tools/Textures/Flat_N.uasset" 1063
"C:/Users/Tsuki/Downloads/CatBurglar_david/CatBurglar/Content/TK_Tools/Textures/Flat_N.uexp" 1064
"C:/Users/Tsuki/Downloads/CatBurglar_david/CatBurglar/Content/TK_Tools/Textures/Flat_E.ubulk" 1065
"C:/Users/Tsuki/Downloads/CatBurglar_david/CatBurglar/Content/TK_Tools/Textures/Flat_E.uasset" 1066
"C:/Users/Tsuki/Downloads/CatBurglar_david/CatBurglar/Content/TK_Tools/Textures/Flat_E.uexp" 1067
"C:/Users/Tsuki/Downloads/CatBurglar_david/CatBurglar/Content/TK_Tools/Textures/Flat_M.ubulk" 1068
"C:/Users/Tsuki/Downloads/CatBurglar_david/CatBurglar/Content/TK_Tools/Textures/Flat_M.uasset" 1069
"C:/Users/Tsuki/Downloads/CatBurglar_david/CatBurglar/Content/TK_Tools/Textures/Flat_M.uexp" 1070
"C:/Users/Tsuki/Downloads/CatBurglar_david/CatBurglar/Content/DavidFolder/Materials/Shaders/M_Assets.uasset" 1071
"C:/Users/Tsuki/Downloads/CatBurglar_david/CatBurglar/Content/DavidFolder/Materials/Shaders/M_Assets.uexp" 1072
"C:/Users/Tsuki/Downloads/CatBurglar_david/CatBurglar/Content/StylizedCreaturesBundle/Textures/Cat/T_Cat_BkWh_D.ubulk" 1073
"C:/Users/Tsuki/Downloads/CatBurglar_david/CatBurglar/Content/StylizedCreaturesBundle/Textures/Cat/T_Cat_BkWh_D.uasset" 1074
"C:/Users/Tsuki/Downloads/CatBurglar_david/CatBurglar/Content/StylizedCreaturesBundle/Textures/Cat/T_Cat_BkWh_D.uexp" 1075
"C:/Users/Tsuki/Downloads/CatBurglar_david/CatBurglar/Content/DavidFolder/Materials/Shaders/MI_Assets_Cat.uasset" 1076
"C:/Users/Tsuki/Downloads/CatBurglar_david/CatBurglar/Content/DavidFolder/Materials/Shaders/MI_Assets_Cat.uexp" 1077
"C:/Users/Tsuki/Downloads/CatBurglar_david/CatBurglar/Content/DavidFolder/Materials/Shaders/M_Outline.uasset" 1078
"C:/Users/Tsuki/Downloads/CatBurglar_david/CatBurglar/Content/DavidFolder/Materials/Shaders/M_Outline.uexp" 1079
"C:/Users/Tsuki/Downloads/CatBurglar_david/CatBurglar/Content/DavidFolder/Materials/Shaders/MI_Outline.uasset" 1080
"C:/Users/Tsuki/Downloads/CatBurglar_david/CatBurglar/Content/DavidFolder/Materials/Shaders/MI_Outline.uexp" 1081
"C:/Users/Tsuki/Downloads/CatBurglar_david/CatBurglar/Content/DavidFolder/Materials/Shaders/goegap_4k.uasset" 1082
"C:/Users/Tsuki/Downloads/CatBurglar_david/CatBurglar/Content/DavidFolder/Materials/Shaders/goegap_4k.uexp" 1083
"C:/Users/Tsuki/Downloads/CatBurglar_david/CatBurglar/Content/DavidFolder/Materials/Shaders/M_Translucent.uasset" 1084
"C:/Users/Tsuki/Downloads/CatBurglar_david/CatBurglar/Content/DavidFolder/Materials/Shaders/M_Translucent.uexp" 1085
"C:/Users/Tsuki/Downloads/CatBurglar_david/CatBurglar/Content/DavidFolder/Materials/Shaders/MI_TranslucentShadow.uasset" 1086
"C:/Users/Tsuki/Downloads/CatBurglar_david/CatBurglar/Content/DavidFolder/Materials/Shaders/MI_TranslucentShadow.uexp" 1087
"C:/Users/Tsuki/Downloads/CatBurglar_david/CatBurglar/Content/StylizedCreaturesBundle/Animations/Cat/A_Cat_idle.uasset" 1088
"C:/Users/Tsuki/Downloads/CatBurglar_david/CatBurglar/Content/StylizedCreaturesBundle/Animations/Cat/A_Cat_idle.uexp" 1089
"C:/Users/Tsuki/Downloads/CatBurglar_david/CatBurglar/Content/StylizedCreaturesBundle/Animations/Cat/A_Cat_Jump_End.uasset" 1090
"C:/Users/Tsuki/Downloads/CatBurglar_david/CatBurglar/Content/StylizedCreaturesBundle/Animations/Cat/A_Cat_Jump_End.uexp" 1091
"C:/Users/Tsuki/Downloads/CatBurglar_david/CatBurglar/Content/StylizedCreaturesBundle/Animations/Cat/A_Cat_Jump_Loop.uasset" 1092
"C:/Users/Tsuki/Downloads/CatBurglar_david/CatBurglar/Content/StylizedCreaturesBundle/Animations/Cat/A_Cat_Jump_Loop.uexp" 1093
"C:/Users/Tsuki/Downloads/CatBurglar_david/CatBurglar/Content/StylizedCreaturesBundle/Animations/Cat/A_Cat_Jump_Start.uasset" 1094
"C:/Users/Tsuki/Downloads/CatBurglar_david/CatBurglar/Content/StylizedCreaturesBundle/Animations/Cat/A_Cat_Jump_Start.uexp" 1095
"C:/Users/Tsuki/Downloads/CatBurglar_david/CatBurglar/Content/StylizedCreaturesBundle/Animations/Cat/A_Cat_Run_Forward.uasset" 1096
"C:/Users/Tsuki/Downloads/CatBurglar_david/CatBurglar/Content/StylizedCreaturesBundle/Animations/Cat/A_Cat_Run_Forward.uexp" 1097
"C:/Users/Tsuki/Downloads/CatBurglar_david/CatBurglar/Content/_CaBurglar/Cat/Animations/ABS_Cat.uasset" 1098
"C:/Users/Tsuki/Downloads/CatBurglar_david/CatBurglar/Content/_CaBurglar/Cat/Animations/ABS_Cat.uexp" 1099
"C:/Users/Tsuki/Downloads/CatBurglar_david/CatBurglar/Content/_CaBurglar/Cat/Animations/ABP_Cat.uasset" 1100
"C:/Users/Tsuki/Downloads/CatBurglar_david/CatBurglar/Content/_CaBurglar/Cat/Animations/ABP_Cat.uexp" 1101
"../../../Engine/Content/TemplateResources/M_Template_Master.uasset" 1102
"../../../Engine/Content/TemplateResources/M_Template_Master.uexp" 1103
"../../../Engine/Content/TemplateResources/MI_Template_BaseBlue.uasset" 1104
"../../../Engine/Content/TemplateResources/MI_Template_BaseBlue.uexp" 1105
"../../../Engine/Content/InteractiveToolsFramework/Meshes/GizmoFullCircleHandle.ubulk" 1106
"../../../Engine/Content/InteractiveToolsFramework/Meshes/GizmoFullCircleHandle.uasset" 1107
"../../../Engine/Content/InteractiveToolsFramework/Meshes/GizmoFullCircleHandle.uexp" 1108
"C:/Users/Tsuki/Downloads/CatBurglar_david/CatBurglar/Content/_CaBurglar/Guards/BP_Spline_Parent.uasset" 1109
"C:/Users/Tsuki/Downloads/CatBurglar_david/CatBurglar/Content/_CaBurglar/Guards/BP_Spline_Parent.uexp" 1110
"C:/Users/Tsuki/Downloads/CatBurglar_david/CatBurglar/Content/_CaBurglar/Guards/Enum_GuardState.uasset" 1111
"C:/Users/Tsuki/Downloads/CatBurglar_david/CatBurglar/Content/_CaBurglar/Guards/Enum_GuardState.uexp" 1112
"C:/Users/Tsuki/Downloads/CatBurglar_david/CatBurglar/Content/StylizedCreaturesBundle/Animations/Cat/A_Cat_Idle01.uasset" 1113
"C:/Users/Tsuki/Downloads/CatBurglar_david/CatBurglar/Content/StylizedCreaturesBundle/Animations/Cat/A_Cat_Idle01.uexp" 1114
"C:/Users/Tsuki/Downloads/CatBurglar_david/CatBurglar/Content/_CaBurglar/Cat/SFX/Purr_001.ubulk" 1115
"C:/Users/Tsuki/Downloads/CatBurglar_david/CatBurglar/Content/_CaBurglar/Cat/SFX/Purr_001.uasset" 1116
"C:/Users/Tsuki/Downloads/CatBurglar_david/CatBurglar/Content/_CaBurglar/Cat/SFX/Purr_001.uexp" 1117
"C:/Users/Tsuki/Downloads/CatBurglar_david/CatBurglar/Content/_CaBurglar/Cat/SFX/Purr_003.ubulk" 1118
"C:/Users/Tsuki/Downloads/CatBurglar_david/CatBurglar/Content/_CaBurglar/Cat/SFX/Purr_003.uasset" 1119
"C:/Users/Tsuki/Downloads/CatBurglar_david/CatBurglar/Content/_CaBurglar/Cat/SFX/Purr_003.uexp" 1120
"C:/Users/Tsuki/Downloads/CatBurglar_david/CatBurglar/Content/_CaBurglar/Cat/SFX/SC_Caught.uasset" 1121
"C:/Users/Tsuki/Downloads/CatBurglar_david/CatBurglar/Content/_CaBurglar/Cat/SFX/SC_Caught.uexp" 1122
"C:/Users/Tsuki/Downloads/CatBurglar_david/CatBurglar/Content/_CaBurglar/Guards/Animations/Brutal_To_Happy_Walking_Skeleton.uasset" 1123
"C:/Users/Tsuki/Downloads/CatBurglar_david/CatBurglar/Content/_CaBurglar/Guards/Animations/Brutal_To_Happy_Walking_Skeleton.uexp" 1124
"../../../Engine/Plugins/Animation/ACLPlugin/Content/ACLAnimBoneCompressionSettings.uasset" 1125
"../../../Engine/Plugins/Animation/ACLPlugin/Content/ACLAnimBoneCompressionSettings.uexp" 1126
"../../../Engine/Plugins/Animation/ACLPlugin/Content/ACLAnimCurveCompressionSettings.uasset" 1127
"../../../Engine/Plugins/Animation/ACLPlugin/Content/ACLAnimCurveCompressionSettings.uexp" 1128
"../../../Engine/Content/Animation/DefaultVariableFrameStrippingSettings.uasset" 1129
"../../../Engine/Content/Animation/DefaultVariableFrameStrippingSettings.uexp" 1130
"C:/Users/Tsuki/Downloads/CatBurglar_david/CatBurglar/Content/_CaBurglar/Guards/Animations/Idle.uasset" 1131
"C:/Users/Tsuki/Downloads/CatBurglar_david/CatBurglar/Content/_CaBurglar/Guards/Animations/Idle.uexp" 1132
"C:/Users/Tsuki/Downloads/CatBurglar_david/CatBurglar/Content/_CaBurglar/Guards/Animations/Running.uasset" 1133
"C:/Users/Tsuki/Downloads/CatBurglar_david/CatBurglar/Content/_CaBurglar/Guards/Animations/Running.uexp" 1134
"C:/Users/Tsuki/Downloads/CatBurglar_david/CatBurglar/Content/_CaBurglar/Guards/Animations/Walking.uasset" 1135
"C:/Users/Tsuki/Downloads/CatBurglar_david/CatBurglar/Content/_CaBurglar/Guards/Animations/Walking.uexp" 1136
"C:/Users/Tsuki/Downloads/CatBurglar_david/CatBurglar/Content/_CaBurglar/Guards/Animations/Running_02.uasset" 1137
"C:/Users/Tsuki/Downloads/CatBurglar_david/CatBurglar/Content/_CaBurglar/Guards/Animations/Running_02.uexp" 1138
"C:/Users/Tsuki/Downloads/CatBurglar_david/CatBurglar/Content/_CaBurglar/Guards/Animations/BS_Guard.uasset" 1139
"C:/Users/Tsuki/Downloads/CatBurglar_david/CatBurglar/Content/_CaBurglar/Guards/Animations/BS_Guard.uexp" 1140
"C:/Users/Tsuki/Downloads/CatBurglar_david/CatBurglar/Content/_CaBurglar/Guards/Animations/ABP_Guard.uasset" 1141
"C:/Users/Tsuki/Downloads/CatBurglar_david/CatBurglar/Content/_CaBurglar/Guards/Animations/ABP_Guard.uexp" 1142
"../../../Engine/Content/EngineResources/DefaultTexture.ubulk" 1143
"../../../Engine/Content/EngineResources/DefaultTexture.uasset" 1144
"../../../Engine/Content/EngineResources/DefaultTexture.uexp" 1145
"../../../Engine/Content/EngineMaterials/DefaultNormal.ubulk" 1146
"../../../Engine/Content/EngineMaterials/DefaultNormal.uasset" 1147
"../../../Engine/Content/EngineMaterials/DefaultNormal.uexp" 1148
"../../../Engine/Content/Functions/Engine_MaterialFunctions03/Procedurals/NormalFromHeightmap.uasset" 1149
"../../../Engine/Content/Functions/Engine_MaterialFunctions03/Procedurals/NormalFromHeightmap.uexp" 1150
"../../../Engine/Plugins/Interchange/Assets/Content/Functions/MF_PhongToMetalRoughness.uasset" 1151
"../../../Engine/Plugins/Interchange/Assets/Content/Functions/MF_PhongToMetalRoughness.uexp" 1152
"../../../Engine/Plugins/Interchange/Assets/Content/Materials/FBXLegacyPhongSurfaceMaterial.uasset" 1153
"../../../Engine/Plugins/Interchange/Assets/Content/Materials/FBXLegacyPhongSurfaceMaterial.uexp" 1154
"C:/Users/Tsuki/Downloads/CatBurglar_david/CatBurglar/Content/_CaBurglar/Guards/Animations/Beta_HighLimbsGeoSG3.uasset" 1155
"C:/Users/Tsuki/Downloads/CatBurglar_david/CatBurglar/Content/_CaBurglar/Guards/Animations/Beta_HighLimbsGeoSG3.uexp" 1156
"C:/Users/Tsuki/Downloads/CatBurglar_david/CatBurglar/Content/_CaBurglar/Guards/Animations/Beta_Joints_MAT1.uasset" 1157
"C:/Users/Tsuki/Downloads/CatBurglar_david/CatBurglar/Content/_CaBurglar/Guards/Animations/Beta_Joints_MAT1.uexp" 1158
"C:/Users/Tsuki/Downloads/CatBurglar_david/CatBurglar/Content/_CaBurglar/Guards/Animations/Brutal_To_Happy_Walking_PhysicsAsset.uasset" 1159
"C:/Users/Tsuki/Downloads/CatBurglar_david/CatBurglar/Content/_CaBurglar/Guards/Animations/Brutal_To_Happy_Walking_PhysicsAsset.uexp" 1160
"C:/Users/Tsuki/Downloads/CatBurglar_david/CatBurglar/Content/_CaBurglar/Guards/Animations/Brutal_To_Happy_Walking.uasset" 1161
"C:/Users/Tsuki/Downloads/CatBurglar_david/CatBurglar/Content/_CaBurglar/Guards/Animations/Brutal_To_Happy_Walking.uexp" 1162
"C:/Users/Tsuki/Downloads/CatBurglar_david/CatBurglar/Content/_CaBurglar/Guards/Animations/Run_To_Stop.uasset" 1163
"C:/Users/Tsuki/Downloads/CatBurglar_david/CatBurglar/Content/_CaBurglar/Guards/Animations/Run_To_Stop.uexp" 1164
"C:/Users/Tsuki/Downloads/CatBurglar_david/CatBurglar/Content/_CaBurglar/Guards/SFX/Caught.ubulk" 1165
"C:/Users/Tsuki/Downloads/CatBurglar_david/CatBurglar/Content/_CaBurglar/Guards/SFX/Caught.uasset" 1166
"C:/Users/Tsuki/Downloads/CatBurglar_david/CatBurglar/Content/_CaBurglar/Guards/SFX/Caught.uexp" 1167
"C:/Users/Tsuki/Downloads/CatBurglar_david/CatBurglar/Content/_CaBurglar/Guards/SFX/F_Suprise_001.ubulk" 1168
"C:/Users/Tsuki/Downloads/CatBurglar_david/CatBurglar/Content/_CaBurglar/Guards/SFX/F_Suprise_001.uasset" 1169
"C:/Users/Tsuki/Downloads/CatBurglar_david/CatBurglar/Content/_CaBurglar/Guards/SFX/F_Suprise_001.uexp" 1170
"C:/Users/Tsuki/Downloads/CatBurglar_david/CatBurglar/Content/_CaBurglar/Guards/SFX/F_Suprise_002.ubulk" 1171
"C:/Users/Tsuki/Downloads/CatBurglar_david/CatBurglar/Content/_CaBurglar/Guards/SFX/F_Suprise_002.uasset" 1172
"C:/Users/Tsuki/Downloads/CatBurglar_david/CatBurglar/Content/_CaBurglar/Guards/SFX/F_Suprise_002.uexp" 1173
"C:/Users/Tsuki/Downloads/CatBurglar_david/CatBurglar/Content/_CaBurglar/Guards/SFX/M_Surprise_001.ubulk" 1174
"C:/Users/Tsuki/Downloads/CatBurglar_david/CatBurglar/Content/_CaBurglar/Guards/SFX/M_Surprise_001.uasset" 1175
"C:/Users/Tsuki/Downloads/CatBurglar_david/CatBurglar/Content/_CaBurglar/Guards/SFX/M_Surprise_001.uexp" 1176
"C:/Users/Tsuki/Downloads/CatBurglar_david/CatBurglar/Content/_CaBurglar/Guards/SFX/M_Surprise_002.ubulk" 1177
"C:/Users/Tsuki/Downloads/CatBurglar_david/CatBurglar/Content/_CaBurglar/Guards/SFX/M_Surprise_002.uasset" 1178
"C:/Users/Tsuki/Downloads/CatBurglar_david/CatBurglar/Content/_CaBurglar/Guards/SFX/M_Surprise_002.uexp" 1179
"C:/Users/Tsuki/Downloads/CatBurglar_david/CatBurglar/Content/_CaBurglar/Guards/SFX/M_Surprise_003.ubulk" 1180
"C:/Users/Tsuki/Downloads/CatBurglar_david/CatBurglar/Content/_CaBurglar/Guards/SFX/M_Surprise_003.uasset" 1181
"C:/Users/Tsuki/Downloads/CatBurglar_david/CatBurglar/Content/_CaBurglar/Guards/SFX/M_Surprise_003.uexp" 1182
"C:/Users/Tsuki/Downloads/CatBurglar_david/CatBurglar/Content/_CaBurglar/Guards/SFX/M_Surprise_004.ubulk" 1183
"C:/Users/Tsuki/Downloads/CatBurglar_david/CatBurglar/Content/_CaBurglar/Guards/SFX/M_Surprise_004.uasset" 1184
"C:/Users/Tsuki/Downloads/CatBurglar_david/CatBurglar/Content/_CaBurglar/Guards/SFX/M_Surprise_004.uexp" 1185
"C:/Users/Tsuki/Downloads/CatBurglar_david/CatBurglar/Content/_CaBurglar/Guards/SFX/SC_Guard.uasset" 1186
"C:/Users/Tsuki/Downloads/CatBurglar_david/CatBurglar/Content/_CaBurglar/Guards/SFX/SC_Guard.uexp" 1187
"C:/Users/Tsuki/Downloads/CatBurglar_david/CatBurglar/Content/_CaBurglar/Guards/BP_Spline_Guard_Parent.uasset" 1188
"C:/Users/Tsuki/Downloads/CatBurglar_david/CatBurglar/Content/_CaBurglar/Guards/BP_Spline_Guard_Parent.uexp" 1189
"C:/Users/Tsuki/Downloads/CatBurglar_david/CatBurglar/Content/_CaBurglar/Cat/Blueprints/BP_Sonar.uasset" 1190
"C:/Users/Tsuki/Downloads/CatBurglar_david/CatBurglar/Content/_CaBurglar/Cat/Blueprints/BP_Sonar.uexp" 1191
"C:/Users/Tsuki/Downloads/CatBurglar_david/CatBurglar/Content/_CaBurglar/Cat/SFX/Countdown.ubulk" 1192
"C:/Users/Tsuki/Downloads/CatBurglar_david/CatBurglar/Content/_CaBurglar/Cat/SFX/Countdown.uasset" 1193
"C:/Users/Tsuki/Downloads/CatBurglar_david/CatBurglar/Content/_CaBurglar/Cat/SFX/Countdown.uexp" 1194
"C:/Users/Tsuki/Downloads/CatBurglar_david/CatBurglar/Content/_CaBurglar/Cat/SFX/SC_Countdown.uasset" 1195
"C:/Users/Tsuki/Downloads/CatBurglar_david/CatBurglar/Content/_CaBurglar/Cat/SFX/SC_Countdown.uexp" 1196
"C:/Users/Tsuki/Downloads/CatBurglar_david/CatBurglar/Content/_CaBurglar/Cat/SFX/Meow.ubulk" 1197
"C:/Users/Tsuki/Downloads/CatBurglar_david/CatBurglar/Content/_CaBurglar/Cat/SFX/Meow.uasset" 1198
"C:/Users/Tsuki/Downloads/CatBurglar_david/CatBurglar/Content/_CaBurglar/Cat/SFX/Meow.uexp" 1199
"C:/Users/Tsuki/Downloads/CatBurglar_david/CatBurglar/Content/_CaBurglar/Cat/SFX/Meow_003.ubulk" 1200
"C:/Users/Tsuki/Downloads/CatBurglar_david/CatBurglar/Content/_CaBurglar/Cat/SFX/Meow_003.uasset" 1201
"C:/Users/Tsuki/Downloads/CatBurglar_david/CatBurglar/Content/_CaBurglar/Cat/SFX/Meow_003.uexp" 1202
"C:/Users/Tsuki/Downloads/CatBurglar_david/CatBurglar/Content/_CaBurglar/Cat/SFX/Meow_004.ubulk" 1203
"C:/Users/Tsuki/Downloads/CatBurglar_david/CatBurglar/Content/_CaBurglar/Cat/SFX/Meow_004.uasset" 1204
"C:/Users/Tsuki/Downloads/CatBurglar_david/CatBurglar/Content/_CaBurglar/Cat/SFX/Meow_004.uexp" 1205
"C:/Users/Tsuki/Downloads/CatBurglar_david/CatBurglar/Content/_CaBurglar/Cat/SFX/Meow_Funny_001.ubulk" 1206
"C:/Users/Tsuki/Downloads/CatBurglar_david/CatBurglar/Content/_CaBurglar/Cat/SFX/Meow_Funny_001.uasset" 1207
"C:/Users/Tsuki/Downloads/CatBurglar_david/CatBurglar/Content/_CaBurglar/Cat/SFX/Meow_Funny_001.uexp" 1208
"C:/Users/Tsuki/Downloads/CatBurglar_david/CatBurglar/Content/_CaBurglar/Cat/SFX/SC_Meow.uasset" 1209
"C:/Users/Tsuki/Downloads/CatBurglar_david/CatBurglar/Content/_CaBurglar/Cat/SFX/SC_Meow.uexp" 1210
"C:/Users/Tsuki/Downloads/CatBurglar_david/CatBurglar/Content/_CaBurglar/Cat/SFX/Shadows_002.ubulk" 1211
"C:/Users/Tsuki/Downloads/CatBurglar_david/CatBurglar/Content/_CaBurglar/Cat/SFX/Shadows_002.uasset" 1212
"C:/Users/Tsuki/Downloads/CatBurglar_david/CatBurglar/Content/_CaBurglar/Cat/SFX/Shadows_002.uexp" 1213
"C:/Users/Tsuki/Downloads/CatBurglar_david/CatBurglar/Content/_CaBurglar/Cat/SFX/Shadows_003.ubulk" 1214
"C:/Users/Tsuki/Downloads/CatBurglar_david/CatBurglar/Content/_CaBurglar/Cat/SFX/Shadows_003.uasset" 1215
"C:/Users/Tsuki/Downloads/CatBurglar_david/CatBurglar/Content/_CaBurglar/Cat/SFX/Shadows_003.uexp" 1216
"C:/Users/Tsuki/Downloads/CatBurglar_david/CatBurglar/Content/_CaBurglar/Cat/SFX/woosh_low_01.ubulk" 1217
"C:/Users/Tsuki/Downloads/CatBurglar_david/CatBurglar/Content/_CaBurglar/Cat/SFX/woosh_low_01.uasset" 1218
"C:/Users/Tsuki/Downloads/CatBurglar_david/CatBurglar/Content/_CaBurglar/Cat/SFX/woosh_low_01.uexp" 1219
"C:/Users/Tsuki/Downloads/CatBurglar_david/CatBurglar/Content/_CaBurglar/Cat/SFX/woosh_low_03.ubulk" 1220
"C:/Users/Tsuki/Downloads/CatBurglar_david/CatBurglar/Content/_CaBurglar/Cat/SFX/woosh_low_03.uasset" 1221
"C:/Users/Tsuki/Downloads/CatBurglar_david/CatBurglar/Content/_CaBurglar/Cat/SFX/woosh_low_03.uexp" 1222
"C:/Users/Tsuki/Downloads/CatBurglar_david/CatBurglar/Content/ThirdPerson/Blueprints/BP_ThirdPersonCharacter.uasset" 1223
"C:/Users/Tsuki/Downloads/CatBurglar_david/CatBurglar/Content/ThirdPerson/Blueprints/BP_ThirdPersonCharacter.uexp" 1224
"C:/Users/Tsuki/Downloads/CatBurglar_david/CatBurglar/Content/Input/IMC_Default.uasset" 1225
"C:/Users/Tsuki/Downloads/CatBurglar_david/CatBurglar/Content/Input/IMC_Default.uexp" 1226
"C:/Users/Tsuki/Downloads/CatBurglar_david/CatBurglar/Content/Input/IMC_MouseLook.uasset" 1227
"C:/Users/Tsuki/Downloads/CatBurglar_david/CatBurglar/Content/Input/IMC_MouseLook.uexp" 1228
"../../../Engine/Content/MobileResources/HUD/VirtualJoystick_Thumb.uasset" 1229
"../../../Engine/Content/MobileResources/HUD/VirtualJoystick_Thumb.uexp" 1230
"../../../Engine/Content/MobileResources/HUD/VirtualJoystick_Background.uasset" 1231
"../../../Engine/Content/MobileResources/HUD/VirtualJoystick_Background.uexp" 1232
"C:/Users/Tsuki/Downloads/CatBurglar_david/CatBurglar/Content/Input/Touch/UI_Thumbstick.uasset" 1233
"C:/Users/Tsuki/Downloads/CatBurglar_david/CatBurglar/Content/Input/Touch/UI_Thumbstick.uexp" 1234
"C:/Users/Tsuki/Downloads/CatBurglar_david/CatBurglar/Content/Input/Touch/UI_TouchSimple.uasset" 1235
"C:/Users/Tsuki/Downloads/CatBurglar_david/CatBurglar/Content/Input/Touch/UI_TouchSimple.uexp" 1236
"C:/Users/Tsuki/Downloads/CatBurglar_david/CatBurglar/Content/ThirdPerson/Blueprints/BP_ThirdPersonPlayerController.uasset" 1237
"C:/Users/Tsuki/Downloads/CatBurglar_david/CatBurglar/Content/ThirdPerson/Blueprints/BP_ThirdPersonPlayerController.uexp" 1238
"C:/Users/Tsuki/Downloads/CatBurglar_david/CatBurglar/Content/ThirdPerson/Blueprints/BP_ThirdPersonGameMode.uasset" 1239
"C:/Users/Tsuki/Downloads/CatBurglar_david/CatBurglar/Content/ThirdPerson/Blueprints/BP_ThirdPersonGameMode.uexp" 1240
"../../../Engine/Content/Maps/Entry_BuiltData.uasset" 1241
"../../../Engine/Content/Maps/Entry_BuiltData.uexp" 1242
"../../../Engine/Content/Maps/Entry.uexp" 1243
"../../../Engine/Content/Maps/Entry.umap" 1244
"../../../Engine/Content/BasicShapes/Plane.ubulk" 1245
"../../../Engine/Content/BasicShapes/Plane.uasset" 1246
"../../../Engine/Content/BasicShapes/Plane.uexp" 1247
"../../../Engine/Content/BasicShapes/BasicShapeMaterial.uasset" 1248
"../../../Engine/Content/BasicShapes/BasicShapeMaterial.uexp" 1249
"../../../Engine/Content/Functions/Engine_MaterialFunctions02/Utility/BreakOutFloat4Components.uasset" 1250
"../../../Engine/Content/Functions/Engine_MaterialFunctions02/Utility/BreakOutFloat4Components.uexp" 1251
"../../../Engine/Content/Functions/Engine_MaterialFunctions02/Utility/MakeFloat4.uasset" 1252
"../../../Engine/Content/Functions/Engine_MaterialFunctions02/Utility/MakeFloat4.uexp" 1253
"../../../Engine/Content/EngineResources/DefaultVolumeTexture2D.uasset" 1254
"../../../Engine/Content/EngineResources/DefaultVolumeTexture2D.uexp" 1255
"../../../Engine/Content/EngineResources/DefaultVolumeTexture.uasset" 1256
"../../../Engine/Content/EngineResources/DefaultVolumeTexture.uexp" 1257
"../../../Engine/Content/EngineSky/VolumetricClouds/VT_Lightning.uasset" 1258
"../../../Engine/Content/EngineSky/VolumetricClouds/VT_Lightning.uexp" 1259
"../../../Engine/Content/Functions/Engine_MaterialFunctions01/Units/Km-to-Cm.uasset" 1260
"../../../Engine/Content/Functions/Engine_MaterialFunctions01/Units/Km-to-Cm.uexp" 1261
"../../../Engine/Content/EngineSky/VolumetricClouds/m_SimpleVolumetricCloud.uasset" 1262
"../../../Engine/Content/EngineSky/VolumetricClouds/m_SimpleVolumetricCloud.uexp" 1263
"../../../Engine/Content/EngineSky/VolumetricClouds/T_CloudMask.ubulk" 1264
"../../../Engine/Content/EngineSky/VolumetricClouds/T_CloudMask.uasset" 1265
"../../../Engine/Content/EngineSky/VolumetricClouds/T_CloudMask.uexp" 1266
"../../../Engine/Content/EngineSky/VolumetricClouds/T_CloudPattern.ubulk" 1267
"../../../Engine/Content/EngineSky/VolumetricClouds/T_CloudPattern.uasset" 1268
"../../../Engine/Content/EngineSky/VolumetricClouds/T_CloudPattern.uexp" 1269
"../../../Engine/Content/EngineSky/VolumetricClouds/T_Profile_08.ubulk" 1270
"../../../Engine/Content/EngineSky/VolumetricClouds/T_Profile_08.uasset" 1271
"../../../Engine/Content/EngineSky/VolumetricClouds/T_Profile_08.uexp" 1272
"../../../Engine/Content/EngineSky/VolumetricClouds/VT_PerlinWorley_Balanced.uasset" 1273
"../../../Engine/Content/EngineSky/VolumetricClouds/VT_PerlinWorley_Balanced.uexp" 1274
"../../../Engine/Content/EngineSky/VolumetricClouds/m_SimpleVolumetricCloud_Inst.uasset" 1275
"../../../Engine/Content/EngineSky/VolumetricClouds/m_SimpleVolumetricCloud_Inst.uexp" 1276
"C:/Users/Tsuki/Downloads/CatBurglar_david/CatBurglar/Content/DavidFolder/Materials/Textures/Capy1.uasset" 1277
"C:/Users/Tsuki/Downloads/CatBurglar_david/CatBurglar/Content/DavidFolder/Materials/Textures/Capy1.uexp" 1278
"C:/Users/Tsuki/Downloads/CatBurglar_david/CatBurglar/Content/DavidFolder/Materials/Paintings/M_Painting_Master.uasset" 1279
"C:/Users/Tsuki/Downloads/CatBurglar_david/CatBurglar/Content/DavidFolder/Materials/Paintings/M_Painting_Master.uexp" 1280
"C:/Users/Tsuki/Downloads/CatBurglar_david/CatBurglar/Content/DavidFolder/Materials/Paintings/MI_CatCapy1.uasset" 1281
"C:/Users/Tsuki/Downloads/CatBurglar_david/CatBurglar/Content/DavidFolder/Materials/Paintings/MI_CatCapy1.uexp" 1282
"C:/Users/Tsuki/Downloads/CatBurglar_david/CatBurglar/Content/DavidFolder/Materials/Textures/Marble.ubulk" 1283
"C:/Users/Tsuki/Downloads/CatBurglar_david/CatBurglar/Content/DavidFolder/Materials/Textures/Marble.uasset" 1284
"C:/Users/Tsuki/Downloads/CatBurglar_david/CatBurglar/Content/DavidFolder/Materials/Textures/Marble.uexp" 1285
"C:/Users/Tsuki/Downloads/CatBurglar_david/CatBurglar/Content/DavidFolder/Materials/M_Floor_Master.uasset" 1286
"C:/Users/Tsuki/Downloads/CatBurglar_david/CatBurglar/Content/DavidFolder/Materials/M_Floor_Master.uexp" 1287
"C:/Users/Tsuki/Downloads/CatBurglar_david/CatBurglar/Content/DavidFolder/Materials/MI_Floor_Gallery.uasset" 1288
"C:/Users/Tsuki/Downloads/CatBurglar_david/CatBurglar/Content/DavidFolder/Materials/MI_Floor_Gallery.uexp" 1289
"C:/Users/Tsuki/Downloads/CatBurglar_david/CatBurglar/Content/DavidFolder/Materials/M_BaseColor_Master.uasset" 1290
"C:/Users/Tsuki/Downloads/CatBurglar_david/CatBurglar/Content/DavidFolder/Materials/M_BaseColor_Master.uexp" 1291
"C:/Users/Tsuki/Downloads/CatBurglar_david/CatBurglar/Content/DavidFolder/Materials/MI_GoldTuna.uasset" 1292
"C:/Users/Tsuki/Downloads/CatBurglar_david/CatBurglar/Content/DavidFolder/Materials/MI_GoldTuna.uexp" 1293
"C:/Users/Tsuki/Downloads/CatBurglar_david/CatBurglar/Content/DavidFolder/Materials/MI_Pots.uasset" 1294
"C:/Users/Tsuki/Downloads/CatBurglar_david/CatBurglar/Content/DavidFolder/Materials/MI_Pots.uexp" 1295
"C:/Users/Tsuki/Downloads/CatBurglar_david/CatBurglar/Content/DavidFolder/Materials/MI_Spotlights.uasset" 1296
"C:/Users/Tsuki/Downloads/CatBurglar_david/CatBurglar/Content/DavidFolder/Materials/MI_Spotlights.uexp" 1297
"C:/Users/Tsuki/Downloads/CatBurglar_david/CatBurglar/Content/DavidFolder/Materials/MI_Wall1.uasset" 1298
"C:/Users/Tsuki/Downloads/CatBurglar_david/CatBurglar/Content/DavidFolder/Materials/MI_Wall1.uexp" 1299
"C:/Users/Tsuki/Downloads/CatBurglar_david/CatBurglar/Content/DavidFolder/Materials/MI_Wall2.uasset" 1300
"C:/Users/Tsuki/Downloads/CatBurglar_david/CatBurglar/Content/DavidFolder/Materials/MI_Wall2.uexp" 1301
"C:/Users/Tsuki/Downloads/CatBurglar_david/CatBurglar/Content/DavidFolder/Materials/M_Emmisive_Master.uasset" 1302
"C:/Users/Tsuki/Downloads/CatBurglar_david/CatBurglar/Content/DavidFolder/Materials/M_Emmisive_Master.uexp" 1303
"C:/Users/Tsuki/Downloads/CatBurglar_david/CatBurglar/Content/DavidFolder/Assets/Blueprints/BP_Spotlight_Master.uasset" 1304
"C:/Users/Tsuki/Downloads/CatBurglar_david/CatBurglar/Content/DavidFolder/Assets/Blueprints/BP_Spotlight_Master.uexp" 1305
"C:/Users/Tsuki/Downloads/CatBurglar_david/CatBurglar/Content/DavidFolder/Assets/Props/Spotlight.ubulk" 1306
"C:/Users/Tsuki/Downloads/CatBurglar_david/CatBurglar/Content/DavidFolder/Assets/Props/Spotlight.uasset" 1307
"C:/Users/Tsuki/Downloads/CatBurglar_david/CatBurglar/Content/DavidFolder/Assets/Props/Spotlight.uexp" 1308
"C:/Users/Tsuki/Downloads/CatBurglar_david/CatBurglar/Content/DavidFolder/Assets/Blueprints/BPC_Spotlight.uasset" 1309
"C:/Users/Tsuki/Downloads/CatBurglar_david/CatBurglar/Content/DavidFolder/Assets/Blueprints/BPC_Spotlight.uexp" 1310
"C:/Users/Tsuki/Downloads/CatBurglar_david/CatBurglar/Content/DavidFolder/Materials/Shaders/M_CelShader.uasset" 1311
"C:/Users/Tsuki/Downloads/CatBurglar_david/CatBurglar/Content/DavidFolder/Materials/Shaders/M_CelShader.uexp" 1312
"C:/Users/Tsuki/Downloads/CatBurglar_david/CatBurglar/Content/DavidFolder/Materials/Shaders/MI_CelShader.uasset" 1313
"C:/Users/Tsuki/Downloads/CatBurglar_david/CatBurglar/Content/DavidFolder/Materials/Shaders/MI_CelShader.uexp" 1314
"C:/Users/Tsuki/Downloads/CatBurglar_david/CatBurglar/Content/TK_Tools/Blockout_Kit/Mesh/Scale_Ref.ubulk" 1315
"C:/Users/Tsuki/Downloads/CatBurglar_david/CatBurglar/Content/TK_Tools/Blockout_Kit/Mesh/Scale_Ref.uasset" 1316
"C:/Users/Tsuki/Downloads/CatBurglar_david/CatBurglar/Content/TK_Tools/Blockout_Kit/Mesh/Scale_Ref.uexp" 1317
"C:/Users/Tsuki/Downloads/CatBurglar_david/CatBurglar/Content/TK_Tools/Textures/Flat_MRAO.ubulk" 1318
"C:/Users/Tsuki/Downloads/CatBurglar_david/CatBurglar/Content/TK_Tools/Textures/Flat_MRAO.uasset" 1319
"C:/Users/Tsuki/Downloads/CatBurglar_david/CatBurglar/Content/TK_Tools/Textures/Flat_MRAO.uexp" 1320
"C:/Users/Tsuki/Downloads/CatBurglar_david/CatBurglar/Content/TK_Tools/Shaders/Functions/UV_Tools.uasset" 1321
"C:/Users/Tsuki/Downloads/CatBurglar_david/CatBurglar/Content/TK_Tools/Shaders/Functions/UV_Tools.uexp" 1322
"C:/Users/Tsuki/Downloads/CatBurglar_david/CatBurglar/Content/TK_Tools/Shaders/Simple.uasset" 1323
"C:/Users/Tsuki/Downloads/CatBurglar_david/CatBurglar/Content/TK_Tools/Shaders/Simple.uexp" 1324
"C:/Users/Tsuki/Downloads/CatBurglar_david/CatBurglar/Content/TK_Tools/Textures/TK_Blockout_C.ubulk" 1325
"C:/Users/Tsuki/Downloads/CatBurglar_david/CatBurglar/Content/TK_Tools/Textures/TK_Blockout_C.uasset" 1326
"C:/Users/Tsuki/Downloads/CatBurglar_david/CatBurglar/Content/TK_Tools/Textures/TK_Blockout_C.uexp" 1327
"C:/Users/Tsuki/Downloads/CatBurglar_david/CatBurglar/Content/TK_Tools/Textures/TK_Blockout_MRAO.ubulk" 1328
"C:/Users/Tsuki/Downloads/CatBurglar_david/CatBurglar/Content/TK_Tools/Textures/TK_Blockout_MRAO.uasset" 1329
"C:/Users/Tsuki/Downloads/CatBurglar_david/CatBurglar/Content/TK_Tools/Textures/TK_Blockout_MRAO.uexp" 1330
"C:/Users/Tsuki/Downloads/CatBurglar_david/CatBurglar/Content/TK_Tools/Textures/TK_Blockout_N.ubulk" 1331
"C:/Users/Tsuki/Downloads/CatBurglar_david/CatBurglar/Content/TK_Tools/Textures/TK_Blockout_N.uasset" 1332
"C:/Users/Tsuki/Downloads/CatBurglar_david/CatBurglar/Content/TK_Tools/Textures/TK_Blockout_N.uexp" 1333
"C:/Users/Tsuki/Downloads/CatBurglar_david/CatBurglar/Content/TK_Tools/Blockout_Kit/Materials/TK_Blockout_Floor_DarkGrey.uasset" 1334
"C:/Users/Tsuki/Downloads/CatBurglar_david/CatBurglar/Content/TK_Tools/Blockout_Kit/Materials/TK_Blockout_Floor_DarkGrey.uexp" 1335
"C:/Users/Tsuki/Downloads/CatBurglar_david/CatBurglar/Content/TK_Tools/Blockout_Kit/Materials/TK_Blockout_SideWall_Grey.uasset" 1336
"C:/Users/Tsuki/Downloads/CatBurglar_david/CatBurglar/Content/TK_Tools/Blockout_Kit/Materials/TK_Blockout_SideWall_Grey.uexp" 1337
"C:/Users/Tsuki/Downloads/CatBurglar_david/CatBurglar/Content/TK_Tools/Blockout_Kit/Materials/TK_Blockout_Wall_Grey.uasset" 1338
"C:/Users/Tsuki/Downloads/CatBurglar_david/CatBurglar/Content/TK_Tools/Blockout_Kit/Materials/TK_Blockout_Wall_Grey.uexp" 1339
"C:/Users/Tsuki/Downloads/CatBurglar_david/CatBurglar/Content/TK_Tools/Blockout_Kit/Mesh/TK_Blockout_Cube_4x4.ubulk" 1340
"C:/Users/Tsuki/Downloads/CatBurglar_david/CatBurglar/Content/TK_Tools/Blockout_Kit/Mesh/TK_Blockout_Cube_4x4.uasset" 1341
"C:/Users/Tsuki/Downloads/CatBurglar_david/CatBurglar/Content/TK_Tools/Blockout_Kit/Mesh/TK_Blockout_Cube_4x4.uexp" 1342
"C:/Users/Tsuki/Downloads/CatBurglar_david/CatBurglar/Content/TK_Tools/Blockout_Kit/Mesh/TK_Blockout_Cylinder_01.ubulk" 1343
"C:/Users/Tsuki/Downloads/CatBurglar_david/CatBurglar/Content/TK_Tools/Blockout_Kit/Mesh/TK_Blockout_Cylinder_01.uasset" 1344
"C:/Users/Tsuki/Downloads/CatBurglar_david/CatBurglar/Content/TK_Tools/Blockout_Kit/Mesh/TK_Blockout_Cylinder_01.uexp" 1345
"C:/Users/Tsuki/Downloads/CatBurglar_david/CatBurglar/Content/TK_Tools/Blockout_Kit/Mesh/TK_Blockout_Door_Simple_01.ubulk" 1346
"C:/Users/Tsuki/Downloads/CatBurglar_david/CatBurglar/Content/TK_Tools/Blockout_Kit/Mesh/TK_Blockout_Door_Simple_01.uasset" 1347
"C:/Users/Tsuki/Downloads/CatBurglar_david/CatBurglar/Content/TK_Tools/Blockout_Kit/Mesh/TK_Blockout_Door_Simple_01.uexp" 1348
"C:/Users/Tsuki/Downloads/CatBurglar_david/CatBurglar/Content/TK_Tools/Blockout_Kit/Mesh/TK_Blockout_Floor_01_4x4.ubulk" 1349
"C:/Users/Tsuki/Downloads/CatBurglar_david/CatBurglar/Content/TK_Tools/Blockout_Kit/Mesh/TK_Blockout_Floor_01_4x4.uasset" 1350
"C:/Users/Tsuki/Downloads/CatBurglar_david/CatBurglar/Content/TK_Tools/Blockout_Kit/Mesh/TK_Blockout_Floor_01_4x4.uexp" 1351
"C:/Users/Tsuki/Downloads/CatBurglar_david/CatBurglar/Content/TK_Tools/Blockout_Kit/Mesh/TK_Blockout_Stairs_01_4x2.ubulk" 1352
"C:/Users/Tsuki/Downloads/CatBurglar_david/CatBurglar/Content/TK_Tools/Blockout_Kit/Mesh/TK_Blockout_Stairs_01_4x2.uasset" 1353
"C:/Users/Tsuki/Downloads/CatBurglar_david/CatBurglar/Content/TK_Tools/Blockout_Kit/Mesh/TK_Blockout_Stairs_01_4x2.uexp" 1354
"C:/Users/Tsuki/Downloads/CatBurglar_david/CatBurglar/Content/TK_Tools/Blockout_Kit/Mesh/TK_Blockout_Wall_Str_4x4.ubulk" 1355
"C:/Users/Tsuki/Downloads/CatBurglar_david/CatBurglar/Content/TK_Tools/Blockout_Kit/Mesh/TK_Blockout_Wall_Str_4x4.uasset" 1356
"C:/Users/Tsuki/Downloads/CatBurglar_david/CatBurglar/Content/TK_Tools/Blockout_Kit/Mesh/TK_Blockout_Wall_Str_4x4.uexp" 1357
"C:/Users/Tsuki/Downloads/CatBurglar_david/CatBurglar/Content/TK_Tools/Textures/TK_Blockout_Glass_01_C.ubulk" 1358
"C:/Users/Tsuki/Downloads/CatBurglar_david/CatBurglar/Content/TK_Tools/Textures/TK_Blockout_Glass_01_C.uasset" 1359
"C:/Users/Tsuki/Downloads/CatBurglar_david/CatBurglar/Content/TK_Tools/Textures/TK_Blockout_Glass_01_C.uexp" 1360
"C:/Users/Tsuki/Downloads/CatBurglar_david/CatBurglar/Content/TK_Tools/Textures/TK_Blockout_Glass_01_E.ubulk" 1361
"C:/Users/Tsuki/Downloads/CatBurglar_david/CatBurglar/Content/TK_Tools/Textures/TK_Blockout_Glass_01_E.uasset" 1362
"C:/Users/Tsuki/Downloads/CatBurglar_david/CatBurglar/Content/TK_Tools/Textures/TK_Blockout_Glass_01_E.uexp" 1363
"C:/Users/Tsuki/Downloads/CatBurglar_david/CatBurglar/Content/TK_Tools/Textures/TK_Blockout_Glass_01_MRAO.ubulk" 1364
"C:/Users/Tsuki/Downloads/CatBurglar_david/CatBurglar/Content/TK_Tools/Textures/TK_Blockout_Glass_01_MRAO.uasset" 1365
"C:/Users/Tsuki/Downloads/CatBurglar_david/CatBurglar/Content/TK_Tools/Textures/TK_Blockout_Glass_01_MRAO.uexp" 1366
"C:/Users/Tsuki/Downloads/CatBurglar_david/CatBurglar/Content/TK_Tools/Blockout_Kit/Materials/TK_Blockout_Glass_01.uasset" 1367
"C:/Users/Tsuki/Downloads/CatBurglar_david/CatBurglar/Content/TK_Tools/Blockout_Kit/Materials/TK_Blockout_Glass_01.uexp" 1368
"C:/Users/Tsuki/Downloads/CatBurglar_david/CatBurglar/Content/TK_Tools/Blockout_Kit/Mesh/TK_Blockout_Window_01.ubulk" 1369
"C:/Users/Tsuki/Downloads/CatBurglar_david/CatBurglar/Content/TK_Tools/Blockout_Kit/Mesh/TK_Blockout_Window_01.uasset" 1370
"C:/Users/Tsuki/Downloads/CatBurglar_david/CatBurglar/Content/TK_Tools/Blockout_Kit/Mesh/TK_Blockout_Window_01.uexp" 1371
"C:/Users/Tsuki/Downloads/CatBurglar_david/CatBurglar/Content/TK_Tools/Blockout_Kit/Mesh/TK_Blockout_Window_02.ubulk" 1372
"C:/Users/Tsuki/Downloads/CatBurglar_david/CatBurglar/Content/TK_Tools/Blockout_Kit/Mesh/TK_Blockout_Window_02.uasset" 1373
"C:/Users/Tsuki/Downloads/CatBurglar_david/CatBurglar/Content/TK_Tools/Blockout_Kit/Mesh/TK_Blockout_Window_02.uexp" 1374
"C:/Users/Tsuki/Downloads/CatBurglar_david/CatBurglar/Content/DavidFolder/Materials/MI_Treats.uasset" 1375
"C:/Users/Tsuki/Downloads/CatBurglar_david/CatBurglar/Content/DavidFolder/Materials/MI_Treats.uexp" 1376
"C:/Users/Tsuki/Downloads/CatBurglar_david/CatBurglar/Content/DavidFolder/Assets/Props/BoxTreats.ubulk" 1377
"C:/Users/Tsuki/Downloads/CatBurglar_david/CatBurglar/Content/DavidFolder/Assets/Props/BoxTreats.uasset" 1378
"C:/Users/Tsuki/Downloads/CatBurglar_david/CatBurglar/Content/DavidFolder/Assets/Props/BoxTreats.uexp" 1379
"C:/Users/Tsuki/Downloads/CatBurglar_david/CatBurglar/Content/_CaBurglar/Cat/SFX/TreatBox_001.ubulk" 1380
"C:/Users/Tsuki/Downloads/CatBurglar_david/CatBurglar/Content/_CaBurglar/Cat/SFX/TreatBox_001.uasset" 1381
"C:/Users/Tsuki/Downloads/CatBurglar_david/CatBurglar/Content/_CaBurglar/Cat/SFX/TreatBox_001.uexp" 1382
"C:/Users/Tsuki/Downloads/CatBurglar_david/CatBurglar/Content/DavidFolder/Assets/Blueprints/BP_Loot_Master.uasset" 1383
"C:/Users/Tsuki/Downloads/CatBurglar_david/CatBurglar/Content/DavidFolder/Assets/Blueprints/BP_Loot_Master.uexp" 1384
"C:/Users/Tsuki/Downloads/CatBurglar_david/CatBurglar/Content/DavidFolder/Assets/Props/Tuna.ubulk" 1385
"C:/Users/Tsuki/Downloads/CatBurglar_david/CatBurglar/Content/DavidFolder/Assets/Props/Tuna.uasset" 1386
"C:/Users/Tsuki/Downloads/CatBurglar_david/CatBurglar/Content/DavidFolder/Assets/Props/Tuna.uexp" 1387
"C:/Users/Tsuki/Downloads/CatBurglar_david/CatBurglar/Content/DavidFolder/Assets/Blueprints/BP_NewAbility.uasset" 1388
"C:/Users/Tsuki/Downloads/CatBurglar_david/CatBurglar/Content/DavidFolder/Assets/Blueprints/BP_NewAbility.uexp" 1389
"C:/Users/Tsuki/Downloads/CatBurglar_david/CatBurglar/Content/DavidFolder/Assets/LevelEnvironment/lambert1.uasset" 1390
"C:/Users/Tsuki/Downloads/CatBurglar_david/CatBurglar/Content/DavidFolder/Assets/LevelEnvironment/lambert1.uexp" 1391
"C:/Users/Tsuki/Downloads/CatBurglar_david/CatBurglar/Content/DavidFolder/Assets/LevelEnvironment/DoorB.ubulk" 1392
"C:/Users/Tsuki/Downloads/CatBurglar_david/CatBurglar/Content/DavidFolder/Assets/LevelEnvironment/DoorB.uasset" 1393
"C:/Users/Tsuki/Downloads/CatBurglar_david/CatBurglar/Content/DavidFolder/Assets/LevelEnvironment/DoorB.uexp" 1394
"C:/Users/Tsuki/Downloads/CatBurglar_david/CatBurglar/Content/DavidFolder/Assets/LevelEnvironment/phongE1.uasset" 1395
"C:/Users/Tsuki/Downloads/CatBurglar_david/CatBurglar/Content/DavidFolder/Assets/LevelEnvironment/phongE1.uexp" 1396
"C:/Users/Tsuki/Downloads/CatBurglar_david/CatBurglar/Content/DavidFolder/Assets/LevelEnvironment/Floor.ubulk" 1397
"C:/Users/Tsuki/Downloads/CatBurglar_david/CatBurglar/Content/DavidFolder/Assets/LevelEnvironment/Floor.uasset" 1398
"C:/Users/Tsuki/Downloads/CatBurglar_david/CatBurglar/Content/DavidFolder/Assets/LevelEnvironment/Floor.uexp" 1399
"C:/Users/Tsuki/Downloads/CatBurglar_david/CatBurglar/Content/DavidFolder/Assets/LevelEnvironment/GalleryCornerWallA1.ubulk" 1400
"C:/Users/Tsuki/Downloads/CatBurglar_david/CatBurglar/Content/DavidFolder/Assets/LevelEnvironment/GalleryCornerWallA1.uasset" 1401
"C:/Users/Tsuki/Downloads/CatBurglar_david/CatBurglar/Content/DavidFolder/Assets/LevelEnvironment/GalleryCornerWallA1.uexp" 1402
"C:/Users/Tsuki/Downloads/CatBurglar_david/CatBurglar/Content/DavidFolder/Assets/LevelEnvironment/GalleryRoof.ubulk" 1403
"C:/Users/Tsuki/Downloads/CatBurglar_david/CatBurglar/Content/DavidFolder/Assets/LevelEnvironment/GalleryRoof.uasset" 1404
"C:/Users/Tsuki/Downloads/CatBurglar_david/CatBurglar/Content/DavidFolder/Assets/LevelEnvironment/GalleryRoof.uexp" 1405
"C:/Users/Tsuki/Downloads/CatBurglar_david/CatBurglar/Content/DavidFolder/Assets/LevelEnvironment/GalleryWallA1.ubulk" 1406
"C:/Users/Tsuki/Downloads/CatBurglar_david/CatBurglar/Content/DavidFolder/Assets/LevelEnvironment/GalleryWallA1.uasset" 1407
"C:/Users/Tsuki/Downloads/CatBurglar_david/CatBurglar/Content/DavidFolder/Assets/LevelEnvironment/GalleryWallA1.uexp" 1408
"C:/Users/Tsuki/Downloads/CatBurglar_david/CatBurglar/Content/DavidFolder/Assets/LevelEnvironment/SmallShowcaseStandB1.ubulk" 1409
"C:/Users/Tsuki/Downloads/CatBurglar_david/CatBurglar/Content/DavidFolder/Assets/LevelEnvironment/SmallShowcaseStandB1.uasset" 1410
"C:/Users/Tsuki/Downloads/CatBurglar_david/CatBurglar/Content/DavidFolder/Assets/LevelEnvironment/SmallShowcaseStandB1.uexp" 1411
"C:/Users/Tsuki/Downloads/CatBurglar_david/CatBurglar/Content/DavidFolder/Assets/LevelEnvironment/SmallShowcaseStandB2.ubulk" 1412
"C:/Users/Tsuki/Downloads/CatBurglar_david/CatBurglar/Content/DavidFolder/Assets/LevelEnvironment/SmallShowcaseStandB2.uasset" 1413
"C:/Users/Tsuki/Downloads/CatBurglar_david/CatBurglar/Content/DavidFolder/Assets/LevelEnvironment/SmallShowcaseStandB2.uexp" 1414
"C:/Users/Tsuki/Downloads/CatBurglar_david/CatBurglar/Content/DavidFolder/Assets/LevelEnvironment/ThinGalleryWallA1.ubulk" 1415
"C:/Users/Tsuki/Downloads/CatBurglar_david/CatBurglar/Content/DavidFolder/Assets/LevelEnvironment/ThinGalleryWallA1.uasset" 1416
"C:/Users/Tsuki/Downloads/CatBurglar_david/CatBurglar/Content/DavidFolder/Assets/LevelEnvironment/ThinGalleryWallA1.uexp" 1417
"C:/Users/Tsuki/Downloads/CatBurglar_david/CatBurglar/Content/DavidFolder/Assets/LevelEnvironment/Wall.ubulk" 1418
"C:/Users/Tsuki/Downloads/CatBurglar_david/CatBurglar/Content/DavidFolder/Assets/LevelEnvironment/Wall.uasset" 1419
"C:/Users/Tsuki/Downloads/CatBurglar_david/CatBurglar/Content/DavidFolder/Assets/LevelEnvironment/Wall.uexp" 1420
"C:/Users/Tsuki/Downloads/CatBurglar_david/CatBurglar/Content/DavidFolder/Materials/Textures/Cat4.uasset" 1421
"C:/Users/Tsuki/Downloads/CatBurglar_david/CatBurglar/Content/DavidFolder/Materials/Textures/Cat4.uexp" 1422
"C:/Users/Tsuki/Downloads/CatBurglar_david/CatBurglar/Content/DavidFolder/Materials/Paintings/MI_CatSerious.uasset" 1423
"C:/Users/Tsuki/Downloads/CatBurglar_david/CatBurglar/Content/DavidFolder/Materials/Paintings/MI_CatSerious.uexp" 1424
"C:/Users/Tsuki/Downloads/CatBurglar_david/CatBurglar/Content/DavidFolder/Assets/Props/RegularPainting.ubulk" 1425
"C:/Users/Tsuki/Downloads/CatBurglar_david/CatBurglar/Content/DavidFolder/Assets/Props/RegularPainting.uasset" 1426
"C:/Users/Tsuki/Downloads/CatBurglar_david/CatBurglar/Content/DavidFolder/Assets/Props/RegularPainting.uexp" 1427
"C:/Users/Tsuki/Downloads/CatBurglar_david/CatBurglar/Content/DavidFolder/Materials/Textures/Cat6.uasset" 1428
"C:/Users/Tsuki/Downloads/CatBurglar_david/CatBurglar/Content/DavidFolder/Materials/Textures/Cat6.uexp" 1429
"C:/Users/Tsuki/Downloads/CatBurglar_david/CatBurglar/Content/DavidFolder/Materials/Paintings/MICat1.uasset" 1430
"C:/Users/Tsuki/Downloads/CatBurglar_david/CatBurglar/Content/DavidFolder/Materials/Paintings/MICat1.uexp" 1431
"C:/Users/Tsuki/Downloads/CatBurglar_david/CatBurglar/Content/DavidFolder/Materials/Textures/Cat8.uasset" 1432
"C:/Users/Tsuki/Downloads/CatBurglar_david/CatBurglar/Content/DavidFolder/Materials/Textures/Cat8.uexp" 1433
"C:/Users/Tsuki/Downloads/CatBurglar_david/CatBurglar/Content/DavidFolder/Materials/Paintings/MI_Cat3.uasset" 1434
"C:/Users/Tsuki/Downloads/CatBurglar_david/CatBurglar/Content/DavidFolder/Materials/Paintings/MI_Cat3.uexp" 1435
"C:/Users/Tsuki/Downloads/CatBurglar_david/CatBurglar/Content/DavidFolder/Materials/Textures/cat2.uasset" 1436
"C:/Users/Tsuki/Downloads/CatBurglar_david/CatBurglar/Content/DavidFolder/Materials/Textures/cat2.uexp" 1437
"C:/Users/Tsuki/Downloads/CatBurglar_david/CatBurglar/Content/DavidFolder/Materials/Paintings/MI_CatBread.uasset" 1438
"C:/Users/Tsuki/Downloads/CatBurglar_david/CatBurglar/Content/DavidFolder/Materials/Paintings/MI_CatBread.uexp" 1439
"C:/Users/Tsuki/Downloads/CatBurglar_david/CatBurglar/Content/DavidFolder/Materials/Textures/capy2.uasset" 1440
"C:/Users/Tsuki/Downloads/CatBurglar_david/CatBurglar/Content/DavidFolder/Materials/Textures/capy2.uexp" 1441
"C:/Users/Tsuki/Downloads/CatBurglar_david/CatBurglar/Content/DavidFolder/Materials/Paintings/MI_CatCapy2.uasset" 1442
"C:/Users/Tsuki/Downloads/CatBurglar_david/CatBurglar/Content/DavidFolder/Materials/Paintings/MI_CatCapy2.uexp" 1443
"C:/Users/Tsuki/Downloads/CatBurglar_david/CatBurglar/Content/DavidFolder/Materials/Textures/Cat5.uasset" 1444
"C:/Users/Tsuki/Downloads/CatBurglar_david/CatBurglar/Content/DavidFolder/Materials/Textures/Cat5.uexp" 1445
"C:/Users/Tsuki/Downloads/CatBurglar_david/CatBurglar/Content/DavidFolder/Materials/Paintings/MI_CatSalut.uasset" 1446
"C:/Users/Tsuki/Downloads/CatBurglar_david/CatBurglar/Content/DavidFolder/Materials/Paintings/MI_CatSalut.uexp" 1447
"C:/Users/Tsuki/Downloads/CatBurglar_david/CatBurglar/Content/DavidFolder/Materials/Textures/Cat1.uasset" 1448
"C:/Users/Tsuki/Downloads/CatBurglar_david/CatBurglar/Content/DavidFolder/Materials/Textures/Cat1.uexp" 1449
"C:/Users/Tsuki/Downloads/CatBurglar_david/CatBurglar/Content/DavidFolder/Materials/Paintings/MI_CatTongue.uasset" 1450
"C:/Users/Tsuki/Downloads/CatBurglar_david/CatBurglar/Content/DavidFolder/Materials/Paintings/MI_CatTongue.uexp" 1451
"C:/Users/Tsuki/Downloads/CatBurglar_david/CatBurglar/Content/DavidFolder/Materials/Textures/Cat3.uasset" 1452
"C:/Users/Tsuki/Downloads/CatBurglar_david/CatBurglar/Content/DavidFolder/Materials/Textures/Cat3.uexp" 1453
"C:/Users/Tsuki/Downloads/CatBurglar_david/CatBurglar/Content/DavidFolder/Materials/Paintings/MI_CatWizard.uasset" 1454
"C:/Users/Tsuki/Downloads/CatBurglar_david/CatBurglar/Content/DavidFolder/Materials/Paintings/MI_CatWizard.uexp" 1455
"C:/Users/Tsuki/Downloads/CatBurglar_david/CatBurglar/Content/_CaBurglar/Images/UI/yourdidit.uasset" 1456
"C:/Users/Tsuki/Downloads/CatBurglar_david/CatBurglar/Content/_CaBurglar/Images/UI/yourdidit.uexp" 1457
"C:/Users/Tsuki/Downloads/CatBurglar_david/CatBurglar/Content/_CaBurglar/Widgets/WB_Winscreen.uasset" 1458
"C:/Users/Tsuki/Downloads/CatBurglar_david/CatBurglar/Content/_CaBurglar/Widgets/WB_Winscreen.uexp" 1459
"C:/Users/Tsuki/Downloads/CatBurglar_david/CatBurglar/Content/_CaBurglar/Widgets/WB_Notes.uasset" 1460
"C:/Users/Tsuki/Downloads/CatBurglar_david/CatBurglar/Content/_CaBurglar/Widgets/WB_Notes.uexp" 1461
"C:/Users/Tsuki/Downloads/CatBurglar_david/CatBurglar/Content/DavidFolder/Assets/Props/StickyNote.ubulk" 1462
"C:/Users/Tsuki/Downloads/CatBurglar_david/CatBurglar/Content/DavidFolder/Assets/Props/StickyNote.uasset" 1463
"C:/Users/Tsuki/Downloads/CatBurglar_david/CatBurglar/Content/DavidFolder/Assets/Props/StickyNote.uexp" 1464
"C:/Users/Tsuki/Downloads/CatBurglar_david/CatBurglar/Content/_CaBurglar/Cat/SFX/Note_02.ubulk" 1465
"C:/Users/Tsuki/Downloads/CatBurglar_david/CatBurglar/Content/_CaBurglar/Cat/SFX/Note_02.uasset" 1466
"C:/Users/Tsuki/Downloads/CatBurglar_david/CatBurglar/Content/_CaBurglar/Cat/SFX/Note_02.uexp" 1467
"C:/Users/Tsuki/Downloads/CatBurglar_david/CatBurglar/Content/_CaBurglar/Cat/SFX/Note_03.ubulk" 1468
"C:/Users/Tsuki/Downloads/CatBurglar_david/CatBurglar/Content/_CaBurglar/Cat/SFX/Note_03.uasset" 1469
"C:/Users/Tsuki/Downloads/CatBurglar_david/CatBurglar/Content/_CaBurglar/Cat/SFX/Note_03.uexp" 1470
"C:/Users/Tsuki/Downloads/CatBurglar_david/CatBurglar/Content/DavidFolder/Assets/Blueprints/BP_StickyNote.uasset" 1471
"C:/Users/Tsuki/Downloads/CatBurglar_david/CatBurglar/Content/DavidFolder/Assets/Blueprints/BP_StickyNote.uexp" 1472
"C:/Users/Tsuki/Downloads/CatBurglar_david/CatBurglar/Content/DavidFolder/Assets/LevelEnvironment/CatWalk_Long.ubulk" 1473
"C:/Users/Tsuki/Downloads/CatBurglar_david/CatBurglar/Content/DavidFolder/Assets/LevelEnvironment/CatWalk_Long.uasset" 1474
"C:/Users/Tsuki/Downloads/CatBurglar_david/CatBurglar/Content/DavidFolder/Assets/LevelEnvironment/CatWalk_Long.uexp" 1475
"C:/Users/Tsuki/Downloads/CatBurglar_david/CatBurglar/Content/DavidFolder/Assets/LevelEnvironment/CatWalk_Short.ubulk" 1476
"C:/Users/Tsuki/Downloads/CatBurglar_david/CatBurglar/Content/DavidFolder/Assets/LevelEnvironment/CatWalk_Short.uasset" 1477
"C:/Users/Tsuki/Downloads/CatBurglar_david/CatBurglar/Content/DavidFolder/Assets/LevelEnvironment/CatWalk_Short.uexp" 1478
"C:/Users/Tsuki/Downloads/CatBurglar_david/CatBurglar/Content/DavidFolder/Assets/LevelEnvironment/DoorFrame.ubulk" 1479
"C:/Users/Tsuki/Downloads/CatBurglar_david/CatBurglar/Content/DavidFolder/Assets/LevelEnvironment/DoorFrame.uasset" 1480
"C:/Users/Tsuki/Downloads/CatBurglar_david/CatBurglar/Content/DavidFolder/Assets/LevelEnvironment/DoorFrame.uexp" 1481
"C:/Users/Tsuki/Downloads/CatBurglar_david/CatBurglar/Content/DavidFolder/Assets/LevelEnvironment/DoorLeft.ubulk" 1482
"C:/Users/Tsuki/Downloads/CatBurglar_david/CatBurglar/Content/DavidFolder/Assets/LevelEnvironment/DoorLeft.uasset" 1483
"C:/Users/Tsuki/Downloads/CatBurglar_david/CatBurglar/Content/DavidFolder/Assets/LevelEnvironment/DoorLeft.uexp" 1484
"C:/Users/Tsuki/Downloads/CatBurglar_david/CatBurglar/Content/DavidFolder/Assets/LevelEnvironment/DoorRight.ubulk" 1485
"C:/Users/Tsuki/Downloads/CatBurglar_david/CatBurglar/Content/DavidFolder/Assets/LevelEnvironment/DoorRight.uasset" 1486
"C:/Users/Tsuki/Downloads/CatBurglar_david/CatBurglar/Content/DavidFolder/Assets/LevelEnvironment/DoorRight.uexp" 1487
"C:/Users/Tsuki/Downloads/CatBurglar_david/CatBurglar/Content/DavidFolder/Assets/LevelEnvironment/GalleryCornerWallB1.ubulk" 1488
"C:/Users/Tsuki/Downloads/CatBurglar_david/CatBurglar/Content/DavidFolder/Assets/LevelEnvironment/GalleryCornerWallB1.uasset" 1489
"C:/Users/Tsuki/Downloads/CatBurglar_david/CatBurglar/Content/DavidFolder/Assets/LevelEnvironment/GalleryCornerWallB1.uexp" 1490
"C:/Users/Tsuki/Downloads/CatBurglar_david/CatBurglar/Content/DavidFolder/Assets/LevelEnvironment/GalleryWallA3.ubulk" 1491
"C:/Users/Tsuki/Downloads/CatBurglar_david/CatBurglar/Content/DavidFolder/Assets/LevelEnvironment/GalleryWallA3.uasset" 1492
"C:/Users/Tsuki/Downloads/CatBurglar_david/CatBurglar/Content/DavidFolder/Assets/LevelEnvironment/GalleryWallA3.uexp" 1493
"C:/Users/Tsuki/Downloads/CatBurglar_david/CatBurglar/Content/DavidFolder/Assets/LevelEnvironment/GalleryWallB1.ubulk" 1494
"C:/Users/Tsuki/Downloads/CatBurglar_david/CatBurglar/Content/DavidFolder/Assets/LevelEnvironment/GalleryWallB1.uasset" 1495
"C:/Users/Tsuki/Downloads/CatBurglar_david/CatBurglar/Content/DavidFolder/Assets/LevelEnvironment/GalleryWallB1.uexp" 1496
"C:/Users/Tsuki/Downloads/CatBurglar_david/CatBurglar/Content/DavidFolder/Assets/LevelEnvironment/GalleryWallWindowB1.ubulk" 1497
"C:/Users/Tsuki/Downloads/CatBurglar_david/CatBurglar/Content/DavidFolder/Assets/LevelEnvironment/GalleryWallWindowB1.uasset" 1498
"C:/Users/Tsuki/Downloads/CatBurglar_david/CatBurglar/Content/DavidFolder/Assets/LevelEnvironment/GalleryWallWindowB1.uexp" 1499
"C:/Users/Tsuki/Downloads/CatBurglar_david/CatBurglar/Content/DavidFolder/Assets/LevelEnvironment/Pillar1.ubulk" 1500
"C:/Users/Tsuki/Downloads/CatBurglar_david/CatBurglar/Content/DavidFolder/Assets/LevelEnvironment/Pillar1.uasset" 1501
"C:/Users/Tsuki/Downloads/CatBurglar_david/CatBurglar/Content/DavidFolder/Assets/LevelEnvironment/Pillar1.uexp" 1502
"C:/Users/Tsuki/Downloads/CatBurglar_david/CatBurglar/Content/DavidFolder/Assets/LevelEnvironment/Pillar2.ubulk" 1503
"C:/Users/Tsuki/Downloads/CatBurglar_david/CatBurglar/Content/DavidFolder/Assets/LevelEnvironment/Pillar2.uasset" 1504
"C:/Users/Tsuki/Downloads/CatBurglar_david/CatBurglar/Content/DavidFolder/Assets/LevelEnvironment/Pillar2.uexp" 1505
"C:/Users/Tsuki/Downloads/CatBurglar_david/CatBurglar/Content/DavidFolder/Assets/LevelEnvironment/SupportWall.ubulk" 1506
"C:/Users/Tsuki/Downloads/CatBurglar_david/CatBurglar/Content/DavidFolder/Assets/LevelEnvironment/SupportWall.uasset" 1507
"C:/Users/Tsuki/Downloads/CatBurglar_david/CatBurglar/Content/DavidFolder/Assets/LevelEnvironment/SupportWall.uexp" 1508
"C:/Users/Tsuki/Downloads/CatBurglar_david/CatBurglar/Content/DavidFolder/Assets/LevelEnvironment/VentLong.ubulk" 1509
"C:/Users/Tsuki/Downloads/CatBurglar_david/CatBurglar/Content/DavidFolder/Assets/LevelEnvironment/VentLong.uasset" 1510
"C:/Users/Tsuki/Downloads/CatBurglar_david/CatBurglar/Content/DavidFolder/Assets/LevelEnvironment/VentLong.uexp" 1511
"C:/Users/Tsuki/Downloads/CatBurglar_david/CatBurglar/Content/DavidFolder/Assets/LevelEnvironment/VentTop.ubulk" 1512
"C:/Users/Tsuki/Downloads/CatBurglar_david/CatBurglar/Content/DavidFolder/Assets/LevelEnvironment/VentTop.uasset" 1513
"C:/Users/Tsuki/Downloads/CatBurglar_david/CatBurglar/Content/DavidFolder/Assets/LevelEnvironment/VentTop.uexp" 1514
"C:/Users/Tsuki/Downloads/CatBurglar_david/CatBurglar/Content/DavidFolder/Assets/LevelEnvironment/VentTurn.ubulk" 1515
"C:/Users/Tsuki/Downloads/CatBurglar_david/CatBurglar/Content/DavidFolder/Assets/LevelEnvironment/VentTurn.uasset" 1516
"C:/Users/Tsuki/Downloads/CatBurglar_david/CatBurglar/Content/DavidFolder/Assets/LevelEnvironment/VentTurn.uexp" 1517
"C:/Users/Tsuki/Downloads/CatBurglar_david/CatBurglar/Content/DavidFolder/Assets/Props/Black1.uasset" 1518
"C:/Users/Tsuki/Downloads/CatBurglar_david/CatBurglar/Content/DavidFolder/Assets/Props/Black1.uexp" 1519
"C:/Users/Tsuki/Downloads/CatBurglar_david/CatBurglar/Content/DavidFolder/Assets/Props/ClosedBox.ubulk" 1520
"C:/Users/Tsuki/Downloads/CatBurglar_david/CatBurglar/Content/DavidFolder/Assets/Props/ClosedBox.uasset" 1521
"C:/Users/Tsuki/Downloads/CatBurglar_david/CatBurglar/Content/DavidFolder/Assets/Props/ClosedBox.uexp" 1522
"C:/Users/Tsuki/Downloads/CatBurglar_david/CatBurglar/Content/DavidFolder/Assets/Props/Vase01.ubulk" 1523
"C:/Users/Tsuki/Downloads/CatBurglar_david/CatBurglar/Content/DavidFolder/Assets/Props/Vase01.uasset" 1524
"C:/Users/Tsuki/Downloads/CatBurglar_david/CatBurglar/Content/DavidFolder/Assets/Props/Vase01.uexp" 1525
"C:/Users/Tsuki/Downloads/CatBurglar_david/CatBurglar/Content/DavidFolder/Assets/Props/Vase02.ubulk" 1526
"C:/Users/Tsuki/Downloads/CatBurglar_david/CatBurglar/Content/DavidFolder/Assets/Props/Vase02.uasset" 1527
"C:/Users/Tsuki/Downloads/CatBurglar_david/CatBurglar/Content/DavidFolder/Assets/Props/Vase02.uexp" 1528
"C:/Users/Tsuki/Downloads/CatBurglar_david/CatBurglar/Content/_CaBurglar/Cat/SFX/win_sound.ubulk" 1529
"C:/Users/Tsuki/Downloads/CatBurglar_david/CatBurglar/Content/_CaBurglar/Cat/SFX/win_sound.uasset" 1530
"C:/Users/Tsuki/Downloads/CatBurglar_david/CatBurglar/Content/_CaBurglar/Cat/SFX/win_sound.uexp" 1531
"C:/Users/Tsuki/Downloads/CatBurglar_david/CatBurglar/Content/_CaBurglar/Level/Lvl_Museum.uexp" 1532
"C:/Users/Tsuki/Downloads/CatBurglar_david/CatBurglar/Content/_CaBurglar/Level/Lvl_Museum.umap" 1533
