"C:/Users/Tsuki/Downloads/CatBurglar_david/CatBurglar/CatBurglar.uproject" 1
"../../../Engine/Plugins/AudioGameplayVolume/AudioGameplayVolume.uplugin" 2
"../../../Engine/Plugins/AudioInsights/AudioInsights.uplugin" 3
"../../../Engine/Plugins/BaseMaterial/BaseMaterial.uplugin" 4
"../../../Engine/Plugins/AudioGameplay/AudioGameplay.uplugin" 5
"../../../Engine/Plugins/Bridge/Bridge.uplugin" 6
"../../../Engine/Plugins/ChaosClothAsset/ChaosClothAsset.uplugin" 7
"../../../Engine/Plugins/ChaosCloth/ChaosCloth.uplugin" 8
"../../../Engine/Plugins/BlueprintFileUtils/BlueprintFileUtils.uplugin" 9
"../../../Engine/Plugins/ChaosVD/ChaosVD.uplugin" 10
"../../../Engine/Plugins/ChaosClothAssetEditor/ChaosClothAssetEditor.uplugin" 11
"../../../Engine/Plugins/ChaosInsights/ChaosInsights.uplugin" 12
"../../../Engine/Plugins/CmdLinkServer/CmdLinkServer.uplugin" 13
"../../../Engine/Plugins/DiscoveryBeaconReceiver/DiscoveryBeaconReceiver.uplugin" 14
"../../../Engine/Plugins/EnhancedInput/EnhancedInput.uplugin" 15
"../../../Engine/Plugins/Fab/Fab.uplugin" 16
"../../../Engine/Plugins/Chooser/Chooser.uplugin" 17
"../../../Engine/Plugins/FastBuildController/FastBuildController.uplugin" 18
"../../../Engine/Plugins/IoStoreInsights/IoStoreInsights.uplugin" 19
"../../../Engine/Plugins/JsonBlueprintUtilities/JsonBlueprintUtilities.uplugin" 20
"../../../Engine/Plugins/LightWeightInstancesEditor/LightWeightInstancesEditor.uplugin" 21
"../../../Engine/Plugins/MassInsights/MassInsights.uplugin" 22
"../../../Engine/Plugins/MeshPainting/MeshPainting.uplugin" 23
"../../../Engine/Plugins/Mutable/Mutable.uplugin" 24
"../../../Engine/Plugins/PCG/PCG.uplugin" 25
"../../../Engine/Plugins/ScriptPlugin/ScriptPlugin.uplugin" 26
"../../../Engine/Plugins/MemoryUsageQueries/MemoryUsageQueries.uplugin" 27
"../../../Engine/Plugins/TextureGraph/TextureGraph.uplugin" 28
"../../../Engine/Plugins/RenderGraphInsights/RenderGraphInsights.uplugin" 29
"../../../Engine/Plugins/UbaController/UbaController.uplugin" 30
"../../../Engine/Plugins/WorldMetrics/WorldMetrics.uplugin" 31
"../../../Engine/Plugins/XGEController/XGEController.uplugin" 32
"../../../Engine/Plugins/AI/AISupport/AISupport.uplugin" 33
"../../../Engine/Plugins/AI/EnvironmentQueryEditor/EnvironmentQueryEditor.uplugin" 34
"../../../Engine/Plugins/AI/HTNPlanner/HTNPlanner.uplugin" 35
"../../../Engine/Plugins/AI/MassCrowd/MassCrowd.uplugin" 36
"../../../Engine/Plugins/AI/MassAI/MassAI.uplugin" 37
"../../../Engine/Plugins/Compression/OodleNetwork/OodleNetwork.uplugin" 38
"../../../Engine/Plugins/Editor/AssetManagerEditor/AssetManagerEditor.uplugin" 39
"../../../Engine/Plugins/Editor/AssetReferenceRestrictions/AssetReferenceRestrictions.uplugin" 40
"../../../Engine/Plugins/Editor/BlueprintHeaderView/BlueprintHeaderView.uplugin" 41
"../../../Engine/Plugins/Editor/AssetRegistryExport/AssetRegistryExport.uplugin" 42
"../../../Engine/Plugins/Editor/AssetSearch/AssetSearch.uplugin" 43
"../../../Engine/Plugins/TraceUtilities/TraceUtilities.uplugin" 44
"../../../Engine/Plugins/Editor/BlueprintMaterialTextureNodes/BlueprintMaterialTextureNodes.uplugin" 45
"../../../Engine/Plugins/Editor/ConsoleVariablesEditor/ConsoleVariables.uplugin" 46
"../../../Engine/Plugins/AI/MLAdapter/MLAdapter.uplugin" 47
"../../../Engine/Plugins/Editor/CryptoKeys/CryptoKeys.uplugin" 48
"../../../Engine/Plugins/Editor/ColorGrading/ColorGrading.uplugin" 49
"../../../Engine/Plugins/Editor/DataValidation/DataValidation.uplugin" 50
"../../../Engine/Plugins/Editor/EditorScriptingUtilities/EditorScriptingUtilities.uplugin" 51
"../../../Engine/Plugins/Editor/CurveEditorTools/CurveEditorTools.uplugin" 52
"../../../Engine/Plugins/Editor/ChangelistReview/ChangelistReview.uplugin" 53
"../../../Engine/Plugins/Editor/DisplayClusterLaunch/DisplayClusterLaunch.uplugin" 54
"../../../Engine/Plugins/Editor/FacialAnimation/FacialAnimation.uplugin" 55
"../../../Engine/Plugins/Editor/EditorDebugTools/EditorDebugTools.uplugin" 56
"../../../Engine/Plugins/Editor/EditorSysConfigAssistant/EditorSysConfigAssistant.uplugin" 57
"../../../Engine/Plugins/Editor/GuidedTutorials/GuidedTutorials.uplugin" 58
"../../../Engine/Plugins/Editor/LandscapePatch/LandscapePatch.uplugin" 59
"../../../Engine/Plugins/Editor/LiveUpdateForSlate/LiveUpdateForSlate.uplugin" 60
"../../../Engine/Plugins/Editor/MaterialAnalyzer/MaterialAnalyzer.uplugin" 61
"../../../Engine/Plugins/Editor/GeometryMode/GeometryMode.uplugin" 62
"../../../Engine/Plugins/Editor/MakeCookedEditorAsDLC/MakeCookedEditorAsDLC.uplugin" 63
"../../../Engine/Plugins/Editor/MacGraphicsSwitching/MacGraphicsSwitching.uplugin" 64
"../../../Engine/Plugins/Editor/ModelingToolsEditorMode/ModelingToolsEditorMode.uplugin" 65
"../../../Engine/Plugins/Editor/GameplayTagsEditor/GameplayTagsEditor.uplugin" 66
"../../../Engine/Plugins/Editor/MobileLauncherProfileWizard/MobileLauncherProfileWizard.uplugin" 67
"../../../Engine/Plugins/Editor/ModelViewViewModelPreview/ModelViewViewModelPreview.uplugin" 68
"../../../Engine/Plugins/Editor/PluginBrowser/PluginBrowser.uplugin" 69
"../../../Engine/Plugins/Editor/ProxyLODPlugin/ProxyLODPlugin.uplugin" 70
"../../../Engine/Plugins/Editor/SampleToolsEditorMode/SampleToolsEditorMode.uplugin" 71
"../../../Engine/Plugins/Editor/SequencerAnimTools/SequencerAnimTools.uplugin" 72
"../../../Engine/Plugins/Editor/SpeedTreeImporter/SpeedTreeImporter.uplugin" 73
"../../../Engine/Plugins/Editor/StylusInput/StylusInput.uplugin" 74
"../../../Engine/Plugins/Editor/EngineAssetDefinitions/EngineAssetDefinitions.uplugin" 75
"../../../Engine/Plugins/Editor/ScriptableToolsEditorMode/ScriptableToolsEditorMode.uplugin" 76
"../../../Engine/Plugins/Editor/UMGWidgetPreview/UMGWidgetPreview.uplugin" 77
"../../../Engine/Plugins/Editor/MeshLODToolset/MeshLODToolset.uplugin" 78
"../../../Engine/Plugins/FX/CascadeToNiagaraConverter/CascadeToNiagaraConverter.uplugin" 79
"../../../Engine/Plugins/FX/Cascade/Cascade.uplugin" 80
"../../../Engine/Plugins/FX/ExampleCustomDataInterface/ExampleCustomDataInterface.uplugin" 81
"../../../Engine/Plugins/FX/Niagara/Niagara.uplugin" 82
"../../../Engine/Plugins/Editor/WaveformEditor/WaveformEditor.uplugin" 83
"../../../Engine/Plugins/FX/NiagaraNanite/NiagaraNanite.uplugin" 84
"../../../Engine/Plugins/FX/NiagaraFluids/NiagaraFluids.uplugin" 85
"../../../Engine/Plugins/Editor/UVEditor/UVEditor.uplugin" 86
"../../../Engine/Plugins/FX/NiagaraPreviewContent/NiagaraPreviewContent.uplugin" 87
"../../../Engine/Plugins/Interchange/Assets/InterchangeAssets.uplugin" 88
"../../../Engine/Plugins/FX/NiagaraMRQ/NiagaraMRQ.uplugin" 89
"../../../Engine/Plugins/Editor/StaticMeshEditorModeling/StaticMeshEditorModeling.uplugin" 90
"../../../Engine/Plugins/Interchange/Editor/InterchangeEditor.uplugin" 91
"../../../Engine/Plugins/Interchange/Runtime/Interchange.uplugin" 92
"../../../Engine/Plugins/FX/NiagaraSimCaching/NiagaraSimCaching.uplugin" 93
"../../../Engine/Plugins/Online/EOSShared/EOSShared.uplugin" 94
"../../../Engine/Plugins/Online/EOSOverlayInputProvider/EOSOverlayInputProvider.uplugin" 95
"../../../Engine/Plugins/Online/OnlineFrameworkCommon/OnlineFrameworkCommon.uplugin" 96
"../../../Engine/Plugins/Online/OnlineFramework/OnlineFramework.uplugin" 97
"../../../Engine/Plugins/Online/OnlineServices/OnlineServices.uplugin" 98
"../../../Engine/Plugins/Online/OnlineServicesEOSGS/OnlineServicesEOSGS.uplugin" 99
"../../../Engine/Plugins/Online/OnlineSubsystemAmazon/OnlineSubsystemAmazon.uplugin" 100
"../../../Engine/Plugins/Online/OnlineServicesNull/OnlineServicesNull.uplugin" 101
"../../../Engine/Plugins/Online/OnlineSubsystem/OnlineSubsystem.uplugin" 102
"../../../Engine/Plugins/Online/OnlineServicesEOS/OnlineServicesEOS.uplugin" 103
"../../../Engine/Plugins/Online/OnlineBase/OnlineBase.uplugin" 104
"../../../Engine/Plugins/Online/SocketSubsystemEOS/SocketSubsystemEOS.uplugin" 105
"../../../Engine/Plugins/Online/OnlineSubsystemGoogle/OnlineSubsystemGoogle.uplugin" 106
"../../../Engine/Plugins/Editor/WorldPartitionHLODUtilities/WorldPartitionHLODUtilities.uplugin" 107
"../../../Engine/Plugins/Online/OnlineSubsystemSteam/OnlineSubsystemSteam.uplugin" 108
"../../../Engine/Plugins/Online/OnlineSubsystemFacebook/OnlineSubsystemFacebook.uplugin" 109
"../../../Engine/Plugins/Online/OnlineServicesOSSAdapter/OnlineServicesOSSAdapter.uplugin" 110
"../../../Engine/Plugins/Online/OnlineSubsystemApple/OnlineSubsystemApple.uplugin" 111
"../../../Engine/Plugins/Online/OnlineSubsystemUtils/OnlineSubsystemUtils.uplugin" 112
"../../../Engine/Plugins/Online/OnlineSubsystemNull/OnlineSubsystemNull.uplugin" 113
"../../../Engine/Plugins/Online/OnlineSubsystemTencent/OnlineSubsystemTencent.uplugin" 114
"../../../Engine/Plugins/Online/OnlineSubsystemEOS/OnlineSubsystemEOS.uplugin" 115
"../../../Engine/Plugins/Online/OnlineServicesEpicCommon/OnlineServicesEpicCommon.uplugin" 116
"../../../Engine/Plugins/Enterprise/DataprepEditor/DataprepEditor.uplugin" 117
"../../../Engine/Plugins/Enterprise/DatasmithC4DImporter/DatasmithC4DImporter.uplugin" 118
"../../../Engine/Plugins/Online/SocketSubsystemSteamIP/SocketSubsystemSteamIP.uplugin" 119
"../../../Engine/Plugins/Enterprise/DatasmithCADImporter/DatasmithCADImporter.uplugin" 120
"../../../Engine/Plugins/Enterprise/DatasmithContent/DatasmithContent.uplugin" 121
"../../../Engine/Plugins/Enterprise/DatasmithFBXImporter/DatasmithFBXImporter.uplugin" 122
"../../../Engine/Plugins/Online/WebAuth/WebAuth.uplugin" 123
"../../../Engine/Plugins/Enterprise/GLTFExporter/GLTFExporter.uplugin" 124
"../../../Engine/Plugins/Importers/AlembicImporter/AlembicImporter.uplugin" 125
"../../../Engine/Plugins/Enterprise/MDLImporter/MDLImporter.uplugin" 126
"../../../Engine/Plugins/Enterprise/VariantManager/VariantManager.uplugin" 127
"../../../Engine/Plugins/Enterprise/VariantManagerContent/VariantManagerContent.uplugin" 128
"../../../Engine/Plugins/Enterprise/AxFImporter/AxFImporter.uplugin" 129
"../../../Engine/Plugins/Enterprise/DatasmithImporter/DatasmithImporter.uplugin" 130
"../../../Engine/Plugins/Importers/USDImporter/USDImporter.uplugin" 131
"../../../Engine/Plugins/Importers/USDImporterMDL/USDImporterMDL.uplugin" 132
"../../../Engine/Plugins/Importers/USDMultiUser/USDMultiUser.uplugin" 133
"../../../Engine/Plugins/Messaging/TcpMessaging/TcpMessaging.uplugin" 134
"../../../Engine/Plugins/Importers/AlembicHairImporter/AlembicHairImporter.uplugin" 135
"../../../Engine/Plugins/Messaging/MessagingDebugger/MessagingDebugger.uplugin" 136
"../../../Engine/Plugins/Messaging/UdpMessaging/UdpMessaging.uplugin" 137
"../../../Engine/Plugins/MovieScene/CustomizableSequencerTracks/CustomizableSequencerTracks.uplugin" 138
"../../../Engine/Plugins/MovieScene/ActorSequence/ActorSequence.uplugin" 139
"../../../Engine/Plugins/Enterprise/LidarPointCloud/LidarPointCloud.uplugin" 140
"../../../Engine/Plugins/MovieScene/LevelSequenceEditor/LevelSequenceEditor.uplugin" 141
"../../../Engine/Plugins/MovieScene/ReplayTracks/ReplayTracks.uplugin" 142
"../../../Engine/Plugins/MovieScene/MovieSceneTextTrack/MovieSceneTextTrack.uplugin" 143
"../../../Engine/Plugins/MovieScene/MoviePipelineMaskRenderPass/MoviePipelineMaskRenderPass.uplugin" 144
"../../../Engine/Plugins/MovieScene/SequencerScripting/SequencerScripting.uplugin" 145
"../../../Engine/Plugins/MovieScene/TemplateSequence/TemplateSequence.uplugin" 146
"../../../Engine/Plugins/MovieScene/MovieRenderPipeline/MovieRenderPipeline.uplugin" 147
"../../../Engine/Plugins/Performance/AutomatedPerfTesting/AutomatedPerfTesting.uplugin" 148
"../../../Engine/Plugins/Performance/PerformanceMonitor/PerformanceMonitor.uplugin" 149
"../../../Engine/Plugins/Tests/AudioCQTests/AudioCQTests.uplugin" 150
"../../../Engine/Plugins/Tests/CQTest/CQTest.uplugin" 151
"../../../Engine/Plugins/MovieScene/SequenceValidator/SequenceValidator.uplugin" 152
"../../../Engine/Plugins/NNE/NNEDenoiser/NNEDenoiser.uplugin" 153
"../../../Engine/Plugins/Tests/EditorTests/EditorTests.uplugin" 154
"../../../Engine/Plugins/Tests/CQTestEnhancedInput/CQTestEnhancedInput.uplugin" 155
"../../../Engine/Plugins/Tests/AutomationDriverTests/AutomationDriverTests.uplugin" 156
"../../../Engine/Plugins/Tests/CQTestExperimental/CQTestExperimental.uplugin" 157
"../../../Engine/Plugins/Tests/FbxAutomationTestBuilder/FbxAutomationTestBuilder.uplugin" 158
"../../../Engine/Plugins/Tests/TestFramework/TestFramework.uplugin" 159
"../../../Engine/Plugins/NNE/NNERuntimeORT/NNERuntimeORT.uplugin" 160
"../../../Engine/Plugins/Tests/PythonAutomationTest/PythonAutomationTest.uplugin" 161
"../../../Engine/Plugins/Protocols/MQTT/MQTT.uplugin" 162
"../../../Engine/Plugins/Tests/RuntimeTests/RuntimeTests.uplugin" 163
"../../../Engine/Plugins/Tests/TestSamples/TestSamples.uplugin" 164
"../../../Engine/Plugins/Tests/WidgetAutomationTests/WidgetAutomationTests.uplugin" 165
"../../../Engine/Plugins/Tests/InterchangeTests/InterchangeTests.uplugin" 166
"../../../Engine/Plugins/Slate/SlateScripting/SlateScripting.uplugin" 167
"../../../Engine/Plugins/Tests/RHITests/RHITests.uplugin" 168
"../../../Engine/Plugins/Tests/FunctionalTestingEditor/FunctionalTestingEditor.uplugin" 169
"../../../Engine/Plugins/Animation/AnimationWarping/AnimationWarping.uplugin" 170
"../../../Engine/Plugins/Animation/AnimationLocomotionLibrary/AnimationLocomotionLibrary.uplugin" 171
"../../../Engine/Plugins/Animation/AnimationModifierLibrary/AnimationModifierLibrary.uplugin" 172
"../../../Engine/Plugins/Animation/AnimatorKit/AnimatorKit.uplugin" 173
"../../../Engine/Plugins/Slate/SlateInsights/SlateInsights.uplugin" 174
"../../../Engine/Plugins/Animation/ACLPlugin/ACLPlugin.uplugin" 175
"../../../Engine/Plugins/Animation/BlendSpaceMotionAnalysis/BlendSpaceMotionAnalysis.uplugin" 176
"../../../Engine/Plugins/Animation/BlendStack/BlendStack.uplugin" 177
"../../../Engine/Plugins/Web/HttpBlueprint/HttpBlueprint.uplugin" 178
"../../../Engine/Plugins/Animation/ControlRig/ControlRig.uplugin" 179
"../../../Engine/Plugins/Animation/ControlRigSpline/ControlRigSpline.uplugin" 180
"../../../Engine/Plugins/Animation/EaseCurveTool/EaseCurveTool.uplugin" 181
"../../../Engine/Plugins/Animation/DNACalib/DNACalib.uplugin" 182
"../../../Engine/Plugins/Animation/ControlRigModules/ControlRigModules.uplugin" 183
"../../../Engine/Plugins/Animation/GameplayInsights/GameplayInsights.uplugin" 184
"../../../Engine/Plugins/Animation/GeneSplicer/GeneSplicer.uplugin" 185
"../../../Engine/Plugins/Animation/LiveLinkCurveDebugUI/LiveLinkCurveDebugUI.uplugin" 186
"../../../Engine/Plugins/Animation/PerformanceCaptureCore/PerformanceCaptureCore.uplugin" 187
"../../../Engine/Plugins/Animation/LiveLink/LiveLink.uplugin" 188
"../../../Engine/Plugins/Animation/MotionWarping/MotionWarping.uplugin" 189
"../../../Engine/Plugins/Animation/AnimationData/AnimationData.uplugin" 190
"../../../Engine/Plugins/Animation/LiveLinkUnrealDevice/LiveLinkUnrealDevice.uplugin" 191
"../../../Engine/Plugins/Animation/IKRig/IKRig.uplugin" 192
"../../../Engine/Plugins/Animation/DeformerGraph/DeformerGraph.uplugin" 193
"../../../Engine/Plugins/Animation/LiveLinkDevice/LiveLinkDevice.uplugin" 194
"../../../Engine/Plugins/Animation/LiveLinkExampleDevice/LiveLinkExampleDevice.uplugin" 195
"../../../Engine/Plugins/2D/Paper2D/Paper2D.uplugin" 196
"../../../Engine/Plugins/Animation/RigLogic/RigLogic.uplugin" 197
"../../../Engine/Plugins/Animation/SkeletalMeshModelingTools/SkeletalMeshModelingTools.uplugin" 198
"../../../Engine/Plugins/Animation/PoseSearch/PoseSearch.uplugin" 199
"../../../Engine/Plugins/Cameras/GameplayCameras/GameplayCameras.uplugin" 200
"../../../Engine/Plugins/Cameras/EngineCameras/EngineCameras.uplugin" 201
"../../../Engine/Plugins/Compositing/Composite/Composite.uplugin" 202
"../../../Engine/Plugins/Animation/TweeningUtils/TweeningUtils.uplugin" 203
"../../../Engine/Plugins/Compositing/CompositeCore/CompositeCore.uplugin" 204
"../../../Engine/Plugins/Cameras/CameraShakePreviewer/CameraShakePreviewer.uplugin" 205
"../../../Engine/Plugins/Compositing/HoldoutComposite/HoldoutComposite.uplugin" 206
"../../../Engine/Plugins/Compositing/OpenColorIO/OpenColorIO.uplugin" 207
"../../../Engine/Plugins/Compositing/LensDistortion/LensDistortion.uplugin" 208
"../../../Engine/Plugins/Developer/BlankPlugin/BlankPlugin.uplugin" 209
"../../../Engine/Plugins/Compositing/OpenCVLensDistortion/OpenCVLensDistortion.uplugin" 210
"../../../Engine/Plugins/Developer/CLionSourceCodeAccess/CLionSourceCodeAccess.uplugin" 211
"../../../Engine/Plugins/Compositing/Composure/Composure.uplugin" 212
"../../../Engine/Plugins/Animation/LiveLinkHub/LiveLinkHub.uplugin" 213
"../../../Engine/Plugins/Developer/FieldNotificationTrace/FieldNotificationTrace.uplugin" 214
"../../../Engine/Plugins/Developer/CodeLiteSourceCodeAccess/CodeLiteSourceCodeAccess.uplugin" 215
"../../../Engine/Plugins/Developer/AnimationSharing/AnimationSharing.uplugin" 216
"../../../Engine/Plugins/Developer/KDevelopSourceCodeAccess/KDevelopSourceCodeAccess.uplugin" 217
"../../../Engine/Plugins/Developer/NullSourceCodeAccess/NullSourceCodeAccess.uplugin" 218
"../../../Engine/Plugins/Developer/DirectoryPlaceholder/DirectoryPlaceholder.uplugin" 219
"../../../Engine/Plugins/Developer/OneSkyLocalizationService/OneSkyLocalizationService.uplugin" 220
"../../../Engine/Plugins/Developer/GPUReshape/GPUReshape.uplugin" 221
"../../../Engine/Plugins/Developer/PluginUtils/PluginUtils.uplugin" 222
"../../../Engine/Plugins/Developer/PlasticSourceControl/PlasticSourceControl.uplugin" 223
"../../../Engine/Plugins/Developer/NamingTokens/NamingTokens.uplugin" 224
"../../../Engine/Plugins/Developer/ProjectLauncher/ProjectLauncher.uplugin" 225
"../../../Engine/Plugins/Developer/DumpGPUServices/DumpGPUServices.uplugin" 226
"../../../Engine/Plugins/Developer/SubversionSourceControl/SubversionSourceControl.uplugin" 227
"../../../Engine/Plugins/Developer/N10XSourceCodeAccess/N10XSourceCodeAccess.uplugin" 228
"../../../Engine/Plugins/Developer/TextureFormatOodle/TextureFormatOodle.uplugin" 229
"../../../Engine/Plugins/Developer/PixWinPlugin/PixWinPlugin.uplugin" 230
"../../../Engine/Plugins/Developer/PerforceSourceControl/PerforceSourceControl.uplugin" 231
"../../../Engine/Plugins/Developer/UObjectPlugin/UObjectPlugin.uplugin" 232
"../../../Engine/Plugins/Developer/XCodeSourceCodeAccess/XCodeSourceCodeAccess.uplugin" 233
"../../../Engine/Plugins/Developer/VisualStudioCodeSourceCodeAccess/VisualStudioCodeSourceCodeAccess.uplugin" 234
"../../../Engine/Plugins/Developer/GitSourceControl/GitSourceControl.uplugin" 235
"../../../Engine/Plugins/Developer/RenderDocPlugin/RenderDocPlugin.uplugin" 236
"../../../Engine/Plugins/Developer/XcodeGPUDebuggerPlugin/XcodeGPUDebuggerPlugin.uplugin" 237
"../../../Engine/Plugins/Developer/RiderSourceCodeAccess/RiderSourceCodeAccess.uplugin" 238
"../../../Engine/Plugins/Developer/TraceSourceFiltering/TraceSourceFilters.uplugin" 239
"../../../Engine/Plugins/Experimental/AbilitySystemGameFeatureActions/AbilitySystemGameFeatureActions.uplugin" 240
"../../../Engine/Plugins/Experimental/AdvancedRenamer/AdvancedRenamer.uplugin" 241
"../../../Engine/Plugins/Experimental/AsyncMessageSystem/AsyncMessageSystem.uplugin" 242
"../../../Engine/Plugins/Experimental/AvalancheDisplayCluster/AvalancheDisplayCluster.uplugin" 243
"../../../Engine/Plugins/Developer/PropertyAccessNode/PropertyAccessNode.uplugin" 244
"../../../Engine/Plugins/Experimental/BackChannel/BackChannel.uplugin" 245
"../../../Engine/Plugins/Experimental/AIAssistant/AIAssistant.uplugin" 246
"../../../Engine/Plugins/Experimental/AvalancheSequenceNavigator/AvalancheSequenceNavigator.uplugin" 247
"../../../Engine/Plugins/Experimental/AsyncMessageSystemTests/AsyncMessageSystemTests.uplugin" 248
"../../../Engine/Plugins/Experimental/ActorPalette/ActorPalette.uplugin" 249
"../../../Engine/Plugins/Developer/VisualStudioSourceCodeAccess/VisualStudioSourceCodeAccess.uplugin" 250
"../../../Engine/Plugins/Experimental/ChaosCaching/ChaosCaching.uplugin" 251
"../../../Engine/Plugins/Experimental/AutomationUtils/AutomationUtils.uplugin" 252
"../../../Engine/Plugins/Experimental/CelestialVault/CelestialVault.uplugin" 253
"../../../Engine/Plugins/Experimental/BlueprintStats/BlueprintStats.uplugin" 254
"../../../Engine/Plugins/Experimental/ChaosClothEditor/ChaosClothEditor.uplugin" 255
"../../../Engine/Plugins/Experimental/BlueprintSnapNodes/BlueprintSnapNodes.uplugin" 256
"../../../Engine/Plugins/Experimental/ChaosEditor/ChaosEditor.uplugin" 257
"../../../Engine/Plugins/Experimental/AnimToTexture/AnimToTexture.uplugin" 258
"../../../Engine/Plugins/Experimental/ChaosModularVehicle/ChaosModularVehicle.uplugin" 259
"../../../Engine/Plugins/Experimental/Buoyancy/Buoyancy.uplugin" 260
"../../../Engine/Plugins/Experimental/ChaosModularVehicleExamples/ChaosModularVehicleExamples.uplugin" 261
"../../../Engine/Plugins/Experimental/ChaosCachingUSD/ChaosCachingUSD.uplugin" 262
"../../../Engine/Plugins/Experimental/ChaosFlesh/ChaosFlesh.uplugin" 263
"../../../Engine/Plugins/Experimental/ChaosRigidAsset/ChaosRigidAsset.uplugin" 264
"../../../Engine/Plugins/Experimental/ChaosNiagara/ChaosNiagara.uplugin" 265
"../../../Engine/Plugins/Experimental/ChaosOutfitAsset/ChaosOutfitAsset.uplugin" 266
"../../../Engine/Plugins/Experimental/ChaosSolverPlugin/ChaosSolverPlugin.uplugin" 267
"../../../Engine/Plugins/Experimental/CharacterAI/CharacterAI.uplugin" 268
"../../../Engine/Plugins/Experimental/ChaosMover/ChaosMover.uplugin" 269
"../../../Engine/Plugins/Experimental/ChaosVehiclesPlugin/ChaosVehiclesPlugin.uplugin" 270
"../../../Engine/Plugins/Experimental/CineCameraSceneCapture/CineCameraSceneCapture.uplugin" 271
"../../../Engine/Plugins/Experimental/ChaosUserDataPT/ChaosUserDataPT.uplugin" 272
"../../../Engine/Plugins/Experimental/CineCameraRigs/CineCameraRigs.uplugin" 273
"../../../Engine/Plugins/Experimental/CinematicPrestreaming/CinematicPrestreaming.uplugin" 274
"../../../Engine/Plugins/Experimental/CodeEditor/CodeEditor.uplugin" 275
"../../../Engine/Plugins/Experimental/CinematicSequenceNavigator/CinematicSequenceNavigator.uplugin" 276
"../../../Engine/Plugins/Experimental/ColorCorrectRegions/ColorCorrectRegions.uplugin" 277
"../../../Engine/Plugins/Experimental/DrawDebugLibrary/DrawDebugLibrary.uplugin" 278
"../../../Engine/Plugins/Experimental/Dataflow/Dataflow.uplugin" 279
"../../../Engine/Plugins/Experimental/ControlRigPhysics/ControlRigPhysics.uplugin" 280
"../../../Engine/Plugins/Experimental/DefaultInstallBundleManager/DefaultInstallBundleManager.uplugin" 281
"../../../Engine/Plugins/Experimental/DynamicMaterialMediaStreamBridge/DynamicMaterialMediaStreamBridge.uplugin" 282
"../../../Engine/Plugins/Experimental/DynamicWind/DynamicWind.uplugin" 283
"../../../Engine/Plugins/Experimental/ControlFlows/ControlFlows.uplugin" 284
"../../../Engine/Plugins/Experimental/DaySequence/DaySequence.uplugin" 285
"../../../Engine/Plugins/Experimental/EditorDataStorage/EditorDataStorage.uplugin" 286
"../../../Engine/Plugins/Experimental/EditorTelemetry/EditorTelemetry.uplugin" 287
"../../../Engine/Plugins/Experimental/EditorPerformance/EditorPerformance.uplugin" 288
"../../../Engine/Plugins/Experimental/CodeView/CodeView.uplugin" 289
"../../../Engine/Plugins/Experimental/EvaluationNotifies/EvaluationNotifies.uplugin" 290
"../../../Engine/Plugins/Experimental/FloatingProperties/FloatingProperties.uplugin" 291
"../../../Engine/Plugins/Experimental/GameInputWindows/GameInputWindows.uplugin" 292
"../../../Engine/Plugins/Experimental/Fracture/Fracture.uplugin" 293
"../../../Engine/Plugins/Experimental/GameplayTargetingSystem/TargetingSystem.uplugin" 294
"../../../Engine/Plugins/Experimental/GameplayGraph/GameplayGraph.uplugin" 295
"../../../Engine/Plugins/Experimental/EditorDataStorageFeatures/EditorDataStorageFeatures.uplugin" 296
"../../../Engine/Plugins/Experimental/FieldSystemPlugin/FieldSystemPlugin.uplugin" 297
"../../../Engine/Plugins/Experimental/FastGeoStreaming/FastGeoStreaming.uplugin" 298
"../../../Engine/Plugins/Experimental/GeometryCacheAbcFile/GeometryCacheAbcFile.uplugin" 299
"../../../Engine/Plugins/Experimental/Gauntlet/Gauntlet.uplugin" 300
"../../../Engine/Plugins/Experimental/GizmoEdMode/GizmoEdMode.uplugin" 301
"../../../Engine/Plugins/Experimental/GameplayBehaviors/GameplayBehaviors.uplugin" 302
"../../../Engine/Plugins/Experimental/GeometryCollectionPlugin/GeometryCollectionPlugin.uplugin" 303
"../../../Engine/Plugins/Experimental/GeometryDataflow/GeometryDataflow.uplugin" 304
"../../../Engine/Plugins/Experimental/HairModelingToolset/HairModelingToolset.uplugin" 305
"../../../Engine/Plugins/Experimental/GizmoFramework/GizmoFramework.uplugin" 306
"../../../Engine/Plugins/Experimental/HairCardGenerator/HairCardGenerator.uplugin" 307
"../../../Engine/Plugins/Experimental/GPULightmass/GPULightmass.uplugin" 308
"../../../Engine/Plugins/Experimental/ImagePlate/ImagePlate.uplugin" 309
"../../../Engine/Plugins/Experimental/GlobalConfigurationData/GlobalConfigurationData.uplugin" 310
"../../../Engine/Plugins/Experimental/GeometryFlow/GeometryFlow.uplugin" 311
"../../../Engine/Plugins/Experimental/GeometryCacheLevelSequenceBaker/GeometryCacheLevelSequenceBaker.uplugin" 312
"../../../Engine/Plugins/Experimental/InEditorDocumentation/InEditorDocumentation.uplugin" 313
"../../../Engine/Plugins/Experimental/ImageWidgets/ImageWidgets.uplugin" 314
"../../../Engine/Plugins/Experimental/ImpostorBaker/ImpostorBaker.uplugin" 315
"../../../Engine/Plugins/Experimental/InlineMaterialInstance/InlineMaterialInstance.uplugin" 316
"../../../Engine/Plugins/Experimental/InstanceDataObjectFixupTool/InstanceDataObjectFixupTool.uplugin" 317
"../../../Engine/Plugins/Experimental/LiveLinkFaceImporter/LiveLinkFaceImporter.uplugin" 318
"../../../Engine/Plugins/Experimental/Iris/Iris.uplugin" 319
"../../../Engine/Plugins/Experimental/LiveLinkControlRig/LiveLinkControlRig.uplugin" 320
"../../../Engine/Plugins/Experimental/LevelSequenceNavigatorBridge/LevelSequenceNavigatorBridge.uplugin" 321
"../../../Engine/Plugins/Experimental/HairStrandsMutable/HairStrandsMutable.uplugin" 322
"../../../Engine/Plugins/Experimental/JWT/JWT.uplugin" 323
"../../../Engine/Plugins/Experimental/LiveLinkOpenVR/LiveLinkOpenVR.uplugin" 324
"../../../Engine/Plugins/Experimental/Landmass/Landmass.uplugin" 325
"../../../Engine/Plugins/Experimental/LearningAgents/LearningAgents.uplugin" 326
"../../../Engine/Plugins/Experimental/LocalizableMessage/LocalizableMessage.uplugin" 327
"../../../Engine/Plugins/Experimental/MeshModelingToolsetExp/MeshModelingToolsetExp.uplugin" 328
"../../../Engine/Plugins/Experimental/LowLevelNetTrace/LowLevelNetTrace.uplugin" 329
"../../../Engine/Plugins/Experimental/MediaStream/MediaStream.uplugin" 330
"../../../Engine/Plugins/Experimental/FullBodyIK/FullBodyIK.uplugin" 331
"../../../Engine/Plugins/Experimental/MeshResizing/MeshResizing.uplugin" 332
"../../../Engine/Plugins/Experimental/CommonConversation/CommonConversation.uplugin" 333
"../../../Engine/Plugins/Experimental/MoverAnimNext/MoverAnimNext.uplugin" 334
"../../../Engine/Plugins/Experimental/MetasoundExperimental/MetasoundExperimental.uplugin" 335
"../../../Engine/Plugins/Experimental/InteractionInterface/InteractionInterface.uplugin" 336
"../../../Engine/Plugins/Experimental/MoverExamples/MoverExamples.uplugin" 337
"../../../Engine/Plugins/Experimental/MLflow/MLflow.uplugin" 338
"../../../Engine/Plugins/Experimental/MoverIntegrations/MoverIntegrations.uplugin" 339
"../../../Engine/Plugins/Experimental/MovieSceneAnimMixer/MovieSceneAnimMixer.uplugin" 340
"../../../Engine/Plugins/Experimental/MoverTests/MoverTests.uplugin" 341
"../../../Engine/Plugins/Experimental/Mover/Mover.uplugin" 342
"../../../Engine/Plugins/Experimental/MutablePopulation/MutablePopulation.uplugin" 343
"../../../Engine/Plugins/Experimental/MutableClothing/MutableClothing.uplugin" 344
"../../../Engine/Plugins/Experimental/MovieScenePoseSearchTracks/MovieScenePoseSearchTracks.uplugin" 345
"../../../Engine/Plugins/Experimental/MotorSimOutputMotoSynth/MotorSimOutputMotoSynth.uplugin" 346
"../../../Engine/Plugins/Experimental/NaniteDisplacedMesh/NaniteDisplacedMesh.uplugin" 347
"../../../Engine/Plugins/Experimental/NFORDenoise/NFORDenoise.uplugin" 348
"../../../Engine/Plugins/Experimental/NeuralRendering/NeuralRendering.uplugin" 349
"../../../Engine/Plugins/Experimental/MutableDataflow/MutableDataflow.uplugin" 350
"../../../Engine/Plugins/Experimental/MotoSynth/MotoSynth.uplugin" 351
"../../../Engine/Plugins/Experimental/NNERuntimeBasicCpu/NNERuntimeBasicCpu.uplugin" 352
"../../../Engine/Plugins/Experimental/NNERuntimeCoreML/NNERuntimeCoreML.uplugin" 353
"../../../Engine/Plugins/Experimental/NNERuntimeRDG/NNERuntimeRDG.uplugin" 354
"../../../Engine/Plugins/Experimental/NaniteAssemblyEditorUtils/NaniteAssemblyEditorUtils.uplugin" 355
"../../../Engine/Plugins/Experimental/OptiXDenoise/OptiXDenoise.uplugin" 356
"../../../Engine/Plugins/Experimental/PCGBiomeCore/PCGBiomeCore.uplugin" 357
"../../../Engine/Plugins/Experimental/PCGBiomeSample/PCGBiomeSample.uplugin" 358
"../../../Engine/Plugins/Experimental/PlanarCutPlugin/PlanarCut.uplugin" 359
"../../../Engine/Plugins/Experimental/PhysicsControl/PhysicsControl.uplugin" 360
"../../../Engine/Plugins/Experimental/PlainProps/PlainProps.uplugin" 361
"../../../Engine/Plugins/Experimental/PlainPropsEngine/PlainPropsEngine.uplugin" 362
"../../../Engine/Plugins/Experimental/PanoramicCapture/PanoramicCapture.uplugin" 363
"../../../Engine/Plugins/Experimental/OpenImageDenoise/OpenImageDenoise.uplugin" 364
"../../../Engine/Plugins/Experimental/NNERuntimeIREE/NNERuntimeIREE.uplugin" 365
"../../../Engine/Plugins/Experimental/PlainPropsUObject/PlainPropsUObject.uplugin" 366
"../../../Engine/Plugins/Experimental/PluginReferenceViewer/PluginReferenceViewer.uplugin" 367
"../../../Engine/Plugins/Experimental/PostProcessMaterialChainGraph/PostProcessMaterialChainGraph.uplugin" 368
"../../../Engine/Plugins/Experimental/PSDImporter/PSDImporter.uplugin" 369
"../../../Engine/Plugins/Experimental/PythonMLPackages/PythonMLPackages.uplugin" 370
"../../../Engine/Plugins/Experimental/PythonScriptPlugin/PythonScriptPlugin.uplugin" 371
"../../../Engine/Plugins/Experimental/PlatformCrypto/PlatformCrypto.uplugin" 372
"../../../Engine/Plugins/Experimental/PluginAudit/PluginAudit.uplugin" 373
"../../../Engine/Plugins/Experimental/RazerChromaDevices/RazerChromaDevices.uplugin" 374
"../../../Engine/Plugins/Experimental/RemoteSession/RemoteSession.uplugin" 375
"../../../Engine/Plugins/Experimental/RemoteControlComponents/RemoteControlComponents.uplugin" 376
"../../../Engine/Plugins/Experimental/RawInput/RawInput.uplugin" 377
"../../../Engine/Plugins/Experimental/PythonFoundationPackages/PythonFoundationPackages.uplugin" 378
"../../../Engine/Plugins/Experimental/RigLogicMutable/RigLogicMutable.uplugin" 379
"../../../Engine/Plugins/Experimental/RuntimeTelemetry/RuntimeTelemetry.uplugin" 380
"../../../Engine/Plugins/Experimental/RigLogicUAF/RigLogicUAF.uplugin" 381
"../../../Engine/Plugins/Experimental/RemoteControlActorModifierBridge/RemoteControlActorModifierBridge.uplugin" 382
"../../../Engine/Plugins/Experimental/PSDImporterMaterialDesignerBridge/PSDImporterMaterialDesignerBridge.uplugin" 383
"../../../Engine/Plugins/Experimental/SecuritySandbox/SecuritySandbox.uplugin" 384
"../../../Engine/Plugins/Experimental/QuicMessaging/QuicMessaging.uplugin" 385
"../../../Engine/Plugins/Experimental/ScreenReader/ScreenReader.uplugin" 386
"../../../Engine/Plugins/Experimental/ProceduralVegetationEditor/ProceduralVegetationEditor.uplugin" 387
"../../../Engine/Plugins/Experimental/PixelStreamingPlayer/PixelStreamingPlayer.uplugin" 388
"../../../Engine/Plugins/Experimental/SequenceNavigator/SequenceNavigator.uplugin" 389
"../../../Engine/Plugins/Experimental/SimpleHMD/SimpleHMD.uplugin" 390
"../../../Engine/Plugins/Experimental/SerializationUtils/SerializationUtils.uplugin" 391
"../../../Engine/Plugins/Experimental/SkeletalReduction/SkeletalReduction.uplugin" 392
"../../../Engine/Plugins/Experimental/RenderGrid/RenderGrid.uplugin" 393
"../../../Engine/Plugins/Experimental/SlateScreenReader/SlateScreenReader.uplugin" 394
"../../../Engine/Plugins/Experimental/SlateIM/SlateIM.uplugin" 395
"../../../Engine/Plugins/Experimental/Shotgrid/Shotgrid.uplugin" 396
"../../../Engine/Plugins/Experimental/StateGraph/StateGraph.uplugin" 397
"../../../Engine/Plugins/Experimental/SubtitlesAndClosedCaptions/SubtitlesAndClosedCaptions.uplugin" 398
"../../../Engine/Plugins/Experimental/TetMeshing/TetMeshing.uplugin" 399
"../../../Engine/Plugins/Experimental/SlateModelViewViewModel/SlateModelViewViewModel.uplugin" 400
"../../../Engine/Plugins/Experimental/TargetDeviceServicesScripting/TargetDeviceServicesScripting.uplugin" 401
"../../../Engine/Plugins/Experimental/SpatialReadiness/SpatialReadiness.uplugin" 402
"../../../Engine/Plugins/Experimental/PluginTemplateTool/PluginTemplateTool.uplugin" 403
"../../../Engine/Plugins/Experimental/UserToolBoxBasicCommand/UserToolBoxBasicCommand.uplugin" 404
"../../../Engine/Plugins/Experimental/Tensorboard/Tensorboard.uplugin" 405
"../../../Engine/Plugins/Experimental/ToolPresets/ToolPresets.uplugin" 406
"../../../Engine/Plugins/Experimental/VirtualProductionUtilities/VirtualProductionUtilities.uplugin" 407
"../../../Engine/Plugins/Experimental/SubmitToolEditor/SubmitToolEditor.uplugin" 408
"../../../Engine/Plugins/Experimental/TextToSpeech/TextToSpeech.uplugin" 409
"../../../Engine/Plugins/Experimental/Volumetrics/Volumetrics.uplugin" 410
"../../../Engine/Plugins/Experimental/Water/Water.uplugin" 411
"../../../Engine/Plugins/Experimental/VirtualHeightfieldMesh/VirtualHeightfieldMesh.uplugin" 412
"../../../Engine/Plugins/Experimental/WaveFunctionCollapse/WaveFunctionCollapse.uplugin" 413
"../../../Engine/Plugins/Experimental/WaterAdvanced/WaterAdvanced.uplugin" 414
"../../../Engine/Plugins/Experimental/WebSocketNetworking/WebSocketNetworking.uplugin" 415
"../../../Engine/Plugins/Experimental/WidgetEditorToolPalette/WidgetEditorToolPalette.uplugin" 416
"../../../Engine/Plugins/Experimental/XRCreativeFramework/XRCreativeFramework.uplugin" 417
"../../../Engine/Plugins/Experimental/UserToolBoxCore/UserToolBoxCore.uplugin" 418
"../../../Engine/Plugins/Media/AjaMedia/AjaMedia.uplugin" 419
"../../../Engine/Plugins/Media/AndroidCamera/AndroidCamera.uplugin" 420
"../../../Engine/Plugins/Media/AppleProResDecoderElectra/AppleProResDecoderElectra.uplugin" 421
"../../../Engine/Plugins/Media/AppleProResMedia/AppleProResMedia.uplugin" 422
"../../../Engine/Plugins/Media/AudioCaptureTimecodeProvider/AudioCaptureTimecodeProvider.uplugin" 423
"../../../Engine/Plugins/Media/AvfMedia/AvfMedia.uplugin" 424
"../../../Engine/Plugins/Experimental/TechAudioTools/TechAudioTools.uplugin" 425
"../../../Engine/Plugins/Media/AvidDNxHDDecoderElectra/AvidDNxHDDecoderElectra.uplugin" 426
"../../../Engine/Plugins/Media/BlackmagicMedia/BlackmagicMedia.uplugin" 427
"../../../Engine/Plugins/Media/D3D12VideoDecodersElectra/D3D12VideoDecodersElectra.uplugin" 428
"../../../Engine/Plugins/Media/ElectraCDM/ElectraCDM.uplugin" 429
"../../../Engine/Plugins/Experimental/WebSocketMessaging/WebSocketMessaging.uplugin" 430
"../../../Engine/Plugins/Media/BinkMedia/BinkMedia.uplugin" 431
"../../../Engine/Plugins/Media/AvidDNxMedia/AvidDNxMedia.uplugin" 432
"../../../Engine/Plugins/Media/HardwareEncoders/HardwareEncoders.uplugin" 433
"../../../Engine/Plugins/Media/FlacDecoderElectra/FlacDecoderElectra.uplugin" 434
"../../../Engine/Plugins/Media/ElectraCodecs/ElectraCodecs.uplugin" 435
"../../../Engine/Plugins/Media/ElectraUtil/ElectraUtil.uplugin" 436
"../../../Engine/Plugins/Media/HAPDecoderElectra/HAPDecoderElectra.uplugin" 437
"../../../Engine/Plugins/Media/ImgMedia/ImgMedia.uplugin" 438
"../../../Engine/Plugins/Media/ElectraPlayer/ElectraPlayer.uplugin" 439
"../../../Engine/Plugins/Experimental/SurfaceEffects/SurfaceEffects.uplugin" 440
"../../../Engine/Plugins/Experimental/WaterExtras/WaterExtras.uplugin" 441
"../../../Engine/Plugins/Media/HAPMedia/HAPMedia.uplugin" 442
"../../../Engine/Plugins/Media/AndroidMedia/AndroidMedia.uplugin" 443
"../../../Engine/Plugins/Media/MediaFrameworkUtilities/MediaFrameworkUtilities.uplugin" 444
"../../../Engine/Plugins/Media/MediaCompositing/MediaCompositing.uplugin" 445
"../../../Engine/Plugins/Media/MediaMovieStreamer/MediaMovieStreamer.uplugin" 446
"../../../Engine/Plugins/Media/MediaIOFramework/MediaIOFramework.uplugin" 447
"../../../Engine/Plugins/Media/ElectraSubtitles/ElectraSubtitles.uplugin" 448
"../../../Engine/Plugins/Experimental/StructUtils/StructUtils.uplugin" 449
"../../../Engine/Plugins/Media/MediaPlate/MediaPlate.uplugin" 450
"../../../Engine/Plugins/Media/NDIMedia/NDIMedia.uplugin" 451
"../../../Engine/Plugins/Media/MJPEGDecoderElectra/MJPEGDecoderElectra.uplugin" 452
"../../../Engine/Plugins/Media/OpusDecoderElectra/OpusDecoderElectra.uplugin" 453
"../../../Engine/Plugins/Experimental/UIFramework/UIFramework.uplugin" 454
"../../../Engine/Plugins/Media/LinearTimecode/LinearTimecode.uplugin" 455
"../../../Engine/Plugins/Media/PixelStreaming/PixelStreaming.uplugin" 456
"../../../Engine/Plugins/Media/PixelCapture/PixelCapture.uplugin" 457
"../../../Engine/Plugins/Media/PixelStreaming2/PixelStreaming2.uplugin" 458
"../../../Engine/Plugins/Media/WebMMedia/WebMMedia.uplugin" 459
"../../../Engine/Plugins/Media/VPxDecoderElectra/VPxDecoderElectra.uplugin" 460
"../../../Engine/Plugins/Experimental/Workspace/Workspace.uplugin" 461
"../../../Engine/Plugins/Media/WmfMedia/WmfMedia.uplugin" 462
"../../../Engine/Plugins/MetaHuman/MetaHumanAnimator/MetaHuman.uplugin" 463
"../../../Engine/Plugins/MetaHuman/MetaHumanCalibrationProcessing/MetaHumanCalibrationProcessing.uplugin" 464
"../../../Engine/Plugins/MetaHuman/MetaHumanCoreTechLib/MetaHumanCoreTech.uplugin" 465
"../../../Engine/Plugins/Media/MediaViewer/MediaViewer.uplugin" 466
"../../../Engine/Plugins/Media/MfMedia/MfMedia.uplugin" 467
"../../../Engine/Plugins/PCGInterops/PCGExternalDataInterop/PCGExternalDataInterop.uplugin" 468
"../../../Engine/Plugins/MetaHuman/MetaHumanSDK/MetaHumanSDK.uplugin" 469
"../../../Engine/Plugins/MetaHuman/MetaHumanCharacter/MetaHumanCharacter.uplugin" 470
"../../../Engine/Plugins/Media/TimecodeSynchronizer/TimecodeSynchronizer.uplugin" 471
"../../../Engine/Plugins/PCGInterops/PCGPythonInterop/PCGPythonInterop.uplugin" 472
"../../../Engine/Plugins/MetaHuman/MetaHumanLiveLink/MetaHumanLiveLink.uplugin" 473
"../../../Engine/Plugins/Media/MediaPlayerEditor/MediaPlayerEditor.uplugin" 474
"../../../Engine/Plugins/PCGInterops/PCGGeometryScriptInterop/PCGGeometryScriptInterop.uplugin" 475
"../../../Engine/Plugins/Portal/LauncherChunkInstaller/LauncherChunkInstaller.uplugin" 476
"../../../Engine/Plugins/Runtime/ActorLayerUtilities/ActorLayerUtilities.uplugin" 477
"../../../Engine/Plugins/Runtime/AndroidBackgroundService/AndroidBackgroundService.uplugin" 478
"../../../Engine/Plugins/NetcodeUnitTest/NUTUnrealEngine/NUTUnrealEngine.uplugin" 479
"../../../Engine/Plugins/Runtime/ADM/ADM.uplugin" 480
"../../../Engine/Plugins/Runtime/AndroidFileServer/AndroidFileServer.uplugin" 481
"../../../Engine/Plugins/Runtime/AndroidDeviceProfileSelector/AndroidDeviceProfileSelector.uplugin" 482
"../../../Engine/Plugins/Runtime/AndroidPermission/AndroidPermission.uplugin" 483
"../../../Engine/Plugins/Runtime/AndroidMoviePlayer/AndroidMoviePlayer.uplugin" 484
"../../../Engine/Plugins/Runtime/AnimationBudgetAllocator/AnimationBudgetAllocator.uplugin" 485
"../../../Engine/Plugins/Runtime/AppleImageUtils/AppleImageUtils.uplugin" 486
"../../../Engine/Plugins/Runtime/ArchVisCharacter/ArchVisCharacter.uplugin" 487
"../../../Engine/Plugins/Runtime/AssetTags/AssetTags.uplugin" 488
"../../../Engine/Plugins/Runtime/AudioSynesthesia/AudioSynesthesia.uplugin" 489
"../../../Engine/Plugins/Runtime/AudioCapture/AudioCapture.uplugin" 490
"../../../Engine/Plugins/Runtime/AudioMotorSim/AudioMotorSim.uplugin" 491
"../../../Engine/Plugins/Runtime/AudioModulation/AudioModulation.uplugin" 492
"../../../Engine/Plugins/Runtime/AudioWidgets/AudioWidgets.uplugin" 493
"../../../Engine/Plugins/Runtime/ChunkDownloader/ChunkDownloader.uplugin" 494
"../../../Engine/Plugins/Runtime/ComputeFramework/ComputeFramework.uplugin" 495
"../../../Engine/Plugins/Runtime/CommonUI/CommonUI.uplugin" 496
"../../../Engine/Plugins/Runtime/CustomMeshComponent/CustomMeshComponent.uplugin" 497
"../../../Engine/Plugins/Runtime/AppleMoviePlayer/AppleMoviePlayer.uplugin" 498
"../../../Engine/Plugins/Runtime/ApexDestruction/ApexDestruction.uplugin" 499
"../../../Engine/Plugins/Runtime/Firebase/Firebase.uplugin" 500
"../../../Engine/Plugins/Runtime/CableComponent/CableComponent.uplugin" 501
"../../../Engine/Plugins/Runtime/GameInput/GameInput.uplugin" 502
"../../../Engine/Plugins/Runtime/ExternalGPUStatistics/ExternalGPUStatistics.uplugin" 503
"../../../Engine/Plugins/Runtime/ExampleDeviceProfileSelector/ExampleDeviceProfileSelector.uplugin" 504
"../../../Engine/Plugins/Runtime/GeometryProcessing/GeometryProcessing.uplugin" 505
"../../../Engine/Plugins/Runtime/GameplayStateTree/GameplayStateTree.uplugin" 506
"../../../Engine/Plugins/Runtime/GeometryScripting/GeometryScripting.uplugin" 507
"../../../Engine/Plugins/Runtime/GameplayAbilities/GameplayAbilities.uplugin" 508
"../../../Engine/Plugins/Runtime/DataRegistry/DataRegistry.uplugin" 509
"../../../Engine/Plugins/NetcodeUnitTest/NetcodeUnitTest/NetcodeUnitTest.uplugin" 510
"../../../Engine/Plugins/Runtime/GameplayBehaviorSmartObjects/GameplayBehaviorSmartObjects.uplugin" 511
"../../../Engine/Plugins/Runtime/GeoReferencing/GeoReferencing.uplugin" 512
"../../../Engine/Plugins/Runtime/GeometryCache/GeometryCache.uplugin" 513
"../../../Engine/Plugins/Runtime/Harmonix/Harmonix.uplugin" 514
"../../../Engine/Plugins/Runtime/GameplayInteractions/GameplayInteractions.uplugin" 515
"../../../Engine/Plugins/Runtime/InputDebugging/InputDebugging.uplugin" 516
"../../../Engine/Plugins/Runtime/HTTPChunkInstaller/HTTPChunkInstaller.uplugin" 517
"../../../Engine/Plugins/Runtime/GooglePAD/GooglePAD.uplugin" 518
"../../../Engine/Plugins/Runtime/HDRIBackdrop/HDRIBackdrop.uplugin" 519
"../../../Engine/Plugins/Runtime/HPMotionController/HPMotionController.uplugin" 520
"../../../Engine/Plugins/Runtime/HairStrands/HairStrands.uplugin" 521
"../../../Engine/Plugins/Runtime/LinuxDeviceProfileSelector/LinuxDeviceProfileSelector.uplugin" 522
"../../../Engine/Plugins/Runtime/LocationServicesAndroidImpl/LocationServicesAndroidImpl.uplugin" 523
"../../../Engine/Plugins/Runtime/GameFeatures/GameFeatures.uplugin" 524
"../../../Engine/Plugins/Runtime/IOSReplayKit/IOSReplayKit.uplugin" 525
"../../../Engine/Plugins/Runtime/GoogleCloudMessaging/GoogleCloudMessaging.uplugin" 526
"../../../Engine/Plugins/Runtime/LiveLinkOvernDisplay/LiveLinkOverNDisplay.uplugin" 527
"../../../Engine/Plugins/Runtime/LevelStreamingPersistence/LevelStreamingPersistence.uplugin" 528
"../../../Engine/Plugins/Runtime/IOSDeviceProfileSelector/IOSDeviceProfileSelector.uplugin" 529
"../../../Engine/Plugins/Runtime/LocationServicesIOSImpl/LocationServicesIOSImpl.uplugin" 530
"../../../Engine/Plugins/Runtime/MassGameplay/MassGameplay.uplugin" 531
"../../../Engine/Plugins/Runtime/MeshModelingToolset/MeshModelingToolset.uplugin" 532
"../../../Engine/Plugins/Runtime/MIDIDevice/MIDIDevice.uplugin" 533
"../../../Engine/Plugins/Runtime/MicrosoftSpatialAudio/MicroSoftSpatialSound.uplugin" 534
"../../../Engine/Plugins/Runtime/Metasound/Metasound.uplugin" 535
"../../../Engine/Plugins/Runtime/ModularGameplay/ModularGameplay.uplugin" 536
"../../../Engine/Plugins/Runtime/MultiServerReplication/MultiServerReplication.uplugin" 537
"../../../Engine/Plugins/Runtime/MobilePatchingUtils/MobilePatchingUtils.uplugin" 538
"../../../Engine/Plugins/Runtime/MixedRealityCaptureFramework/MixedRealityCaptureFramework.uplugin" 539
"../../../Engine/Plugins/Runtime/MassEntity/MassEntity.uplugin" 540
"../../../Engine/Plugins/Runtime/ModelViewViewModel/ModelViewViewModel.uplugin" 541
"../../../Engine/Plugins/Runtime/MsQuic/MsQuic.uplugin" 542
"../../../Engine/Plugins/Runtime/LocationServicesBPLibrary/LocationServicesBPLibrary.uplugin" 543
"../../../Engine/Plugins/Runtime/MusicEnvironment/MusicEnvironment.uplugin" 544
"../../../Engine/Plugins/Runtime/nDisplayModularFeatures/nDisplayModularFeatures.uplugin" 545
"../../../Engine/Plugins/Runtime/NavCorridor/NavCorridor.uplugin" 546
"../../../Engine/Plugins/Runtime/NetworkPredictionExtras/NetworkPredictionExtras.uplugin" 547
"../../../Engine/Plugins/Runtime/nDisplay/nDisplay.uplugin" 548
"../../../Engine/Plugins/Runtime/OpenCV/OpenCV.uplugin" 549
"../../../Engine/Plugins/Runtime/NetworkPrediction/NetworkPrediction.uplugin" 550
"../../../Engine/Plugins/Runtime/OpenXR/OpenXR.uplugin" 551
"../../../Engine/Plugins/Runtime/NetworkPredictionInsights/NetworkPredictionInsights.uplugin" 552
"../../../Engine/Plugins/Runtime/OpenXREyeTracker/OpenXREyeTracker.uplugin" 553
"../../../Engine/Plugins/Runtime/OpenXRHandTracking/OpenXRHandTracking.uplugin" 554
"../../../Engine/Plugins/Runtime/OpenXRMsftHandInteraction/OpenXRMsftHandInteraction.uplugin" 555
"../../../Engine/Plugins/Runtime/OSC/OSC.uplugin" 556
"../../../Engine/Plugins/Runtime/PreLoadScreenMoviePlayer/PreLoadScreenMoviePlayer.uplugin" 557
"../../../Engine/Plugins/Runtime/OpenXRViveTracker/OpenXRViveTracker.uplugin" 558
"../../../Engine/Plugins/Runtime/OptionalMobileFeaturesBPLibrary/OptionalMobileFeaturesBPLibrary.uplugin" 559
"../../../Engine/Plugins/Runtime/ProceduralMeshComponent/ProceduralMeshComponent.uplugin" 560
"../../../Engine/Plugins/Runtime/PropertyAccess/PropertyAccessEditor.uplugin" 561
"../../../Engine/Plugins/Runtime/PropertyBindingUtils/PropertyBindingUtils.uplugin" 562
"../../../Engine/Plugins/Runtime/ReplicationGraph/ReplicationGraph.uplugin" 563
"../../../Engine/Plugins/Runtime/ReplicationSystemTestPlugin/ReplicationSystemTestPlugin.uplugin" 564
"../../../Engine/Plugins/Runtime/RigVM/RigVM.uplugin" 565
"../../../Engine/Plugins/Runtime/RenderTrace/RenderTrace.uplugin" 566
"../../../Engine/Plugins/Runtime/ScriptableToolsFramework/ScriptableToolsFramework.uplugin" 567
"../../../Engine/Plugins/Runtime/ResonanceAudio/ResonanceAudio.uplugin" 568
"../../../Engine/Plugins/Runtime/SmartObjects/SmartObjects.uplugin" 569
"../../../Engine/Plugins/Runtime/SoundFields/SoundFields.uplugin" 570
"../../../Engine/Plugins/Runtime/SoundCueTemplates/SoundCueTemplates.uplugin" 571
"../../../Engine/Plugins/Runtime/SoundMod/SoundMod.uplugin" 572
"../../../Engine/Plugins/Runtime/Soundscape/Soundscape.uplugin" 573
"../../../Engine/Plugins/Runtime/SkeletalMerging/SkeletalMerging.uplugin" 574
"../../../Engine/Plugins/Runtime/SignificanceManager/SignificanceManager.uplugin" 575
"../../../Engine/Plugins/Runtime/Spatialization/Spatialization.uplugin" 576
"../../../Engine/Plugins/Runtime/InstancedActors/InstancedActors.uplugin" 577
"../../../Engine/Plugins/Runtime/SunPosition/SunPosition.uplugin" 578
"../../../Engine/Plugins/Runtime/StateTree/StateTree.uplugin" 579
"../../../Engine/Plugins/Runtime/Synthesis/Synthesis.uplugin" 580
"../../../Engine/Plugins/Runtime/USDCore/USDCore.uplugin" 581
"../../../Engine/Plugins/Runtime/WaveTable/WaveTable.uplugin" 582
"../../../Engine/Plugins/Runtime/WorldConditions/WorldConditions.uplugin" 583
"../../../Engine/Plugins/Runtime/WarpUtils/WarpUtils.uplugin" 584
"../../../Engine/Plugins/Runtime/WindowsDeviceProfileSelector/WindowsDeviceProfileSelector.uplugin" 585
"../../../Engine/Plugins/Runtime/WebBrowserNativeProxy/WebBrowserNativeProxy.uplugin" 586
"../../../Engine/Plugins/Runtime/SoundUtilities/SoundUtilities.uplugin" 587
"../../../Engine/Plugins/Runtime/WebBrowserWidget/WebBrowserWidget.uplugin" 588
"../../../Engine/Plugins/Runtime/WebMMoviePlayer/WebMMoviePlayer.uplugin" 589
"../../../Engine/Plugins/Runtime/XRBase/XRBase.uplugin" 590
"../../../Engine/Plugins/Runtime/ZoneGraphAnnotations/ZoneGraphAnnotations.uplugin" 591
"../../../Engine/Plugins/Runtime/ZoneGraph/ZoneGraph.uplugin" 592
"../../../Engine/Plugins/VirtualProduction/ActorModifier/ActorModifier.uplugin" 593
"../../../Engine/Plugins/VirtualProduction/ActorModifierCore/ActorModifierCore.uplugin" 594
"../../../Engine/Plugins/VirtualProduction/AvalancheSceneState/AvalancheSceneState.uplugin" 595
"../../../Engine/Plugins/VirtualProduction/AvalancheDataLink/AvalancheDataLink.uplugin" 596
"../../../Engine/Plugins/VirtualProduction/CaptureData/CaptureData.uplugin" 597
"../../../Engine/Plugins/VirtualProduction/CameraCalibration/CameraCalibration.uplugin" 598
"../../../Engine/Plugins/VirtualProduction/CinematicAssemblyTools/CinematicAssemblyTools.uplugin" 599
"../../../Engine/Plugins/VirtualProduction/CameraCalibrationCore/CameraCalibrationCore.uplugin" 600
"../../../Engine/Plugins/VirtualProduction/CompositePlane/CompositePlane.uplugin" 601
"../../../Engine/Plugins/VirtualProduction/CustomDetailsView/CustomDetailsView.uplugin" 602
"../../../Engine/Plugins/VirtualProduction/DataLinkOAuth/DataLinkOAuth.uplugin" 603
"../../../Engine/Plugins/VirtualProduction/Avalanche/Avalanche.uplugin" 604
"../../../Engine/Plugins/VirtualProduction/DynamicMaterial/DynamicMaterial.uplugin" 605
"../../../Engine/Plugins/VirtualProduction/DataLink/DataLink.uplugin" 606
"../../../Engine/Plugins/VirtualProduction/ICVFX/ICVFX.uplugin" 607
"../../../Engine/Plugins/VirtualProduction/EpicStageApp/EpicStageApp.uplugin" 608
"../../../Engine/Plugins/Runtime/WindowsMoviePlayer/WindowsMoviePlayer.uplugin" 609
"../../../Engine/Plugins/VirtualProduction/ICVFXTesting/ICVFXTesting.uplugin" 610
"../../../Engine/Plugins/VirtualProduction/GeometryMask/GeometryMask.uplugin" 611
"../../../Engine/Plugins/VirtualProduction/DataCharts/DataCharts.uplugin" 612
"../../../Engine/Plugins/VirtualProduction/LensComponent/LensComponent.uplugin" 613
"../../../Engine/Plugins/VirtualProduction/LiveLinkCamera/LiveLinkCamera.uplugin" 614
"../../../Engine/Plugins/VirtualProduction/LevelSnapshots/LevelSnapshots.uplugin" 615
"../../../Engine/Plugins/VirtualProduction/LiveLinkInputDevice/LiveLinkInputDevice.uplugin" 616
"../../../Engine/Plugins/VirtualProduction/LiveLinkFreeD/LiveLinkFreeD.uplugin" 617
"../../../Engine/Plugins/VirtualProduction/LiveLinkOpenTrackIO/LiveLinkOpenTrackIO.uplugin" 618
"../../../Engine/Plugins/VirtualProduction/LiveLinkMasterLockit/LiveLinkMasterLockit.uplugin" 619
"../../../Engine/Plugins/VirtualProduction/CameraCalibrationML/CameraCalibrationML.uplugin" 620
"../../../Engine/Plugins/VirtualProduction/LiveLinkPrestonMDR/LiveLinkPrestonMDR.uplugin" 621
"../../../Engine/Plugins/VirtualProduction/LiveLinkXR/LiveLinkXR.uplugin" 622
"../../../Engine/Plugins/VirtualProduction/MultiUserTakes/MultiUserTakes.uplugin" 623
"../../../Engine/Plugins/VirtualProduction/LiveLinkLens/LiveLinkLens.uplugin" 624
"../../../Engine/Plugins/VirtualProduction/PropertyAnimatorCore/PropertyAnimatorCore.uplugin" 625
"../../../Engine/Plugins/VirtualProduction/OperatorStack/OperatorStack.uplugin" 626
"../../../Engine/Plugins/VirtualProduction/RemoteControlInterception/RemoteControlInterception.uplugin" 627
"../../../Engine/Plugins/VirtualProduction/RemoteControlProtocolOSC/RemoteControlProtocolOSC.uplugin" 628
"../../../Engine/Plugins/VirtualProduction/PerformanceCaptureWorkflow/PerformanceCaptureWorkflow.uplugin" 629
"../../../Engine/Plugins/VirtualProduction/ClonerEffector/ClonerEffector.uplugin" 630
"../../../Engine/Plugins/VirtualProduction/LiveLinkVRPN/LiveLinkVRPN.uplugin" 631
"../../../Engine/Plugins/VirtualProduction/RemoteControl/RemoteControl.uplugin" 632
"../../../Engine/Plugins/VirtualProduction/StormSync/StormSync.uplugin" 633
"../../../Engine/Plugins/VirtualProduction/SceneStateDataLink/SceneStateDataLink.uplugin" 634
"../../../Engine/Plugins/VirtualProduction/PropertyAnimator/PropertyAnimator.uplugin" 635
"../../../Engine/Plugins/VirtualProduction/RemoteControlProtocolMIDI/RemoteControlProtocolMIDI.uplugin" 636
"../../../Engine/Plugins/VirtualProduction/SequencerPlaylists/SequencerPlaylists.uplugin" 637
"../../../Engine/Plugins/VirtualProduction/RemoteControlWebInterface/RemoteControlWebInterface.uplugin" 638
"../../../Engine/Plugins/VirtualProduction/RemoteControlProtocolDMX/RemoteControlProtocolDMX.uplugin" 639
"../../../Engine/Plugins/VirtualProduction/SVGImporter/SVGImporter.uplugin" 640
"../../../Engine/Plugins/VirtualProduction/StageMonitoring/StageMonitoring.uplugin" 641
"../../../Engine/Plugins/VirtualProduction/SceneState/SceneState.uplugin" 642
"../../../Engine/Plugins/VirtualProduction/Text3D/Text3D.uplugin" 643
"../../../Engine/Plugins/VirtualProduction/Takes/Takes.uplugin" 644
"../../../Engine/Plugins/VirtualProduction/Switchboard/Switchboard.uplugin" 645
"../../../Engine/Plugins/VirtualProduction/TextureShare/TextureShare.uplugin" 646
"../../../Engine/Plugins/VirtualProduction/TimedDataMonitor/TimedDataMonitor.uplugin" 647
"../../../Engine/Plugins/VirtualProduction/VirtualCameraCore/VirtualCameraCore.uplugin" 648
"../../../Engine/Plugins/VirtualProduction/VirtualScouting/VirtualScouting.uplugin" 649
"../../../Engine/Plugins/Runtime/Advertising/IOSTapJoy/IOSTapJoy.uplugin" 650
"../../../Engine/Plugins/Online/IOS/OnlineSubsystemIOS/OnlineSubsystemIOS.uplugin" 651
"../../../Engine/Plugins/Runtime/AR/ARUtilities/ARUtilities.uplugin" 652
"../../../Engine/Plugins/VirtualProduction/CaptureManager/CaptureManagerDevices/CaptureManagerDevices.uplugin" 653
"../../../Engine/Plugins/VirtualProduction/StormSyncAvalancheBridge/StormSyncAvalancheBridge.uplugin" 654
"../../../Engine/Plugins/Editor/Localization/PortableObjectFileDataSource/PortableObjectFileDataSource.uplugin" 655
"../../../Engine/Plugins/VirtualProduction/VirtualCamera/VirtualCamera.uplugin" 656
"../../../Engine/Plugins/VirtualProduction/CaptureManager/CaptureManagerCore/CaptureManagerCore.uplugin" 657
"../../../Engine/Plugins/VirtualProduction/CaptureManager/CaptureManagerApp/CaptureManagerApp.uplugin" 658
"../../../Engine/Plugins/Editor/ContentBrowser/ContentBrowserAssetDataSource/ContentBrowserAssetDataSource.uplugin" 659
"../../../Engine/Plugins/Editor/ContentBrowser/ContentBrowserAliasDataSource/ContentBrowserAliasDataSource.uplugin" 660
"../../../Engine/Plugins/Editor/ContentBrowser/ContentBrowserClassDataSource/ContentBrowserClassDataSource.uplugin" 661
"../../../Engine/Plugins/Developer/Concert/ConcertMain/ConcertMain.uplugin" 662
"../../../Engine/Plugins/VirtualProduction/CaptureManager/CaptureManagerEditor/CaptureManagerEditor.uplugin" 663
"../../../Engine/Plugins/Experimental/PCGInterops/PCGFastGeoInterop/PCGFastGeoInterop.uplugin" 664
"../../../Engine/Plugins/Experimental/PCGInterops/PCGNiagaraInterop/PCGNiagaraInterop.uplugin" 665
"../../../Engine/Plugins/Experimental/Web/WebAPI/WebAPI.uplugin" 666
"../../../Engine/Plugins/Online/VoiceChat/VoiceChat/VoiceChat.uplugin" 667
"../../../Engine/Plugins/Online/VoiceChat/EOSVoiceChat/EOSVoiceChat.uplugin" 668
"../../../Engine/Plugins/Experimental/PCGInterops/PCGWaterInterop/PCGWaterInterop.uplugin" 669
"../../../Engine/Plugins/VirtualProduction/Rivermax/RivermaxMedia/RivermaxMedia.uplugin" 670
"../../../Engine/Plugins/Editor/ObjectMixer/LightMixer/LightMixer.uplugin" 671
"../../../Engine/Plugins/VirtualProduction/Rivermax/RivermaxSync/RivermaxSync.uplugin" 672
"../../../Engine/Plugins/Editor/ContentBrowser/ContentBrowserFileDataSource/ContentBrowserFileDataSource.uplugin" 673
"../../../Engine/Plugins/Editor/ObjectMixer/ObjectMixer/ObjectMixer.uplugin" 674
"../../../Engine/Plugins/Runtime/MeshReconstruction/DummyMeshReconstructor/DummyMeshReconstructor.uplugin" 675
"../../../Engine/Plugins/VirtualProduction/DMX/DMXEngine/DMXEngine.uplugin" 676
"../../../Engine/Plugins/Experimental/PCGInterops/PCGInstancedActorsInterop/PCGInstancedActorsInterop.uplugin" 677
"../../../Engine/Plugins/VirtualProduction/DMX/DMXControlConsole/DMXControlConsole.uplugin" 678
"../../../Engine/Plugins/VirtualProduction/DMX/DMXFixtures/DMXFixtures.uplugin" 679
"../../../Engine/Plugins/VirtualProduction/DMX/DMXModularFeatures/DMXModularFeatures.uplugin" 680
"../../../Engine/Plugins/VirtualProduction/DMX/DMXProtocol/DMXProtocol.uplugin" 681
"../../../Engine/Plugins/VirtualProduction/DMX/DMXPixelMapping/DMXPixelMapping.uplugin" 682
"../../../Engine/Plugins/VirtualProduction/DMX/DatasmithMVR/DatasmithMVR.uplugin" 683
"../../../Engine/Plugins/Experimental/PCGInterops/PCGNaniteAssembliesInterop/PCGNaniteAssembliesInterop.uplugin" 684
"../../../Engine/Plugins/Animation/MLDeformer/ChaosClothGenerator/ChaosClothGenerator.uplugin" 685
"../../../Engine/Plugins/Animation/MLDeformer/ChaosFleshGenerator/ChaosFleshGenerator.uplugin" 686
"../../../Engine/Plugins/Animation/MLDeformer/MLDeformerFramework/MLDeformerFramework.uplugin" 687
"../../../Engine/Plugins/Animation/MLDeformer/NearestNeighborModel/NearestNeighborModel.uplugin" 688
"../../../Engine/Plugins/VirtualProduction/DMX/DMXGDTF/DMXGDTF.uplugin" 689
"../../../Engine/Plugins/Animation/MLDeformer/VertexDeltaModel/VertexDeltaModel.uplugin" 690
"../../../Engine/Plugins/Experimental/AVCodecs/LibVpxCodecs/LibVpxCodecs.uplugin" 691
"../../../Engine/Plugins/Experimental/AVCodecs/AMFCodecs/AMFCodecs.uplugin" 692
"../../../Engine/Plugins/Experimental/AVCodecs/VTCodecs/VTCodecs.uplugin" 693
"../../../Engine/Plugins/Experimental/AVCodecs/WMFCodecs/WMFCodecs.uplugin" 694
"../../../Engine/Plugins/Experimental/CharacterFXEditor/BaseCharacterFXEditor/BaseCharacterFXEditor.uplugin" 695
"../../../Engine/Plugins/Runtime/Analytics/Adjust/Adjust.uplugin" 696
"../../../Engine/Plugins/Experimental/AVCodecs/AVCodecsCore/AVCodecsCore.uplugin" 697
"../../../Engine/Plugins/Runtime/Analytics/AnalyticsBlueprintLibrary/AnalyticsBlueprintLibrary.uplugin" 698
"../../../Engine/Plugins/Experimental/CharacterFXEditor/ExampleCharacterFXEditor/ExampleCharacterFXEditor.uplugin" 699
"../../../Engine/Plugins/Experimental/AVCodecs/NVCodecs/NVCodecs.uplugin" 700
"../../../Engine/Plugins/Runtime/Nvidia/Reflex/Reflex.uplugin" 701
"../../../Engine/Plugins/Experimental/UAF/UAFAnimGraph/UAFAnimGraph.uplugin" 702
"../../../Engine/Plugins/Animation/MLDeformer/NeuralMorphModel/NeuralMorphModel.uplugin" 703
"../../../Engine/Plugins/Experimental/UAF/UAF/UAF.uplugin" 704
"../../../Engine/Plugins/Experimental/UAF/UAFStateTree/UAFStateTree.uplugin" 705
"../../../Engine/Plugins/Runtime/Steam/SteamShared/SteamShared.uplugin" 706
"../../../Engine/Plugins/Runtime/Nvidia/GeForceNOWWrapper/GeForceNOWWrapper.uplugin" 707
"../../../Engine/Plugins/Experimental/UAF/UAFPoseSearch/UAFPoseSearch.uplugin" 708
"../../../Engine/Plugins/Experimental/UAF/UAFWarping/UAFWarping.uplugin" 709
"../../../Engine/Plugins/Runtime/Steam/SteamController/SteamController.uplugin" 710
"../../../Engine/Plugins/Interchange/Extensions/OpenVDB/InterchangeOpenVDB.uplugin" 711
"../../../Engine/Plugins/Runtime/Analytics/FileLogging/FileLogging.uplugin" 712
"../../../Engine/Plugins/Runtime/Steam/SteamSockets/SteamSockets.uplugin" 713
"../../../Engine/Plugins/Experimental/UAF/UAFChooser/UAFChooser.uplugin" 714
"../../../Engine/Plugins/Experimental/UAF/UAFControlRig/UAFControlRig.uplugin" 715
"../../../Engine/Plugins/Runtime/Windows/WinVirtualKeyboard/WinVirtualKeyboard.uplugin" 716
"../../../Engine/Plugins/Runtime/Steam/SteamAudio/SteamAudio.uplugin" 717
"../../../Engine/Plugins/Interchange/Extensions/OpenUSD/InterchangeOpenUSD.uplugin" 718
"../../../Engine/Plugins/Runtime/Windows/XInputDevice/XInputDevice.uplugin" 719
"../../../Engine/Plugins/Runtime/Database/SQLiteCore/SQLiteCore.uplugin" 720
"../../../Engine/Plugins/Runtime/PacketHandlers/AESGCMHandlerComponent/AESGCMHandlerComponent.uplugin" 721
"../../../Engine/Plugins/Runtime/Database/SQLiteSupport/SQLiteSupport.uplugin" 722
"../../../Engine/Plugins/Runtime/Database/DatabaseSupport/DatabaseSupport.uplugin" 723
"../../../Engine/Plugins/Runtime/PacketHandlers/DTLSHandlerComponent/DTLSHandlerComponent.uplugin" 724
"../../../Engine/Plugins/Online/Android/AndroidFetchBackgroundDownload/AndroidFetchBackgroundDownload.uplugin" 725
"../../../Engine/Plugins/Runtime/Database/RemoteDatabaseSupport/RemoteDatabaseSupport.uplugin" 726
"../../../Engine/Plugins/Runtime/Windows/WinDualShock/WinDualShock.uplugin" 727
"../../../Engine/Plugins/Runtime/Analytics/AnalyticsMulticast/AnalyticsMulticast.uplugin" 728
"../../../Engine/Plugins/Experimental/UAF/UAFTests/UAFTests.uplugin" 729
"../../../Engine/Plugins/Online/Android/OnlineSubsystemGooglePlay/OnlineSubsystemGooglePlay.uplugin" 730
"../../../Engine/Plugins/Experimental/Animation/ContextualAnimation/ContextualAnimation.uplugin" 731
"../../../Engine/Plugins/Experimental/Animation/HierarchyTableAnimation/HierarchyTableAnimation.uplugin" 732
"../../../Engine/Plugins/Runtime/PacketHandlers/AESHandlerComponent/AESHandlerComponent.uplugin" 733
"../../../Engine/Plugins/Experimental/Animation/Locomotor/Locomotor.uplugin" 734
"../../../Engine/Plugins/Experimental/Animation/MotionTrajectory/MotionTrajectory.uplugin" 735
"../../../Engine/Plugins/Experimental/Animation/PackedAttributes/PackedAttributes.uplugin" 736
"../../../Engine/Plugins/Experimental/Animation/Optimus/Optimus.uplugin" 737
"../../../Engine/Plugins/Experimental/Animation/RigMapperOp/RigMapperOp.uplugin" 738
"../../../Engine/Plugins/Experimental/Animation/RelativeIKOp/RelativeIKOp.uplugin" 739
"../../../Engine/Plugins/Experimental/Animation/RigMapper/RigMapper.uplugin" 740
"../../../Engine/Plugins/Experimental/UAF/UAFMirroring/UAFMirroring.uplugin" 741
"../../../Engine/Plugins/Experimental/Animation/CurveExpression/CurveExpression.uplugin" 742
"../../../Engine/Plugins/VirtualProduction/DMX/DMXDisplayCluster/DMXDisplayCluster.uplugin" 743
"../../../Engine/Plugins/Runtime/Database/ADOSupport/ADOSupport.uplugin" 744
"../../../Engine/Plugins/Experimental/Animation/SkeletalMeshMorphTargetEditingTools/SkeletalMeshMorphTargetEditingTools.uplugin" 745
"../../../Engine/Plugins/Experimental/Enterprise/DataprepGeometryOperations/DataprepGeometryOperations.uplugin" 746
"../../../Engine/Plugins/VirtualProduction/Rivermax/RivermaxCore/RivermaxCore.uplugin" 747
"../../../Engine/Plugins/Experimental/Animation/TrajectoryTools/TrajectoryTools.uplugin" 748
"../../../Engine/Plugins/Experimental/Enterprise/DatasmithRuntime/DatasmithRuntime.uplugin" 749
"../../../Engine/Plugins/Experimental/Animation/HierarchyTable/HierarchyTable.uplugin" 750
"../../../Engine/Plugins/Runtime/AR/AppleAR/AppleARKit/AppleARKit.uplugin" 751
"../../../Engine/Plugins/Experimental/VirtualProduction/LedWallCalibration/LedWallCalibration.uplugin" 752
"../../../Engine/Plugins/Experimental/MetaHuman/MetaHumanCalibrationDiagnostics/MetaHumanCalibrationDiagnostics.uplugin" 753
"../../../Engine/Plugins/Experimental/Enterprise/DatasmithInterchange/DatasmithInterchange.uplugin" 754
"../../../Engine/Plugins/Runtime/XR/XRVisualization/XRVisualization.uplugin" 755
"../../../Engine/Plugins/Experimental/VirtualProduction/VPRoles/VPRoles.uplugin" 756
"../../../Engine/Plugins/Runtime/XR/XRScribe/XRScribe.uplugin" 757
"../../../Engine/Plugins/Runtime/AR/AppleAR/AppleARKitFaceSupport/AppleARKitFaceSupport.uplugin" 758
"../../../Engine/Plugins/Experimental/VirtualProduction/VPSettings/VPSettings.uplugin" 759
"../../../Engine/Plugins/Experimental/MetaHuman/MetaHumanRuntime/MetaHumanRuntime.uplugin" 760
"../../../Engine/Plugins/Developer/Concert/ConcertApp/DisasterRecoveryClient/DisasterRecoveryClient.uplugin" 761
"../../../Engine/Plugins/Experimental/MetaHuman/MetaHumanCharacterUAF/MetaHumanCharacterUAF.uplugin" 762
"../../../Engine/Plugins/Runtime/AR/Google/GoogleARCoreServices/GoogleARCoreServices.uplugin" 763
"../../../Engine/Plugins/Runtime/AR/Google/GoogleARCore/GoogleARCore.uplugin" 764
"../../../Engine/Plugins/Developer/Concert/ConcertInsights/ConcertInsightsServer/ConcertInsightsServer.uplugin" 765
"../../../Engine/Plugins/Developer/Concert/ConcertInsights/ConcertInsightsClient/ConcertInsightsClient.uplugin" 766
"../../../Engine/Plugins/Developer/Concert/ConcertUI/ConcertSharedSlate/ConcertSharedSlate.uplugin" 767
"../../../Engine/Plugins/Developer/Concert/ConcertUI/ConcertClientSharedSlate/ConcertClientSharedSlate.uplugin" 768
"../../../Engine/Plugins/Developer/Concert/ConcertInsights/ConcertInsightsVisualizer/ConcertInsightsVisualizer.uplugin" 769
"../../../Engine/Plugins/Developer/Concert/ConcertApp/MultiUserServer/MultiUserServer.uplugin" 770
"../../../Engine/Plugins/Developer/Concert/ConcertSync/ConcertSyncClient/ConcertSyncClient.uplugin" 771
"../../../Engine/Plugins/Developer/Concert/ConcertInsights/ConcertInsightsCore/ConcertInsightsCore.uplugin" 772
"../../../Engine/Plugins/Developer/Concert/ConcertSync/ConcertSyncTest/ConcertSyncTest.uplugin" 773
"../../../Engine/Plugins/Developer/Concert/ConcertApp/MultiUserClient/MultiUserClient.uplugin" 774
"../../../Engine/Plugins/Experimental/Animation/MLDeformer/DetailPoseModel/DetailPoseModel.uplugin" 775
"../../../Engine/Plugins/Developer/Concert/ConcertSync/ConcertSyncServer/ConcertSyncServer.uplugin" 776
"../../../Engine/Plugins/Developer/Concert/ConcertSync/ConcertSyncCore/ConcertSyncCore.uplugin" 777
"../../../Engine/Plugins/Developer/Concert/ConcertScripting/ConcertReplicationScripting/ConcertReplicationScripting.uplugin" 778
"../../../Engine/Platforms/Android/Plugins/Animation/RigLogic/RigLogic_Android.uplugin" 779
"../../../Engine/Platforms/Android/Plugins/Animation/ACLPlugin/ACLPlugin_Android.uplugin" 780
"../../../Engine/Platforms/IOS/Plugins/Animation/RigLogic/RigLogic_IOS.uplugin" 781
"../../../Engine/Content/Internationalization/icudt64l/cnvalias.icu" 782
"../../../Engine/Content/Internationalization/icudt64l/res_index.res" 783
"../../../Engine/Content/Internationalization/icudt64l/plurals.res" 784
"../../../Engine/Content/Internationalization/icudt64l/lang/en.res" 785
"../../../Engine/Content/Internationalization/icudt64l/lang/pool.res" 786
"../../../Engine/Content/Internationalization/icudt64l/lang/root.res" 787
"../../../Engine/Content/Internationalization/icudt64l/region/en.res" 788
"../../../Engine/Content/Internationalization/icudt64l/region/pool.res" 789
"../../../Engine/Content/Internationalization/icudt64l/region/root.res" 790
"../../../Engine/Content/Internationalization/icudt64l/windowsZones.res" 791
"../../../Engine/Content/Internationalization/icudt64l/zoneinfo64.res" 792
"../../../Engine/Content/Internationalization/icudt64l/keyTypeData.res" 793
"../../../Engine/Content/Internationalization/icudt64l/timezoneTypes.res" 794
"../../../Engine/Content/Internationalization/icudt64l/likelySubtags.res" 795
"../../../Engine/Content/Internationalization/icudt64l/en_US.res" 796
"../../../Engine/Content/Internationalization/icudt64l/pool.res" 797
"../../../Engine/Content/Internationalization/icudt64l/en.res" 798
"../../../Engine/Content/Internationalization/icudt64l/root.res" 799
"../../../Engine/Content/Internationalization/icudt64l/supplementalData.res" 800
"../../../Engine/Config/ConfigRedirects.ini" 801
"C:/Users/Tsuki/AppData/Local/UnrealEngine/5.7/Saved/Config/WindowsEditor/Manifest.ini" 802
"../../../Engine/Config/BaseEngine.ini" 803
"../../../Engine/Config/Windows/BaseWindowsEngine.ini" 804
"../../../../Users/Tsuki/Downloads/CatBurglar_david/CatBurglar/Config/DefaultEngine.ini" 805
"../../../Engine/Config/BaseGame.ini" 806
"../../../../Users/Tsuki/Downloads/CatBurglar_david/CatBurglar/Config/DefaultGame.ini" 807
"../../../Engine/Config/Windows/WindowsGame.ini" 808
"C:/Users/Tsuki/Downloads/CatBurglar_david/CatBurglar/Saved/Config/WindowsEditor/Game.ini" 809
"../../../Engine/Config/BaseInput.ini" 810
"../../../Engine/Config/Windows/BaseWindowsInput.ini" 811
"../../../../Users/Tsuki/Downloads/CatBurglar_david/CatBurglar/Config/DefaultInput.ini" 812
"../../../Engine/Config/Windows/WindowsInput.ini" 813
"../../../Engine/Config/BaseDeviceProfiles.ini" 814
"../../../Engine/Config/BaseGameUserSettings.ini" 815
"C:/Users/Tsuki/Downloads/CatBurglar_david/CatBurglar/Saved/Config/WindowsEditor/GameUserSettings.ini" 816
"../../../Engine/Config/BaseScalability.ini" 817
"../../../Engine/Config/BaseRuntimeOptions.ini" 818
"../../../Engine/Config/BaseInstallBundle.ini" 819
"../../../Engine/Config/BaseHardware.ini" 820
"../../../../Users/Tsuki/Downloads/CatBurglar_david/CatBurglar/Config/DefaultGameplayTags.ini" 821
"../../../Engine/Config/BaseCompat.ini" 822
"../../../Engine/Config/BaseLightmass.ini" 823
"../../../Engine/Config/BaseEditor.ini" 824
"../../../../Users/Tsuki/Downloads/CatBurglar_david/CatBurglar/Config/DefaultEditor.ini" 825
"C:/Users/Tsuki/Downloads/CatBurglar_david/CatBurglar/Saved/Config/WindowsEditor/Editor.ini" 826
"../../../Engine/Config/BaseMaterialExpressions.ini" 827
"../../../Engine/Config/BaseEditorPerProjectUserSettings.ini" 828
"../../../../Users/Tsuki/Downloads/CatBurglar_david/CatBurglar/Config/DefaultEditorPerProjectUserSettings.ini" 829
"../../../Engine/Config/Windows/WindowsEditorPerProjectUserSettings.ini" 830
"C:/Users/Tsuki/Downloads/CatBurglar_david/CatBurglar/Saved/Config/WindowsEditor/EditorPerProjectUserSettings.ini" 831
"../../../Engine/Config/BaseEditorSettings.ini" 832
"../../../Engine/Config/Windows/WindowsEditorSettings.ini" 833
"C:/Users/Tsuki/AppData/Local/UnrealEngine/5.7/Saved/Config/WindowsEditor/EditorSettings.ini" 834
"../../../Engine/Config/BaseEditorKeyBindings.ini" 835
"C:/Users/Tsuki/AppData/Local/UnrealEngine/5.7/Saved/Config/WindowsEditor/EditorLayout.ini" 836
"../../../../Users/Tsuki/Downloads/CatBurglar_david/CatBurglar/Binaries/Win64/CatBurglar.target" 837
"../../../../Users/Tsuki/Downloads/CatBurglar_david/CatBurglar/Intermediate/CachedAssetRegistryDiscovery.bin" 838
"../../../Engine/Config/Mac/BaseMacEngine.ini" 839
"../../../Engine/Config/Linux/BaseLinuxEngine.ini" 840
"../../../Engine/Config/Android/BaseAndroidEngine.ini" 841
"../../../Engine/Config/IOS/BaseIOSEngine.ini" 842
"../../../Engine/Binaries/Win64/BootstrapPackagedGame-Win64-Shipping.target" 843
"../../../Engine/Binaries/Win64/BuildPatchTool-Win64-Shipping.target" 844
"../../../Engine/Binaries/Win64/CrashReportClient-Win64-Shipping.target" 845
"../../../Engine/Config/Android/AndroidEngine.ini" 846
"../../../Engine/Config/Unix/UnixEngine.ini" 847
"../../../Engine/Config/TVOS/TVOSEngine.ini" 848
"../../../Engine/Config/Linux/LinuxEngine.ini" 849
"../../../Engine/Binaries/Win64/CrashReportClientEditor-Win64-Shipping.target" 850
"../../../Engine/Config/Mac/MacGame.ini" 851
"../../../Engine/Binaries/Win64/DatasmithCADWorker.target" 852
"../../../Engine/Binaries/Win64/EpicWebHelper-Win64-Shipping.target" 853
"../../../Engine/Binaries/Win64/InterchangeWorker.target" 854
"../../../Engine/Binaries/Win64/LiveCodingConsole.target" 855
"../../../Engine/Binaries/Win64/LiveLinkHub.target" 856
"../../../Engine/Config/Android/BaseAndroidGame.ini" 857
"../../../Engine/Config/IOS/BaseIOSGame.ini" 858
"../../../Engine/Config/Mac/BaseMacInput.ini" 859
"../../../Engine/Config/IOS/IOSGame.ini" 860
"../../../Engine/Config/Linux/LinuxGame.ini" 861
"../../../Engine/Config/IOS/BaseIOSInput.ini" 862
"../../../Engine/Config/Android/BaseAndroidInput.ini" 863
"../../../Engine/Config/IOS/IOSScalability.ini" 864
"../../../Engine/Config/Android/AndroidScalability.ini" 865
"../../../Engine/Config/IOS/BaseIOSInstallBundle.ini" 866
"../../../Engine/Config/Android/BaseAndroidInstallBundle.ini" 867
"../../../Engine/Platforms/VisionOS/Config/BaseVisionOSEngine.ini" 868
"../../../Engine/Platforms/VisionOS/Config/VisionOSEngine.ini" 869
"../../../Engine/Binaries/Win64/ShaderCompileWorker.target" 870
"../../../Engine/Binaries/Win64/SwitchboardListener.target" 871
"../../../Engine/Binaries/Win64/SwitchboardListenerHelper.target" 872
"../../../Engine/Binaries/Win64/UnrealEditor-Win64-DebugGame.target" 873
"../../../Engine/Binaries/Win64/UnrealEditor.target" 874
"../../../Engine/Config/PluginBase.ini" 875
"../../../Engine/Plugins/ChaosVD/Config/DefaultChaosVD.ini" 876
"../../../Engine/Plugins/EnhancedInput/Config/BaseEnhancedInput.ini" 877
"../../../Engine/Plugins/Fab/Config/BaseFab.ini" 878
"../../../Engine/Plugins/TraceUtilities/Config/BaseTraceUtilities.ini" 879
"../../../Engine/Plugins/Editor/EditorScriptingUtilities/Config/BaseEditorScriptingUtilities.ini" 880
"../../../Engine/Plugins/FX/Niagara/Config/BaseNiagara.ini" 881
"../../../Engine/Plugins/Interchange/Assets/Config/BaseInterchangeAssets.ini" 882
"../../../Engine/Plugins/Interchange/Runtime/Config/BaseInterchange.ini" 883
"../../../Engine/Plugins/Enterprise/DatasmithContent/Config/BaseDatasmithContent.ini" 884
"../../../Engine/Plugins/Enterprise/GLTFExporter/Config/BaseGLTFExporter.ini" 885
"../../../Engine/Plugins/Enterprise/GLTFExporter/Config/DefaultGLTFExporter.ini" 886
"../../../Engine/Plugins/Enterprise/VariantManagerContent/Config/BaseVariantManagerContent.ini" 887
"../../../Engine/Plugins/2D/Paper2D/Config/BasePaper2D.ini" 888
"../../../Engine/Plugins/Animation/ControlRig/Config/BaseControlRig.ini" 889
"../../../Engine/Plugins/Animation/DeformerGraph/Config/BaseDeformerGraph.ini" 890
"../../../Engine/Plugins/Animation/IKRig/Config/BaseIKRig.ini" 891
"../../../Engine/Plugins/Cameras/GameplayCameras/Config/BaseGameplayCameras.ini" 892
"../../../Engine/Plugins/Compositing/CompositeCore/Config/BaseCompositeCore.ini" 893
"../../../Engine/Plugins/Experimental/FullBodyIK/Config/BaseFullBodyIK.ini" 894
"../../../Engine/Plugins/Experimental/ToolPresets/Config/BaseToolPresets.ini" 895
"../../../Engine/Plugins/MetaHuman/MetaHumanSDK/Config/BaseMetaHumanSDK.ini" 896
"../../../Engine/Plugins/Runtime/GameplayStateTree/Config/BaseGameplayStateTree.ini" 897
"../../../Engine/Plugins/Runtime/HairStrands/Config/BaseHairStrands.ini" 898
"../../../Engine/Plugins/Runtime/Metasound/Config/BaseMetasound.ini" 899
"../../../Engine/Plugins/Runtime/Metasound/Config/DefaultMetasound.ini" 900
"../../../Engine/Plugins/Runtime/PropertyBindingUtils/Config/BasePropertyBindingUtils.ini" 901
"../../../Engine/Plugins/Runtime/RigVM/Config/BaseRigVM.ini" 902
"../../../Engine/Plugins/Runtime/StateTree/Config/BaseStateTree.ini" 903
"../../../Engine/Plugins/Runtime/Synthesis/Config/BaseSynthesis.ini" 904
"../../../Engine/Plugins/VirtualProduction/Takes/Config/BaseTakes.ini" 905
"../../../Engine/Plugins/ChaosVD/Config/Engine.ini" 906
"../../../Engine/Plugins/EnhancedInput/Config/Input.ini" 907
"../../../Engine/Plugins/Runtime/InputDebugging/Config/Input.ini" 908
"../../../Engine/Plugins/Runtime/Windows/XInputDevice/Config/Input.ini" 909
"../../../Engine/Plugins/Online/OnlineSubsystemUtils/Config/Editor.ini" 910
"../../../Engine/Plugins/Runtime/RigVM/Config/Editor.ini" 911
"../../../Engine/Plugins/NNE/NNEDenoiser/Config/Game.ini" 912
"../../../Engine/Plugins/Editor/ModelingToolsEditorMode/Binaries/Win64/UnrealEditor.modules" 913
"../../../Engine/Plugins/Runtime/MeshModelingToolset/Binaries/Win64/UnrealEditor.modules" 914
"../../../Engine/Plugins/Experimental/MeshModelingToolsetExp/Binaries/Win64/UnrealEditor.modules" 915
"../../../Engine/Plugins/Editor/MeshLODToolset/Binaries/Win64/UnrealEditor.modules" 916
"../../../Engine/Plugins/Experimental/ToolPresets/Binaries/Win64/UnrealEditor.modules" 917
"../../../Engine/Plugins/Editor/StylusInput/Binaries/Win64/UnrealEditor.modules" 918
"../../../Engine/Plugins/Runtime/GeometryProcessing/Binaries/Win64/UnrealEditor.modules" 919
"../../../Engine/Plugins/Editor/ProxyLODPlugin/Binaries/Win64/UnrealEditor.modules" 920
"../../../Engine/Plugins/Experimental/PlanarCutPlugin/Binaries/Win64/UnrealEditor.modules" 921
"../../../Engine/Plugins/Runtime/GeometryCache/Binaries/Win64/UnrealEditor.modules" 922
"../../../Engine/Plugins/Experimental/GeometryFlow/Binaries/Win64/UnrealEditor.modules" 923
"../../../Engine/Plugins/Editor/EditorScriptingUtilities/Binaries/Win64/UnrealEditor.modules" 924
"../../../Engine/Plugins/FX/Niagara/Binaries/Win64/UnrealEditor.modules" 925
"../../../Engine/Plugins/Experimental/PythonScriptPlugin/Binaries/Win64/UnrealEditor.modules" 926
"../../../Engine/Plugins/Editor/ContentBrowser/ContentBrowserFileDataSource/Binaries/Win64/UnrealEditor.modules" 927
"../../../Engine/Plugins/Runtime/GameplayStateTree/Binaries/Win64/UnrealEditor.modules" 928
"../../../Engine/Plugins/Runtime/StateTree/Binaries/Win64/UnrealEditor.modules" 929
"../../../Engine/Plugins/Animation/GameplayInsights/Binaries/Win64/UnrealEditor.modules" 930
"../../../Engine/Plugins/Runtime/PropertyAccess/Binaries/Win64/UnrealEditor.modules" 931
"../../../Engine/Plugins/Runtime/PropertyBindingUtils/Binaries/Win64/UnrealEditor.modules" 932
"../../../Engine/Plugins/AudioInsights/Binaries/Win64/UnrealEditor.modules" 933
"../../../Engine/Plugins/Runtime/AudioWidgets/Binaries/Win64/UnrealEditor.modules" 934
"../../../Engine/Plugins/Runtime/AudioSynesthesia/Binaries/Win64/UnrealEditor.modules" 935
"../../../Engine/Plugins/Bridge/Binaries/Win64/UnrealEditor.modules" 936
"../../../Engine/Plugins/MetaHuman/MetaHumanSDK/Binaries/Win64/UnrealEditor.modules" 937
"../../../Engine/Plugins/Animation/ControlRig/Binaries/Win64/UnrealEditor.modules" 938
"../../../Engine/Plugins/Runtime/HairStrands/Binaries/Win64/UnrealEditor.modules" 939
"../../../Engine/Plugins/Animation/RigLogic/Binaries/Win64/UnrealEditor.modules" 940
"../../../Engine/Plugins/Interchange/Runtime/Binaries/Win64/UnrealEditor.modules" 941
"../../../Engine/Plugins/Online/EOSShared/Binaries/Win64/UnrealEditor.modules" 942
"../../../Engine/Plugins/Runtime/RigVM/Binaries/Win64/UnrealEditor.modules" 943
"../../../Engine/Plugins/MovieScene/LevelSequenceEditor/Binaries/Win64/UnrealEditor.modules" 944
"../../../Engine/Plugins/MovieScene/SequencerScripting/Binaries/Win64/UnrealEditor.modules" 945
"../../../Engine/Plugins/Animation/TweeningUtils/Binaries/Win64/UnrealEditor.modules" 946
"../../../Engine/Plugins/Animation/DeformerGraph/Binaries/Win64/UnrealEditor.modules" 947
"../../../Engine/Plugins/Experimental/Dataflow/Binaries/Win64/UnrealEditor.modules" 948
"../../../Engine/Plugins/Runtime/ComputeFramework/Binaries/Win64/UnrealEditor.modules" 949
"../../../Engine/Plugins/Enterprise/VariantManagerContent/Binaries/Win64/UnrealEditor.modules" 950
"../../../Engine/Plugins/Enterprise/VariantManager/Binaries/Win64/UnrealEditor.modules" 951
"../../../Engine/Plugins/Interchange/Assets/Binaries/Win64/UnrealEditor.modules" 952
"../../../Engine/Plugins/Experimental/CharacterFXEditor/BaseCharacterFXEditor/Binaries/Win64/UnrealEditor.modules" 953
"../../../Engine/Plugins/Runtime/ProceduralMeshComponent/Binaries/Win64/UnrealEditor.modules" 954
"../../../Engine/Plugins/Experimental/ChaosCaching/Binaries/Win64/UnrealEditor.modules" 955
"../../../Engine/Plugins/Experimental/EditorDataStorage/Binaries/Win64/UnrealEditor.modules" 956
"../../../Engine/Plugins/Experimental/EditorDataStorageFeatures/Binaries/Win64/UnrealEditor.modules" 957
"../../../Engine/Plugins/Animation/SkeletalMeshModelingTools/Binaries/Win64/UnrealEditor.modules" 958
"../../../Engine/Plugins/VirtualProduction/Takes/Binaries/Win64/UnrealEditor.modules" 959
"../../../Engine/Plugins/Runtime/AudioCapture/Binaries/Win64/UnrealEditor.modules" 960
"../../../Engine/Plugins/Developer/NamingTokens/Binaries/Win64/UnrealEditor.modules" 961
"../../../Engine/Plugins/Editor/EngineAssetDefinitions/Binaries/Win64/UnrealEditor.modules" 962
"../../../Engine/Plugins/ChaosCloth/Binaries/Win64/UnrealEditor.modules" 963
"../../../Engine/Plugins/ChaosInsights/Binaries/Win64/UnrealEditor.modules" 964
"../../../Engine/Plugins/ChaosVD/Binaries/Win64/UnrealEditor.modules" 965
"../../../Engine/Plugins/CmdLinkServer/Binaries/Win64/UnrealEditor.modules" 966
"../../../Engine/Plugins/EnhancedInput/Binaries/Win64/UnrealEditor.modules" 967
"../../../Engine/Plugins/Editor/DataValidation/Binaries/Win64/UnrealEditor.modules" 968
"../../../Engine/Plugins/Fab/Binaries/Win64/UnrealEditor.modules" 969
"../../../Engine/Plugins/IoStoreInsights/Binaries/Win64/UnrealEditor.modules" 970
"../../../Engine/Plugins/MassInsights/Binaries/Win64/UnrealEditor.modules" 971
"../../../Engine/Plugins/MeshPainting/Binaries/Win64/UnrealEditor.modules" 972
"../../../Engine/Plugins/Interchange/Editor/Binaries/Win64/UnrealEditor.modules" 973
"../../../Engine/Plugins/RenderGraphInsights/Binaries/Win64/UnrealEditor.modules" 974
"../../../Engine/Plugins/UbaController/Binaries/Win64/UnrealEditor.modules" 975
"../../../Engine/Plugins/TraceUtilities/Binaries/Win64/UnrealEditor.modules" 976
"../../../Engine/Plugins/WorldMetrics/Binaries/Win64/UnrealEditor.modules" 977
"../../../Engine/Plugins/XGEController/Binaries/Win64/UnrealEditor.modules" 978
"../../../Engine/Plugins/AI/AISupport/Binaries/Win64/UnrealEditor.modules" 979
"../../../Engine/Plugins/AI/EnvironmentQueryEditor/Binaries/Win64/UnrealEditor.modules" 980
"../../../Engine/Plugins/Compression/OodleNetwork/Binaries/Win64/UnrealEditor.modules" 981
"../../../Engine/Plugins/Editor/AssetManagerEditor/Binaries/Win64/UnrealEditor.modules" 982
"../../../Engine/Plugins/Editor/ContentBrowser/ContentBrowserAssetDataSource/Binaries/Win64/UnrealEditor.modules" 983
"../../../Engine/Plugins/Editor/BlueprintHeaderView/Binaries/Win64/UnrealEditor.modules" 984
"../../../Engine/Plugins/Editor/ColorGrading/Binaries/Win64/UnrealEditor.modules" 985
"../../../Engine/Plugins/Editor/ObjectMixer/ObjectMixer/Binaries/Win64/UnrealEditor.modules" 986
"../../../Engine/Plugins/Editor/ChangelistReview/Binaries/Win64/UnrealEditor.modules" 987
"../../../Engine/Plugins/Editor/CryptoKeys/Binaries/Win64/UnrealEditor.modules" 988
"../../../Engine/Plugins/Editor/CurveEditorTools/Binaries/Win64/UnrealEditor.modules" 989
"../../../Engine/Plugins/Editor/EditorDebugTools/Binaries/Win64/UnrealEditor.modules" 990
"../../../Engine/Plugins/Editor/FacialAnimation/Binaries/Win64/UnrealEditor.modules" 991
"../../../Engine/Plugins/Editor/GameplayTagsEditor/Binaries/Win64/UnrealEditor.modules" 992
"../../../Engine/Plugins/Editor/GeometryMode/Binaries/Win64/UnrealEditor.modules" 993
"../../../Engine/Plugins/Editor/MaterialAnalyzer/Binaries/Win64/UnrealEditor.modules" 994
"../../../Engine/Plugins/Editor/MobileLauncherProfileWizard/Binaries/Win64/UnrealEditor.modules" 995
"../../../Engine/Plugins/Editor/PluginBrowser/Binaries/Win64/UnrealEditor.modules" 996
"../../../Engine/Plugins/Developer/PluginUtils/Binaries/Win64/UnrealEditor.modules" 997
"../../../Engine/Plugins/Editor/SequencerAnimTools/Binaries/Win64/UnrealEditor.modules" 998
"../../../Engine/Plugins/Editor/SpeedTreeImporter/Binaries/Win64/UnrealEditor.modules" 999
"../../../Engine/Plugins/Editor/UMGWidgetPreview/Binaries/Win64/UnrealEditor.modules" 1000
"../../../Engine/Plugins/Editor/UVEditor/Binaries/Win64/UnrealEditor.modules" 1001
"../../../Engine/Plugins/Editor/WorldPartitionHLODUtilities/Binaries/Win64/UnrealEditor.modules" 1002
"../../../Engine/Plugins/FX/Cascade/Binaries/Win64/UnrealEditor.modules" 1003
"../../../Engine/Plugins/FX/NiagaraPreviewContent/Binaries/Win64/UnrealEditor.modules" 1004
"../../../Engine/Plugins/FX/NiagaraSimCaching/Binaries/Win64/UnrealEditor.modules" 1005
"../../../Engine/Plugins/Online/OnlineBase/Binaries/Win64/UnrealEditor.modules" 1006
"../../../Engine/Plugins/Online/OnlineSubsystem/Binaries/Win64/UnrealEditor.modules" 1007
"../../../Engine/Plugins/Online/OnlineSubsystemUtils/Binaries/Win64/UnrealEditor.modules" 1008
"../../../Engine/Plugins/Online/OnlineServices/Binaries/Win64/UnrealEditor.modules" 1009
"../../../Engine/Plugins/Online/OnlineSubsystemNull/Binaries/Win64/UnrealEditor.modules" 1010
"../../../Engine/Plugins/Enterprise/DatasmithContent/Binaries/Win64/UnrealEditor.modules" 1011
"../../../Engine/Plugins/Enterprise/GLTFExporter/Binaries/Win64/UnrealEditor.modules" 1012
"../../../Engine/Plugins/Importers/AlembicImporter/Binaries/Win64/UnrealEditor.modules" 1013
"../../../Engine/Plugins/Messaging/TcpMessaging/Binaries/Win64/UnrealEditor.modules" 1014
"../../../Engine/Plugins/MovieScene/ActorSequence/Binaries/Win64/UnrealEditor.modules" 1015
"../../../Engine/Plugins/Messaging/UdpMessaging/Binaries/Win64/UnrealEditor.modules" 1016
"../../../Engine/Plugins/MovieScene/SequenceValidator/Binaries/Win64/UnrealEditor.modules" 1017
"../../../Engine/Plugins/NNE/NNEDenoiser/Binaries/Win64/UnrealEditor.modules" 1018
"../../../Engine/Plugins/NNE/NNERuntimeORT/Binaries/Win64/UnrealEditor.modules" 1019
"../../../Engine/Plugins/Tests/InterchangeTests/Binaries/Win64/UnrealEditor.modules" 1020
"../../../Engine/Plugins/2D/Paper2D/Binaries/Win64/UnrealEditor.modules" 1021
"../../../Engine/Plugins/Animation/ACLPlugin/Binaries/Win64/UnrealEditor.modules" 1022
"../../../Engine/Plugins/Animation/AnimationModifierLibrary/Binaries/Win64/UnrealEditor.modules" 1023
"../../../Engine/Plugins/Animation/AnimationData/Binaries/Win64/UnrealEditor.modules" 1024
"../../../Engine/Plugins/Animation/BlendSpaceMotionAnalysis/Binaries/Win64/UnrealEditor.modules" 1025
"../../../Engine/Plugins/Animation/ControlRigSpline/Binaries/Win64/UnrealEditor.modules" 1026
"../../../Engine/Plugins/Animation/EaseCurveTool/Binaries/Win64/UnrealEditor.modules" 1027
"../../../Engine/Plugins/Animation/IKRig/Binaries/Win64/UnrealEditor.modules" 1028
"../../../Engine/Plugins/Experimental/FullBodyIK/Binaries/Win64/UnrealEditor.modules" 1029
"../../../Engine/Plugins/Cameras/GameplayCameras/Binaries/Win64/UnrealEditor.modules" 1030
"../../../Engine/Plugins/MovieScene/TemplateSequence/Binaries/Win64/UnrealEditor.modules" 1031
"../../../Engine/Plugins/Cameras/EngineCameras/Binaries/Win64/UnrealEditor.modules" 1032
"../../../Engine/Plugins/Cameras/CameraShakePreviewer/Binaries/Win64/UnrealEditor.modules" 1033
"../../../Engine/Plugins/Developer/CLionSourceCodeAccess/Binaries/Win64/UnrealEditor.modules" 1034
"../../../Engine/Plugins/Developer/AnimationSharing/Binaries/Win64/UnrealEditor.modules" 1035
"../../../Engine/Plugins/Runtime/SignificanceManager/Binaries/Win64/UnrealEditor.modules" 1036
"../../../Engine/Plugins/Developer/N10XSourceCodeAccess/Binaries/Win64/UnrealEditor.modules" 1037
"../../../Engine/Plugins/Developer/DumpGPUServices/Binaries/Win64/UnrealEditor.modules" 1038
"../../../Engine/Plugins/Developer/PerforceSourceControl/Binaries/Win64/UnrealEditor.modules" 1039
"../../../Engine/Plugins/Developer/PixWinPlugin/Binaries/Win64/UnrealEditor.modules" 1040
"../../../Engine/Plugins/Developer/GitSourceControl/Binaries/Win64/UnrealEditor.modules" 1041
"../../../Engine/Plugins/Developer/GPUReshape/Binaries/Win64/UnrealEditor.modules" 1042
"../../../Engine/Plugins/Developer/PlasticSourceControl/Binaries/Win64/UnrealEditor.modules" 1043
"../../../Engine/Plugins/Developer/ProjectLauncher/Binaries/Win64/UnrealEditor.modules" 1044
"../../../Engine/Plugins/Developer/SubversionSourceControl/Binaries/Win64/UnrealEditor.modules" 1045
"../../../Engine/Plugins/Developer/PropertyAccessNode/Binaries/Win64/UnrealEditor.modules" 1046
"../../../Engine/Plugins/Developer/TextureFormatOodle/Binaries/Win64/UnrealEditor.modules" 1047
"../../../Engine/Plugins/Developer/RenderDocPlugin/Binaries/Win64/UnrealEditor.modules" 1048
"../../../Engine/Plugins/Developer/UObjectPlugin/Binaries/Win64/UnrealEditor.modules" 1049
"../../../Engine/Plugins/Developer/VisualStudioCodeSourceCodeAccess/Binaries/Win64/UnrealEditor.modules" 1050
"../../../Engine/Plugins/Developer/VisualStudioSourceCodeAccess/Binaries/Win64/UnrealEditor.modules" 1051
"../../../Engine/Plugins/Developer/RiderSourceCodeAccess/Binaries/Win64/UnrealEditor.modules" 1052
"../../../Engine/Plugins/Experimental/AdvancedRenamer/Binaries/Win64/UnrealEditor.modules" 1053
"../../../Engine/Plugins/Experimental/AutomationUtils/Binaries/Win64/UnrealEditor.modules" 1054
"../../../Engine/Plugins/Experimental/BackChannel/Binaries/Win64/UnrealEditor.modules" 1055
"../../../Engine/Plugins/Experimental/ChaosEditor/Binaries/Win64/UnrealEditor.modules" 1056
"../../../Engine/Plugins/Experimental/GeometryCollectionPlugin/Binaries/Win64/UnrealEditor.modules" 1057
"../../../Engine/Plugins/Experimental/Fracture/Binaries/Win64/UnrealEditor.modules" 1058
"../../../Engine/Plugins/Experimental/ChaosSolverPlugin/Binaries/Win64/UnrealEditor.modules" 1059
"../../../Engine/Plugins/Experimental/GeometryDataflow/Binaries/Win64/UnrealEditor.modules" 1060
"../../../Engine/Plugins/Experimental/ChaosNiagara/Binaries/Win64/UnrealEditor.modules" 1061
"../../../Engine/Plugins/Experimental/CharacterAI/Binaries/Win64/UnrealEditor.modules" 1062
"../../../Engine/Plugins/Experimental/ChaosUserDataPT/Binaries/Win64/UnrealEditor.modules" 1063
"../../../Engine/Plugins/Experimental/EditorTelemetry/Binaries/Win64/UnrealEditor.modules" 1064
"../../../Engine/Plugins/Experimental/EditorPerformance/Binaries/Win64/UnrealEditor.modules" 1065
"../../../Engine/Plugins/Experimental/GlobalConfigurationData/Binaries/Win64/UnrealEditor.modules" 1066
"../../../Engine/Plugins/Experimental/LevelSequenceNavigatorBridge/Binaries/Win64/UnrealEditor.modules" 1067
"../../../Engine/Plugins/Experimental/SequenceNavigator/Binaries/Win64/UnrealEditor.modules" 1068
"../../../Engine/Plugins/Experimental/LocalizableMessage/Binaries/Win64/UnrealEditor.modules" 1069
"../../../Engine/Plugins/Experimental/NFORDenoise/Binaries/Win64/UnrealEditor.modules" 1070
"../../../Engine/Plugins/Experimental/PlatformCrypto/Binaries/Win64/UnrealEditor.modules" 1071
"../../../Engine/Plugins/Experimental/RuntimeTelemetry/Binaries/Win64/UnrealEditor.modules" 1072
"../../../Engine/Plugins/Experimental/SkeletalReduction/Binaries/Win64/UnrealEditor.modules" 1073
"../../../Engine/Plugins/Media/AvfMedia/Binaries/Win64/UnrealEditor.modules" 1074
"../../../Engine/Plugins/Media/ImgMedia/Binaries/Win64/UnrealEditor.modules" 1075
"../../../Engine/Plugins/Media/MediaPlayerEditor/Binaries/Win64/UnrealEditor.modules" 1076
"../../../Engine/Plugins/Media/AndroidMedia/Binaries/Win64/UnrealEditor.modules" 1077
"../../../Engine/Plugins/Media/MediaCompositing/Binaries/Win64/UnrealEditor.modules" 1078
"../../../Engine/Plugins/Media/MediaPlate/Binaries/Win64/UnrealEditor.modules" 1079
"../../../Engine/Plugins/Compositing/CompositeCore/Binaries/Win64/UnrealEditor.modules" 1080
"../../../Engine/Plugins/Media/WmfMedia/Binaries/Win64/UnrealEditor.modules" 1081
"../../../Engine/Plugins/Portal/LauncherChunkInstaller/Binaries/Win64/UnrealEditor.modules" 1082
"../../../Engine/Plugins/Runtime/ActorLayerUtilities/Binaries/Win64/UnrealEditor.modules" 1083
"../../../Engine/Plugins/Runtime/AndroidFileServer/Binaries/Win64/UnrealEditor.modules" 1084
"../../../Engine/Plugins/Runtime/AndroidDeviceProfileSelector/Binaries/Win64/UnrealEditor.modules" 1085
"../../../Engine/Plugins/Runtime/AndroidPermission/Binaries/Win64/UnrealEditor.modules" 1086
"../../../Engine/Plugins/Runtime/AppleImageUtils/Binaries/Win64/UnrealEditor.modules" 1087
"../../../Engine/Plugins/Runtime/ArchVisCharacter/Binaries/Win64/UnrealEditor.modules" 1088
"../../../Engine/Plugins/Runtime/AssetTags/Binaries/Win64/UnrealEditor.modules" 1089
"../../../Engine/Plugins/Runtime/ChunkDownloader/Binaries/Win64/UnrealEditor.modules" 1090
"../../../Engine/Plugins/Runtime/CableComponent/Binaries/Win64/UnrealEditor.modules" 1091
"../../../Engine/Plugins/Runtime/CustomMeshComponent/Binaries/Win64/UnrealEditor.modules" 1092
"../../../Engine/Plugins/Runtime/ExampleDeviceProfileSelector/Binaries/Win64/UnrealEditor.modules" 1093
"../../../Engine/Plugins/Runtime/GooglePAD/Binaries/Win64/UnrealEditor.modules" 1094
"../../../Engine/Plugins/Runtime/InputDebugging/Binaries/Win64/UnrealEditor.modules" 1095
"../../../Engine/Plugins/Runtime/LocationServicesBPLibrary/Binaries/Win64/UnrealEditor.modules" 1096
"../../../Engine/Plugins/Runtime/Metasound/Binaries/Win64/UnrealEditor.modules" 1097
"../../../Engine/Plugins/Runtime/WaveTable/Binaries/Win64/UnrealEditor.modules" 1098
"../../../Engine/Plugins/Runtime/MobilePatchingUtils/Binaries/Win64/UnrealEditor.modules" 1099
"../../../Engine/Plugins/Runtime/MsQuic/Binaries/Win64/UnrealEditor.modules" 1100
"../../../Engine/Plugins/Runtime/ResonanceAudio/Binaries/Win64/UnrealEditor.modules" 1101
"../../../Engine/Plugins/Runtime/SoundFields/Binaries/Win64/UnrealEditor.modules" 1102
"../../../Engine/Plugins/Runtime/Synthesis/Binaries/Win64/UnrealEditor.modules" 1103
"../../../Engine/Plugins/Runtime/WindowsDeviceProfileSelector/Binaries/Win64/UnrealEditor.modules" 1104
"../../../Engine/Plugins/Runtime/WindowsMoviePlayer/Binaries/Win64/UnrealEditor.modules" 1105
"../../../Engine/Plugins/Runtime/WebMMoviePlayer/Binaries/Win64/UnrealEditor.modules" 1106
"../../../Engine/Plugins/Media/WebMMedia/Binaries/Win64/UnrealEditor.modules" 1107
"../../../Engine/Plugins/Editor/Localization/PortableObjectFileDataSource/Binaries/Win64/UnrealEditor.modules" 1108
"../../../Engine/Plugins/Editor/ContentBrowser/ContentBrowserClassDataSource/Binaries/Win64/UnrealEditor.modules" 1109
"../../../Engine/Plugins/Editor/ObjectMixer/LightMixer/Binaries/Win64/UnrealEditor.modules" 1110
"../../../Engine/Plugins/Runtime/Windows/XInputDevice/Binaries/Win64/UnrealEditor.modules" 1111
"../../../Engine/Config/BaseSourceControlSettings.ini" 1112
"C:/Users/Tsuki/AppData/Local/UnrealEngine/5.7/Saved/Config/WindowsEditor/SourceControlSettings.ini" 1113
"../../../Engine/Content/Internationalization/icudt64l/coll/ucadata.icu" 1114
"../../../Engine/Content/Internationalization/icudt64l/coll/en_US.res" 1115
"../../../Engine/Content/Internationalization/icudt64l/coll/en.res" 1116
"../../../Engine/Content/Internationalization/icudt64l/coll/root.res" 1117
"../../../Engine/Content/Certificates/ThirdParty/cacert.pem" 1118
"../../../Engine/Config/ConsoleVariables.ini" 1119
"../../../Engine/Binaries/Win64/Android/UnrealEditor.modules" 1120
"../../../Engine/Binaries/Win64/IOS/UnrealEditor.modules" 1121
"../../../Engine/Binaries/Win64/Linux/UnrealEditor.modules" 1122
"../../../Engine/Content/Localization/Editor/en/Editor.locres" 1123
"../../../Engine/Content/Localization/Keywords/en/Keywords.locres" 1124
"../../../Engine/Content/Localization/Category/en/Category.locres" 1125
"../../../Engine/Content/Localization/ToolTips/en/ToolTips.locres" 1126
"../../../Engine/Content/Localization/PropertyNames/en/PropertyNames.locres" 1127
"../../../Engine/Content/Localization/Engine/en/Engine.locres" 1128
"../../../Engine/Plugins/Online/OnlineSubsystem/Content/Localization/OnlineSubsystem/en/OnlineSubsystem.locres" 1129
"../../../Engine/Plugins/Online/OnlineSubsystemUtils/Content/Localization/OnlineSubsystemUtils/en/OnlineSubsystemUtils.locres" 1130
"../../../Engine/Plugins/MetaHuman/MetaHumanSDK/Content/Localization/MetaHumanSDK/en/MetaHumanSDK.locres" 1131
"../../../Engine/Plugins/MetaHuman/MetaHumanSDK/Content/Localization/MetaHumanSDK_Properties/en/MetaHumanSDK_Properties.locres" 1132
"../../../Engine/Plugins/MetaHuman/MetaHumanSDK/Content/Localization/MetaHumanSDK_Tooltips/en/MetaHumanSDK_Tooltips.locres" 1133
"../../../Engine/Plugins/Online/IOS/OnlineSubsystemIOS/Content/Localization/OnlineSubsystemIOS/en/OnlineSubsystemIOS.locres" 1134
"../../../Engine/Plugins/Online/Android/OnlineSubsystemGooglePlay/Content/Localization/OnlineSubsystemGooglePlay/en/OnlineSubsystemGooglePlay.locres" 1135
"../../../Engine/Content/Internationalization/icudt64l/numberingSystems.res" 1136
"../../../Engine/Content/Internationalization/icudt64l/curr/supplementalData.res" 1137
"../../../Engine/Content/Internationalization/icudt64l/curr/en.res" 1138
"../../../Engine/Content/Internationalization/icudt64l/curr/pool.res" 1139
"../../../Engine/Content/Internationalization/icudt64l/curr/root.res" 1140
"../../../Engine/Content/Internationalization/icudt64l/lang/af.res" 1141
"../../../Engine/Content/Internationalization/icudt64l/region/af.res" 1142
"../../../Engine/Content/Internationalization/icudt64l/lang/agq.res" 1143
"../../../Engine/Content/Internationalization/icudt64l/region/agq.res" 1144
"../../../Engine/Content/Internationalization/icudt64l/lang/ak.res" 1145
"../../../Engine/Content/Internationalization/icudt64l/region/ak.res" 1146
"../../../Engine/Content/Internationalization/icudt64l/lang/am.res" 1147
"../../../Engine/Content/Internationalization/icudt64l/region/am.res" 1148
"../../../Engine/Content/Internationalization/icudt64l/lang/ar.res" 1149
"../../../Engine/Content/Internationalization/icudt64l/region/ar.res" 1150
"../../../Engine/Content/Internationalization/icudt64l/region/ar_AE.res" 1151
"../../../Engine/Content/Internationalization/icudt64l/lang/ar_EG.res" 1152
"../../../Engine/Content/Internationalization/icudt64l/lang/ar_LY.res" 1153
"../../../Engine/Content/Internationalization/icudt64l/region/ar_LY.res" 1154
"../../../Engine/Content/Internationalization/icudt64l/lang/ar_SA.res" 1155
"../../../Engine/Content/Internationalization/icudt64l/region/ar_SA.res" 1156
"../../../Engine/Content/Internationalization/icudt64l/lang/as.res" 1157
"../../../Engine/Content/Internationalization/icudt64l/region/as.res" 1158
"../../../Engine/Content/Internationalization/icudt64l/lang/asa.res" 1159
"../../../Engine/Content/Internationalization/icudt64l/region/asa.res" 1160
"../../../Engine/Content/Internationalization/icudt64l/lang/ast.res" 1161
"../../../Engine/Content/Internationalization/icudt64l/region/ast.res" 1162
"../../../Engine/Content/Internationalization/icudt64l/lang/az.res" 1163
"../../../Engine/Content/Internationalization/icudt64l/lang/az_Cyrl.res" 1164
"../../../Engine/Content/Internationalization/icudt64l/lang/az_AZ.res" 1165
"../../../Engine/Content/Internationalization/icudt64l/lang/az_Latn_AZ.res" 1166
"../../../Engine/Content/Internationalization/icudt64l/lang/az_Latn.res" 1167
"../../../Engine/Content/Internationalization/icudt64l/region/az_AZ.res" 1168
"../../../Engine/Content/Internationalization/icudt64l/region/az_Latn_AZ.res" 1169
"../../../Engine/Content/Internationalization/icudt64l/region/az_Latn.res" 1170
"../../../Engine/Content/Internationalization/icudt64l/region/az.res" 1171
"../../../Engine/Content/Internationalization/icudt64l/region/az_Cyrl.res" 1172
"../../../Engine/Content/Internationalization/icudt64l/lang/bas.res" 1173
"../../../Engine/Content/Internationalization/icudt64l/region/bas.res" 1174
"../../../Engine/Content/Internationalization/icudt64l/lang/be.res" 1175
"../../../Engine/Content/Internationalization/icudt64l/region/be.res" 1176
"../../../Engine/Content/Internationalization/icudt64l/lang/bem.res" 1177
"../../../Engine/Content/Internationalization/icudt64l/region/bem.res" 1178
"../../../Engine/Content/Internationalization/icudt64l/lang/bez.res" 1179
"../../../Engine/Content/Internationalization/icudt64l/region/bez.res" 1180
"../../../Engine/Content/Internationalization/icudt64l/lang/bg.res" 1181
"../../../Engine/Content/Internationalization/icudt64l/region/bg.res" 1182
"../../../Engine/Content/Internationalization/icudt64l/lang/bm.res" 1183
"../../../Engine/Content/Internationalization/icudt64l/region/bm.res" 1184
"../../../Engine/Content/Internationalization/icudt64l/lang/bn.res" 1185
"../../../Engine/Content/Internationalization/icudt64l/region/bn.res" 1186
"../../../Engine/Content/Internationalization/icudt64l/lang/bn_IN.res" 1187
"../../../Engine/Content/Internationalization/icudt64l/region/bn_IN.res" 1188
"../../../Engine/Content/Internationalization/icudt64l/lang/bo.res" 1189
"../../../Engine/Content/Internationalization/icudt64l/region/bo.res" 1190
"../../../Engine/Content/Internationalization/icudt64l/region/bo_IN.res" 1191
"../../../Engine/Content/Internationalization/icudt64l/lang/br.res" 1192
"../../../Engine/Content/Internationalization/icudt64l/region/br.res" 1193
"../../../Engine/Content/Internationalization/icudt64l/lang/brx.res" 1194
"../../../Engine/Content/Internationalization/icudt64l/region/brx.res" 1195
"../../../Engine/Content/Internationalization/icudt64l/lang/bs.res" 1196
"../../../Engine/Content/Internationalization/icudt64l/lang/bs_Cyrl.res" 1197
"../../../Engine/Content/Internationalization/icudt64l/lang/bs_BA.res" 1198
"../../../Engine/Content/Internationalization/icudt64l/lang/bs_Latn_BA.res" 1199
"../../../Engine/Content/Internationalization/icudt64l/lang/bs_Latn.res" 1200
"../../../Engine/Content/Internationalization/icudt64l/region/bs_BA.res" 1201
"../../../Engine/Content/Internationalization/icudt64l/region/bs_Latn_BA.res" 1202
"../../../Engine/Content/Internationalization/icudt64l/region/bs_Latn.res" 1203
"../../../Engine/Content/Internationalization/icudt64l/region/bs.res" 1204
"../../../Engine/Content/Internationalization/icudt64l/region/bs_Cyrl.res" 1205
"../../../Engine/Content/Internationalization/icudt64l/lang/ca.res" 1206
"../../../Engine/Content/Internationalization/icudt64l/region/ca.res" 1207
"../../../Engine/Content/Internationalization/icudt64l/lang/ccp.res" 1208
"../../../Engine/Content/Internationalization/icudt64l/region/ccp.res" 1209
"../../../Engine/Content/Internationalization/icudt64l/lang/ce.res" 1210
"../../../Engine/Content/Internationalization/icudt64l/region/ce.res" 1211
"../../../Engine/Content/Internationalization/icudt64l/lang/ceb.res" 1212
"../../../Engine/Content/Internationalization/icudt64l/region/ceb.res" 1213
"../../../Engine/Content/Internationalization/icudt64l/lang/cgg.res" 1214
"../../../Engine/Content/Internationalization/icudt64l/region/cgg.res" 1215
"../../../Engine/Content/Internationalization/icudt64l/lang/chr.res" 1216
"../../../Engine/Content/Internationalization/icudt64l/region/chr.res" 1217
"../../../Engine/Content/Internationalization/icudt64l/lang/ckb.res" 1218
"../../../Engine/Content/Internationalization/icudt64l/region/ckb.res" 1219
"../../../Engine/Content/Internationalization/icudt64l/lang/cs.res" 1220
"../../../Engine/Content/Internationalization/icudt64l/region/cs.res" 1221
"../../../Engine/Content/Internationalization/icudt64l/lang/cy.res" 1222
"../../../Engine/Content/Internationalization/icudt64l/region/cy.res" 1223
"../../../Engine/Content/Internationalization/icudt64l/lang/da.res" 1224
"../../../Engine/Content/Internationalization/icudt64l/region/da.res" 1225
"../../../Engine/Content/Internationalization/icudt64l/lang/dav.res" 1226
"../../../Engine/Content/Internationalization/icudt64l/region/dav.res" 1227
"../../../Engine/Content/Internationalization/icudt64l/lang/de.res" 1228
"../../../Engine/Content/Internationalization/icudt64l/lang/de_AT.res" 1229
"../../../Engine/Content/Internationalization/icudt64l/region/de_AT.res" 1230
"../../../Engine/Content/Internationalization/icudt64l/region/de.res" 1231
"../../../Engine/Content/Internationalization/icudt64l/lang/de_CH.res" 1232
"../../../Engine/Content/Internationalization/icudt64l/region/de_CH.res" 1233
"../../../Engine/Content/Internationalization/icudt64l/lang/de_LU.res" 1234
"../../../Engine/Content/Internationalization/icudt64l/lang/dje.res" 1235
"../../../Engine/Content/Internationalization/icudt64l/region/dje.res" 1236
"../../../Engine/Content/Internationalization/icudt64l/lang/dsb.res" 1237
"../../../Engine/Content/Internationalization/icudt64l/region/dsb.res" 1238
"../../../Engine/Content/Internationalization/icudt64l/lang/dua.res" 1239
"../../../Engine/Content/Internationalization/icudt64l/region/dua.res" 1240
"../../../Engine/Content/Internationalization/icudt64l/lang/dyo.res" 1241
"../../../Engine/Content/Internationalization/icudt64l/region/dyo.res" 1242
"../../../Engine/Content/Internationalization/icudt64l/lang/dz.res" 1243
"../../../Engine/Content/Internationalization/icudt64l/region/dz.res" 1244
"../../../Engine/Content/Internationalization/icudt64l/lang/ebu.res" 1245
"../../../Engine/Content/Internationalization/icudt64l/region/ebu.res" 1246
"../../../Engine/Content/Internationalization/icudt64l/lang/ee.res" 1247
"../../../Engine/Content/Internationalization/icudt64l/region/ee.res" 1248
"../../../Engine/Content/Internationalization/icudt64l/lang/el.res" 1249
"../../../Engine/Content/Internationalization/icudt64l/region/el.res" 1250
"../../../Engine/Content/Internationalization/icudt64l/lang/en_001.res" 1251
"../../../Engine/Content/Internationalization/icudt64l/lang/en_150.res" 1252
"../../../Engine/Content/Internationalization/icudt64l/region/en_150.res" 1253
"../../../Engine/Content/Internationalization/icudt64l/lang/en_AG.res" 1254
"../../../Engine/Content/Internationalization/icudt64l/region/en_AG.res" 1255
"../../../Engine/Content/Internationalization/icudt64l/lang/en_AI.res" 1256
"../../../Engine/Content/Internationalization/icudt64l/region/en_AI.res" 1257
"../../../Engine/Content/Internationalization/icudt64l/lang/en_AT.res" 1258
"../../../Engine/Content/Internationalization/icudt64l/region/en_AT.res" 1259
"../../../Engine/Content/Internationalization/icudt64l/lang/en_AU.res" 1260
"../../../Engine/Content/Internationalization/icudt64l/region/en_AU.res" 1261
"../../../Engine/Content/Internationalization/icudt64l/lang/en_BB.res" 1262
"../../../Engine/Content/Internationalization/icudt64l/region/en_BB.res" 1263
"../../../Engine/Content/Internationalization/icudt64l/lang/en_BE.res" 1264
"../../../Engine/Content/Internationalization/icudt64l/region/en_BE.res" 1265
"../../../Engine/Content/Internationalization/icudt64l/lang/en_BM.res" 1266
"../../../Engine/Content/Internationalization/icudt64l/region/en_BM.res" 1267
"../../../Engine/Content/Internationalization/icudt64l/lang/en_BS.res" 1268
"../../../Engine/Content/Internationalization/icudt64l/region/en_BS.res" 1269
"../../../Engine/Content/Internationalization/icudt64l/lang/en_BW.res" 1270
"../../../Engine/Content/Internationalization/icudt64l/region/en_BW.res" 1271
"../../../Engine/Content/Internationalization/icudt64l/lang/en_BZ.res" 1272
"../../../Engine/Content/Internationalization/icudt64l/region/en_BZ.res" 1273
"../../../Engine/Content/Internationalization/icudt64l/lang/en_CA.res" 1274
"../../../Engine/Content/Internationalization/icudt64l/region/en_CA.res" 1275
"../../../Engine/Content/Internationalization/icudt64l/lang/en_CC.res" 1276
"../../../Engine/Content/Internationalization/icudt64l/region/en_CC.res" 1277
"../../../Engine/Content/Internationalization/icudt64l/lang/en_CH.res" 1278
"../../../Engine/Content/Internationalization/icudt64l/region/en_CH.res" 1279
"../../../Engine/Content/Internationalization/icudt64l/lang/en_CK.res" 1280
"../../../Engine/Content/Internationalization/icudt64l/region/en_CK.res" 1281
"../../../Engine/Content/Internationalization/icudt64l/lang/en_CM.res" 1282
"../../../Engine/Content/Internationalization/icudt64l/region/en_CM.res" 1283
"../../../Engine/Content/Internationalization/icudt64l/lang/en_CX.res" 1284
"../../../Engine/Content/Internationalization/icudt64l/region/en_CX.res" 1285
"../../../Engine/Content/Internationalization/icudt64l/lang/en_CY.res" 1286
"../../../Engine/Content/Internationalization/icudt64l/region/en_CY.res" 1287
"../../../Engine/Content/Internationalization/icudt64l/lang/en_DE.res" 1288
"../../../Engine/Content/Internationalization/icudt64l/region/en_DE.res" 1289
"../../../Engine/Content/Internationalization/icudt64l/lang/en_DG.res" 1290
"../../../Engine/Content/Internationalization/icudt64l/region/en_DG.res" 1291
"../../../Engine/Content/Internationalization/icudt64l/lang/en_DK.res" 1292
"../../../Engine/Content/Internationalization/icudt64l/region/en_DK.res" 1293
"../../../Engine/Content/Internationalization/icudt64l/lang/en_DM.res" 1294
"../../../Engine/Content/Internationalization/icudt64l/region/en_DM.res" 1295
"../../../Engine/Content/Internationalization/icudt64l/lang/en_ER.res" 1296
"../../../Engine/Content/Internationalization/icudt64l/region/en_ER.res" 1297
"../../../Engine/Content/Internationalization/icudt64l/lang/en_FI.res" 1298
"../../../Engine/Content/Internationalization/icudt64l/region/en_FI.res" 1299
"../../../Engine/Content/Internationalization/icudt64l/lang/en_FJ.res" 1300
"../../../Engine/Content/Internationalization/icudt64l/region/en_FJ.res" 1301
"../../../Engine/Content/Internationalization/icudt64l/lang/en_FK.res" 1302
"../../../Engine/Content/Internationalization/icudt64l/region/en_FK.res" 1303
"../../../Engine/Content/Internationalization/icudt64l/lang/en_FM.res" 1304
"../../../Engine/Content/Internationalization/icudt64l/region/en_FM.res" 1305
"../../../Engine/Content/Internationalization/icudt64l/lang/en_GB.res" 1306
"../../../Engine/Content/Internationalization/icudt64l/region/en_GB.res" 1307
"../../../Engine/Content/Internationalization/icudt64l/lang/en_GD.res" 1308
"../../../Engine/Content/Internationalization/icudt64l/region/en_GD.res" 1309
"../../../Engine/Content/Internationalization/icudt64l/lang/en_GG.res" 1310
"../../../Engine/Content/Internationalization/icudt64l/region/en_GG.res" 1311
"../../../Engine/Content/Internationalization/icudt64l/lang/en_GH.res" 1312
"../../../Engine/Content/Internationalization/icudt64l/region/en_GH.res" 1313
"../../../Engine/Content/Internationalization/icudt64l/lang/en_GI.res" 1314
"../../../Engine/Content/Internationalization/icudt64l/region/en_GI.res" 1315
"../../../Engine/Content/Internationalization/icudt64l/lang/en_GM.res" 1316
"../../../Engine/Content/Internationalization/icudt64l/region/en_GM.res" 1317
"../../../Engine/Content/Internationalization/icudt64l/lang/en_GY.res" 1318
"../../../Engine/Content/Internationalization/icudt64l/region/en_GY.res" 1319
"../../../Engine/Content/Internationalization/icudt64l/lang/en_HK.res" 1320
"../../../Engine/Content/Internationalization/icudt64l/region/en_HK.res" 1321
"../../../Engine/Content/Internationalization/icudt64l/lang/en_IE.res" 1322
"../../../Engine/Content/Internationalization/icudt64l/region/en_IE.res" 1323
"../../../Engine/Content/Internationalization/icudt64l/lang/en_IL.res" 1324
"../../../Engine/Content/Internationalization/icudt64l/region/en_IL.res" 1325
"../../../Engine/Content/Internationalization/icudt64l/lang/en_IM.res" 1326
"../../../Engine/Content/Internationalization/icudt64l/region/en_IM.res" 1327
"../../../Engine/Content/Internationalization/icudt64l/lang/en_IN.res" 1328
"../../../Engine/Content/Internationalization/icudt64l/region/en_IN.res" 1329
"../../../Engine/Content/Internationalization/icudt64l/lang/en_IO.res" 1330
"../../../Engine/Content/Internationalization/icudt64l/region/en_IO.res" 1331
"../../../Engine/Content/Internationalization/icudt64l/lang/en_JE.res" 1332
"../../../Engine/Content/Internationalization/icudt64l/region/en_JE.res" 1333
"../../../Engine/Content/Internationalization/icudt64l/lang/en_JM.res" 1334
"../../../Engine/Content/Internationalization/icudt64l/region/en_JM.res" 1335
"../../../Engine/Content/Internationalization/icudt64l/lang/en_KE.res" 1336
"../../../Engine/Content/Internationalization/icudt64l/region/en_KE.res" 1337
"../../../Engine/Content/Internationalization/icudt64l/lang/en_KI.res" 1338
"../../../Engine/Content/Internationalization/icudt64l/region/en_KI.res" 1339
"../../../Engine/Content/Internationalization/icudt64l/lang/en_KN.res" 1340
"../../../Engine/Content/Internationalization/icudt64l/region/en_KN.res" 1341
"../../../Engine/Content/Internationalization/icudt64l/lang/en_KY.res" 1342
"../../../Engine/Content/Internationalization/icudt64l/region/en_KY.res" 1343
"../../../Engine/Content/Internationalization/icudt64l/lang/en_LC.res" 1344
"../../../Engine/Content/Internationalization/icudt64l/region/en_LC.res" 1345
"../../../Engine/Content/Internationalization/icudt64l/lang/en_LR.res" 1346
"../../../Engine/Content/Internationalization/icudt64l/region/en_LR.res" 1347
"../../../Engine/Content/Internationalization/icudt64l/lang/en_LS.res" 1348
"../../../Engine/Content/Internationalization/icudt64l/region/en_LS.res" 1349
"../../../Engine/Content/Internationalization/icudt64l/lang/en_MG.res" 1350
"../../../Engine/Content/Internationalization/icudt64l/region/en_MG.res" 1351
"../../../Engine/Content/Internationalization/icudt64l/lang/en_MO.res" 1352
"../../../Engine/Content/Internationalization/icudt64l/region/en_MO.res" 1353
"../../../Engine/Content/Internationalization/icudt64l/lang/en_MS.res" 1354
"../../../Engine/Content/Internationalization/icudt64l/region/en_MS.res" 1355
"../../../Engine/Content/Internationalization/icudt64l/lang/en_MT.res" 1356
"../../../Engine/Content/Internationalization/icudt64l/region/en_MT.res" 1357
"../../../Engine/Content/Internationalization/icudt64l/lang/en_MU.res" 1358
"../../../Engine/Content/Internationalization/icudt64l/region/en_MU.res" 1359
"../../../Engine/Content/Internationalization/icudt64l/lang/en_MW.res" 1360
"../../../Engine/Content/Internationalization/icudt64l/region/en_MW.res" 1361
"../../../Engine/Content/Internationalization/icudt64l/lang/en_MY.res" 1362
"../../../Engine/Content/Internationalization/icudt64l/region/en_MY.res" 1363
"../../../Engine/Content/Internationalization/icudt64l/lang/en_NA.res" 1364
"../../../Engine/Content/Internationalization/icudt64l/region/en_NA.res" 1365
"../../../Engine/Content/Internationalization/icudt64l/lang/en_NF.res" 1366
"../../../Engine/Content/Internationalization/icudt64l/region/en_NF.res" 1367
"../../../Engine/Content/Internationalization/icudt64l/lang/en_NG.res" 1368
"../../../Engine/Content/Internationalization/icudt64l/region/en_NG.res" 1369
"../../../Engine/Content/Internationalization/icudt64l/lang/en_NL.res" 1370
"../../../Engine/Content/Internationalization/icudt64l/region/en_NL.res" 1371
"../../../Engine/Content/Internationalization/icudt64l/lang/en_NR.res" 1372
"../../../Engine/Content/Internationalization/icudt64l/region/en_NR.res" 1373
"../../../Engine/Content/Internationalization/icudt64l/lang/en_NU.res" 1374
"../../../Engine/Content/Internationalization/icudt64l/region/en_NU.res" 1375
"../../../Engine/Content/Internationalization/icudt64l/lang/en_NZ.res" 1376
"../../../Engine/Content/Internationalization/icudt64l/region/en_NZ.res" 1377
"../../../Engine/Content/Internationalization/icudt64l/lang/en_PG.res" 1378
"../../../Engine/Content/Internationalization/icudt64l/region/en_PG.res" 1379
"../../../Engine/Content/Internationalization/icudt64l/lang/en_PH.res" 1380
"../../../Engine/Content/Internationalization/icudt64l/region/en_PH.res" 1381
"../../../Engine/Content/Internationalization/icudt64l/lang/en_PK.res" 1382
"../../../Engine/Content/Internationalization/icudt64l/region/en_PK.res" 1383
"../../../Engine/Content/Internationalization/icudt64l/lang/en_PN.res" 1384
"../../../Engine/Content/Internationalization/icudt64l/region/en_PN.res" 1385
"../../../Engine/Content/Internationalization/icudt64l/lang/en_PW.res" 1386
"../../../Engine/Content/Internationalization/icudt64l/region/en_PW.res" 1387
"../../../Engine/Content/Internationalization/icudt64l/lang/en_RW.res" 1388
"../../../Engine/Content/Internationalization/icudt64l/region/en_RW.res" 1389
"../../../Engine/Content/Internationalization/icudt64l/lang/en_SB.res" 1390
"../../../Engine/Content/Internationalization/icudt64l/region/en_SB.res" 1391
"../../../Engine/Content/Internationalization/icudt64l/lang/en_SC.res" 1392
"../../../Engine/Content/Internationalization/icudt64l/region/en_SC.res" 1393
"../../../Engine/Content/Internationalization/icudt64l/lang/en_SD.res" 1394
"../../../Engine/Content/Internationalization/icudt64l/region/en_SD.res" 1395
"../../../Engine/Content/Internationalization/icudt64l/lang/en_SE.res" 1396
"../../../Engine/Content/Internationalization/icudt64l/region/en_SE.res" 1397
"../../../Engine/Content/Internationalization/icudt64l/lang/en_SG.res" 1398
"../../../Engine/Content/Internationalization/icudt64l/region/en_SG.res" 1399
"../../../Engine/Content/Internationalization/icudt64l/lang/en_SH.res" 1400
"../../../Engine/Content/Internationalization/icudt64l/region/en_SH.res" 1401
"../../../Engine/Content/Internationalization/icudt64l/lang/en_SI.res" 1402
"../../../Engine/Content/Internationalization/icudt64l/region/en_SI.res" 1403
"../../../Engine/Content/Internationalization/icudt64l/lang/en_SL.res" 1404
"../../../Engine/Content/Internationalization/icudt64l/region/en_SL.res" 1405
"../../../Engine/Content/Internationalization/icudt64l/lang/en_SS.res" 1406
"../../../Engine/Content/Internationalization/icudt64l/region/en_SS.res" 1407
"../../../Engine/Content/Internationalization/icudt64l/lang/en_SX.res" 1408
"../../../Engine/Content/Internationalization/icudt64l/region/en_SX.res" 1409
"../../../Engine/Content/Internationalization/icudt64l/lang/en_SZ.res" 1410
"../../../Engine/Content/Internationalization/icudt64l/region/en_SZ.res" 1411
"../../../Engine/Content/Internationalization/icudt64l/lang/en_TC.res" 1412
"../../../Engine/Content/Internationalization/icudt64l/region/en_TC.res" 1413
"../../../Engine/Content/Internationalization/icudt64l/lang/en_TK.res" 1414
"../../../Engine/Content/Internationalization/icudt64l/region/en_TK.res" 1415
"../../../Engine/Content/Internationalization/icudt64l/lang/en_TO.res" 1416
"../../../Engine/Content/Internationalization/icudt64l/region/en_TO.res" 1417
"../../../Engine/Content/Internationalization/icudt64l/lang/en_TT.res" 1418
"../../../Engine/Content/Internationalization/icudt64l/region/en_TT.res" 1419
"../../../Engine/Content/Internationalization/icudt64l/lang/en_TV.res" 1420
"../../../Engine/Content/Internationalization/icudt64l/region/en_TV.res" 1421
"../../../Engine/Content/Internationalization/icudt64l/lang/en_TZ.res" 1422
"../../../Engine/Content/Internationalization/icudt64l/region/en_TZ.res" 1423
"../../../Engine/Content/Internationalization/icudt64l/lang/en_UG.res" 1424
"../../../Engine/Content/Internationalization/icudt64l/region/en_UG.res" 1425
"../../../Engine/Content/Internationalization/icudt64l/lang/en_VC.res" 1426
"../../../Engine/Content/Internationalization/icudt64l/region/en_VC.res" 1427
"../../../Engine/Content/Internationalization/icudt64l/lang/en_VG.res" 1428
"../../../Engine/Content/Internationalization/icudt64l/region/en_VG.res" 1429
"../../../Engine/Content/Internationalization/icudt64l/lang/en_VU.res" 1430
"../../../Engine/Content/Internationalization/icudt64l/region/en_VU.res" 1431
"../../../Engine/Content/Internationalization/icudt64l/lang/en_WS.res" 1432
"../../../Engine/Content/Internationalization/icudt64l/region/en_WS.res" 1433
"../../../Engine/Content/Internationalization/icudt64l/lang/en_ZA.res" 1434
"../../../Engine/Content/Internationalization/icudt64l/region/en_ZA.res" 1435
"../../../Engine/Content/Internationalization/icudt64l/lang/en_ZM.res" 1436
"../../../Engine/Content/Internationalization/icudt64l/region/en_ZM.res" 1437
"../../../Engine/Content/Internationalization/icudt64l/lang/en_ZW.res" 1438
"../../../Engine/Content/Internationalization/icudt64l/region/en_ZW.res" 1439
"../../../Engine/Content/Internationalization/icudt64l/lang/eo.res" 1440
"../../../Engine/Content/Internationalization/icudt64l/region/eo.res" 1441
"../../../Engine/Content/Internationalization/icudt64l/lang/es.res" 1442
"../../../Engine/Content/Internationalization/icudt64l/lang/es_419.res" 1443
"../../../Engine/Content/Internationalization/icudt64l/region/es_419.res" 1444
"../../../Engine/Content/Internationalization/icudt64l/region/es.res" 1445
"../../../Engine/Content/Internationalization/icudt64l/lang/es_AR.res" 1446
"../../../Engine/Content/Internationalization/icudt64l/region/es_AR.res" 1447
"../../../Engine/Content/Internationalization/icudt64l/lang/es_BO.res" 1448
"../../../Engine/Content/Internationalization/icudt64l/region/es_BO.res" 1449
"../../../Engine/Content/Internationalization/icudt64l/lang/es_BR.res" 1450
"../../../Engine/Content/Internationalization/icudt64l/region/es_BR.res" 1451
"../../../Engine/Content/Internationalization/icudt64l/lang/es_BZ.res" 1452
"../../../Engine/Content/Internationalization/icudt64l/region/es_BZ.res" 1453
"../../../Engine/Content/Internationalization/icudt64l/lang/es_CL.res" 1454
"../../../Engine/Content/Internationalization/icudt64l/region/es_CL.res" 1455
"../../../Engine/Content/Internationalization/icudt64l/lang/es_CO.res" 1456
"../../../Engine/Content/Internationalization/icudt64l/region/es_CO.res" 1457
"../../../Engine/Content/Internationalization/icudt64l/lang/es_CR.res" 1458
"../../../Engine/Content/Internationalization/icudt64l/region/es_CR.res" 1459
"../../../Engine/Content/Internationalization/icudt64l/lang/es_CU.res" 1460
"../../../Engine/Content/Internationalization/icudt64l/region/es_CU.res" 1461
"../../../Engine/Content/Internationalization/icudt64l/lang/es_DO.res" 1462
"../../../Engine/Content/Internationalization/icudt64l/region/es_DO.res" 1463
"../../../Engine/Content/Internationalization/icudt64l/lang/es_EC.res" 1464
"../../../Engine/Content/Internationalization/icudt64l/region/es_EC.res" 1465
"../../../Engine/Content/Internationalization/icudt64l/lang/es_GT.res" 1466
"../../../Engine/Content/Internationalization/icudt64l/region/es_GT.res" 1467
"../../../Engine/Content/Internationalization/icudt64l/lang/es_HN.res" 1468
"../../../Engine/Content/Internationalization/icudt64l/region/es_HN.res" 1469
"../../../Engine/Content/Internationalization/icudt64l/lang/es_MX.res" 1470
"../../../Engine/Content/Internationalization/icudt64l/region/es_MX.res" 1471
"../../../Engine/Content/Internationalization/icudt64l/lang/es_NI.res" 1472
"../../../Engine/Content/Internationalization/icudt64l/region/es_NI.res" 1473
"../../../Engine/Content/Internationalization/icudt64l/lang/es_PA.res" 1474
"../../../Engine/Content/Internationalization/icudt64l/region/es_PA.res" 1475
"../../../Engine/Content/Internationalization/icudt64l/lang/es_PE.res" 1476
"../../../Engine/Content/Internationalization/icudt64l/region/es_PE.res" 1477
"../../../Engine/Content/Internationalization/icudt64l/lang/es_PR.res" 1478
"../../../Engine/Content/Internationalization/icudt64l/region/es_PR.res" 1479
"../../../Engine/Content/Internationalization/icudt64l/lang/es_PY.res" 1480
"../../../Engine/Content/Internationalization/icudt64l/region/es_PY.res" 1481
"../../../Engine/Content/Internationalization/icudt64l/lang/es_SV.res" 1482
"../../../Engine/Content/Internationalization/icudt64l/region/es_SV.res" 1483
"../../../Engine/Content/Internationalization/icudt64l/lang/es_US.res" 1484
"../../../Engine/Content/Internationalization/icudt64l/region/es_US.res" 1485
"../../../Engine/Content/Internationalization/icudt64l/lang/es_UY.res" 1486
"../../../Engine/Content/Internationalization/icudt64l/region/es_UY.res" 1487
"../../../Engine/Content/Internationalization/icudt64l/lang/es_VE.res" 1488
"../../../Engine/Content/Internationalization/icudt64l/region/es_VE.res" 1489
"../../../Engine/Content/Internationalization/icudt64l/lang/et.res" 1490
"../../../Engine/Content/Internationalization/icudt64l/region/et.res" 1491
"../../../Engine/Content/Internationalization/icudt64l/lang/eu.res" 1492
"../../../Engine/Content/Internationalization/icudt64l/region/eu.res" 1493
"../../../Engine/Content/Internationalization/icudt64l/lang/ewo.res" 1494
"../../../Engine/Content/Internationalization/icudt64l/region/ewo.res" 1495
"../../../Engine/Content/Internationalization/icudt64l/lang/fa.res" 1496
"../../../Engine/Content/Internationalization/icudt64l/lang/fa_AF.res" 1497
"../../../Engine/Content/Internationalization/icudt64l/region/fa_AF.res" 1498
"../../../Engine/Content/Internationalization/icudt64l/region/fa.res" 1499
"../../../Engine/Content/Internationalization/icudt64l/lang/ff.res" 1500
"../../../Engine/Content/Internationalization/icudt64l/lang/ff_Latn.res" 1501
"../../../Engine/Content/Internationalization/icudt64l/region/ff.res" 1502
"../../../Engine/Content/Internationalization/icudt64l/region/ff_Latn.res" 1503
"../../../Engine/Content/Internationalization/icudt64l/lang/ff_CM.res" 1504
"../../../Engine/Content/Internationalization/icudt64l/lang/ff_Latn_CM.res" 1505
"../../../Engine/Content/Internationalization/icudt64l/region/ff_CM.res" 1506
"../../../Engine/Content/Internationalization/icudt64l/region/ff_Latn_CM.res" 1507
"../../../Engine/Content/Internationalization/icudt64l/lang/ff_GN.res" 1508
"../../../Engine/Content/Internationalization/icudt64l/lang/ff_Latn_GN.res" 1509
"../../../Engine/Content/Internationalization/icudt64l/region/ff_GN.res" 1510
"../../../Engine/Content/Internationalization/icudt64l/region/ff_Latn_GN.res" 1511
"../../../Engine/Content/Internationalization/icudt64l/lang/ff_MR.res" 1512
"../../../Engine/Content/Internationalization/icudt64l/lang/ff_Latn_MR.res" 1513
"../../../Engine/Content/Internationalization/icudt64l/region/ff_MR.res" 1514
"../../../Engine/Content/Internationalization/icudt64l/region/ff_Latn_MR.res" 1515
"../../../Engine/Content/Internationalization/icudt64l/lang/ff_SN.res" 1516
"../../../Engine/Content/Internationalization/icudt64l/lang/ff_Latn_SN.res" 1517
"../../../Engine/Content/Internationalization/icudt64l/region/ff_SN.res" 1518
"../../../Engine/Content/Internationalization/icudt64l/region/ff_Latn_SN.res" 1519
"../../../Engine/Content/Internationalization/icudt64l/lang/fi.res" 1520
"../../../Engine/Content/Internationalization/icudt64l/region/fi.res" 1521
"../../../Engine/Content/Internationalization/icudt64l/lang/fil.res" 1522
"../../../Engine/Content/Internationalization/icudt64l/lang/fil_PH.res" 1523
"../../../Engine/Content/Internationalization/icudt64l/region/fil_PH.res" 1524
"../../../Engine/Content/Internationalization/icudt64l/region/fil.res" 1525
"../../../Engine/Content/Internationalization/icudt64l/lang/fo.res" 1526
"../../../Engine/Content/Internationalization/icudt64l/region/fo.res" 1527
"../../../Engine/Content/Internationalization/icudt64l/lang/fr.res" 1528
"../../../Engine/Content/Internationalization/icudt64l/lang/fr_BE.res" 1529
"../../../Engine/Content/Internationalization/icudt64l/region/fr_BE.res" 1530
"../../../Engine/Content/Internationalization/icudt64l/region/fr.res" 1531
"../../../Engine/Content/Internationalization/icudt64l/lang/fr_CA.res" 1532
"../../../Engine/Content/Internationalization/icudt64l/region/fr_CA.res" 1533
"../../../Engine/Content/Internationalization/icudt64l/lang/fr_CH.res" 1534
"../../../Engine/Content/Internationalization/icudt64l/lang/fur.res" 1535
"../../../Engine/Content/Internationalization/icudt64l/region/fur.res" 1536
"../../../Engine/Content/Internationalization/icudt64l/lang/fy.res" 1537
"../../../Engine/Content/Internationalization/icudt64l/region/fy.res" 1538
"../../../Engine/Content/Internationalization/icudt64l/lang/ga.res" 1539
"../../../Engine/Content/Internationalization/icudt64l/region/ga.res" 1540
"../../../Engine/Content/Internationalization/icudt64l/lang/gd.res" 1541
"../../../Engine/Content/Internationalization/icudt64l/region/gd.res" 1542
"../../../Engine/Content/Internationalization/icudt64l/lang/gl.res" 1543
"../../../Engine/Content/Internationalization/icudt64l/region/gl.res" 1544
"../../../Engine/Content/Internationalization/icudt64l/lang/gsw.res" 1545
"../../../Engine/Content/Internationalization/icudt64l/region/gsw.res" 1546
"../../../Engine/Content/Internationalization/icudt64l/lang/gu.res" 1547
"../../../Engine/Content/Internationalization/icudt64l/region/gu.res" 1548
"../../../Engine/Content/Internationalization/icudt64l/lang/guz.res" 1549
"../../../Engine/Content/Internationalization/icudt64l/region/guz.res" 1550
"../../../Engine/Content/Internationalization/icudt64l/lang/gv.res" 1551
"../../../Engine/Content/Internationalization/icudt64l/region/gv.res" 1552
"../../../Engine/Content/Internationalization/icudt64l/lang/ha.res" 1553
"../../../Engine/Content/Internationalization/icudt64l/region/ha.res" 1554
"../../../Engine/Content/Internationalization/icudt64l/lang/ha_NE.res" 1555
"../../../Engine/Content/Internationalization/icudt64l/region/ha_NE.res" 1556
"../../../Engine/Content/Internationalization/icudt64l/lang/haw.res" 1557
"../../../Engine/Content/Internationalization/icudt64l/region/haw.res" 1558
"../../../Engine/Content/Internationalization/icudt64l/lang/he.res" 1559
"../../../Engine/Content/Internationalization/icudt64l/lang/he_IL.res" 1560
"../../../Engine/Content/Internationalization/icudt64l/region/he_IL.res" 1561
"../../../Engine/Content/Internationalization/icudt64l/region/he.res" 1562
"../../../Engine/Content/Internationalization/icudt64l/lang/hi.res" 1563
"../../../Engine/Content/Internationalization/icudt64l/region/hi.res" 1564
"../../../Engine/Content/Internationalization/icudt64l/lang/hr.res" 1565
"../../../Engine/Content/Internationalization/icudt64l/region/hr.res" 1566
"../../../Engine/Content/Internationalization/icudt64l/lang/hsb.res" 1567
"../../../Engine/Content/Internationalization/icudt64l/region/hsb.res" 1568
"../../../Engine/Content/Internationalization/icudt64l/lang/hu.res" 1569
"../../../Engine/Content/Internationalization/icudt64l/region/hu.res" 1570
"../../../Engine/Content/Internationalization/icudt64l/lang/hy.res" 1571
"../../../Engine/Content/Internationalization/icudt64l/region/hy.res" 1572
"../../../Engine/Content/Internationalization/icudt64l/lang/ia.res" 1573
"../../../Engine/Content/Internationalization/icudt64l/region/ia.res" 1574
"../../../Engine/Content/Internationalization/icudt64l/lang/id.res" 1575
"../../../Engine/Content/Internationalization/icudt64l/lang/id_ID.res" 1576
"../../../Engine/Content/Internationalization/icudt64l/region/id_ID.res" 1577
"../../../Engine/Content/Internationalization/icudt64l/region/id.res" 1578
"../../../Engine/Content/Internationalization/icudt64l/lang/ig.res" 1579
"../../../Engine/Content/Internationalization/icudt64l/region/ig.res" 1580
"../../../Engine/Content/Internationalization/icudt64l/lang/ii.res" 1581
"../../../Engine/Content/Internationalization/icudt64l/region/ii.res" 1582
"../../../Engine/Content/Internationalization/icudt64l/lang/is.res" 1583
"../../../Engine/Content/Internationalization/icudt64l/region/is.res" 1584
"../../../Engine/Content/Internationalization/icudt64l/lang/it.res" 1585
"../../../Engine/Content/Internationalization/icudt64l/region/it.res" 1586
"../../../Engine/Content/Internationalization/icudt64l/lang/ja.res" 1587
"../../../Engine/Content/Internationalization/icudt64l/lang/ja_JP.res" 1588
"../../../Engine/Content/Internationalization/icudt64l/region/ja_JP.res" 1589
"../../../Engine/Content/Internationalization/icudt64l/region/ja.res" 1590
"../../../Engine/Content/Internationalization/icudt64l/lang/jgo.res" 1591
"../../../Engine/Content/Internationalization/icudt64l/region/jgo.res" 1592
"../../../Engine/Content/Internationalization/icudt64l/lang/jmc.res" 1593
"../../../Engine/Content/Internationalization/icudt64l/region/jmc.res" 1594
"../../../Engine/Content/Internationalization/icudt64l/lang/jv.res" 1595
"../../../Engine/Content/Internationalization/icudt64l/region/jv.res" 1596
"../../../Engine/Content/Internationalization/icudt64l/lang/ka.res" 1597
"../../../Engine/Content/Internationalization/icudt64l/region/ka.res" 1598
"../../../Engine/Content/Internationalization/icudt64l/lang/kab.res" 1599
"../../../Engine/Content/Internationalization/icudt64l/region/kab.res" 1600
"../../../Engine/Content/Internationalization/icudt64l/lang/kam.res" 1601
"../../../Engine/Content/Internationalization/icudt64l/region/kam.res" 1602
"../../../Engine/Content/Internationalization/icudt64l/lang/kde.res" 1603
"../../../Engine/Content/Internationalization/icudt64l/region/kde.res" 1604
"../../../Engine/Content/Internationalization/icudt64l/lang/kea.res" 1605
"../../../Engine/Content/Internationalization/icudt64l/region/kea.res" 1606
"../../../Engine/Content/Internationalization/icudt64l/lang/khq.res" 1607
"../../../Engine/Content/Internationalization/icudt64l/region/khq.res" 1608
"../../../Engine/Content/Internationalization/icudt64l/lang/ki.res" 1609
"../../../Engine/Content/Internationalization/icudt64l/region/ki.res" 1610
"../../../Engine/Content/Internationalization/icudt64l/lang/kk.res" 1611
"../../../Engine/Content/Internationalization/icudt64l/region/kk.res" 1612
"../../../Engine/Content/Internationalization/icudt64l/lang/kkj.res" 1613
"../../../Engine/Content/Internationalization/icudt64l/region/kkj.res" 1614
"../../../Engine/Content/Internationalization/icudt64l/lang/kl.res" 1615
"../../../Engine/Content/Internationalization/icudt64l/region/kl.res" 1616
"../../../Engine/Content/Internationalization/icudt64l/lang/kln.res" 1617
"../../../Engine/Content/Internationalization/icudt64l/region/kln.res" 1618
"../../../Engine/Content/Internationalization/icudt64l/lang/km.res" 1619
"../../../Engine/Content/Internationalization/icudt64l/region/km.res" 1620
"../../../Engine/Content/Internationalization/icudt64l/lang/kn.res" 1621
"../../../Engine/Content/Internationalization/icudt64l/region/kn.res" 1622
"../../../Engine/Content/Internationalization/icudt64l/lang/ko.res" 1623
"../../../Engine/Content/Internationalization/icudt64l/region/ko_KP.res" 1624
"../../../Engine/Content/Internationalization/icudt64l/region/ko.res" 1625
"../../../Engine/Content/Internationalization/icudt64l/lang/kok.res" 1626
"../../../Engine/Content/Internationalization/icudt64l/region/kok.res" 1627
"../../../Engine/Content/Internationalization/icudt64l/lang/ks.res" 1628
"../../../Engine/Content/Internationalization/icudt64l/region/ks.res" 1629
"../../../Engine/Content/Internationalization/icudt64l/lang/ksb.res" 1630
"../../../Engine/Content/Internationalization/icudt64l/region/ksb.res" 1631
"../../../Engine/Content/Internationalization/icudt64l/lang/ksf.res" 1632
"../../../Engine/Content/Internationalization/icudt64l/region/ksf.res" 1633
"../../../Engine/Content/Internationalization/icudt64l/lang/ksh.res" 1634
"../../../Engine/Content/Internationalization/icudt64l/region/ksh.res" 1635
"../../../Engine/Content/Internationalization/icudt64l/lang/ku.res" 1636
"../../../Engine/Content/Internationalization/icudt64l/region/ku.res" 1637
"../../../Engine/Content/Internationalization/icudt64l/lang/kw.res" 1638
"../../../Engine/Content/Internationalization/icudt64l/region/kw.res" 1639
"../../../Engine/Content/Internationalization/icudt64l/lang/ky.res" 1640
"../../../Engine/Content/Internationalization/icudt64l/region/ky.res" 1641
"../../../Engine/Content/Internationalization/icudt64l/lang/lag.res" 1642
"../../../Engine/Content/Internationalization/icudt64l/region/lag.res" 1643
"../../../Engine/Content/Internationalization/icudt64l/lang/lb.res" 1644
"../../../Engine/Content/Internationalization/icudt64l/region/lb.res" 1645
"../../../Engine/Content/Internationalization/icudt64l/lang/lg.res" 1646
"../../../Engine/Content/Internationalization/icudt64l/region/lg.res" 1647
"../../../Engine/Content/Internationalization/icudt64l/lang/lkt.res" 1648
"../../../Engine/Content/Internationalization/icudt64l/region/lkt.res" 1649
"../../../Engine/Content/Internationalization/icudt64l/lang/ln.res" 1650
"../../../Engine/Content/Internationalization/icudt64l/region/ln.res" 1651
"../../../Engine/Content/Internationalization/icudt64l/lang/lo.res" 1652
"../../../Engine/Content/Internationalization/icudt64l/region/lo.res" 1653
"../../../Engine/Content/Internationalization/icudt64l/lang/lrc.res" 1654
"../../../Engine/Content/Internationalization/icudt64l/region/lrc.res" 1655
"../../../Engine/Content/Internationalization/icudt64l/lang/lt.res" 1656
"../../../Engine/Content/Internationalization/icudt64l/region/lt.res" 1657
"../../../Engine/Content/Internationalization/icudt64l/lang/lu.res" 1658
"../../../Engine/Content/Internationalization/icudt64l/region/lu.res" 1659
"../../../Engine/Content/Internationalization/icudt64l/lang/luo.res" 1660
"../../../Engine/Content/Internationalization/icudt64l/region/luo.res" 1661
"../../../Engine/Content/Internationalization/icudt64l/lang/luy.res" 1662
"../../../Engine/Content/Internationalization/icudt64l/region/luy.res" 1663
"../../../Engine/Content/Internationalization/icudt64l/lang/lv.res" 1664
"../../../Engine/Content/Internationalization/icudt64l/region/lv.res" 1665
"../../../Engine/Content/Internationalization/icudt64l/lang/mas.res" 1666
"../../../Engine/Content/Internationalization/icudt64l/region/mas.res" 1667
"../../../Engine/Content/Internationalization/icudt64l/lang/mer.res" 1668
"../../../Engine/Content/Internationalization/icudt64l/region/mer.res" 1669
"../../../Engine/Content/Internationalization/icudt64l/lang/mfe.res" 1670
"../../../Engine/Content/Internationalization/icudt64l/region/mfe.res" 1671
"../../../Engine/Content/Internationalization/icudt64l/lang/mg.res" 1672
"../../../Engine/Content/Internationalization/icudt64l/region/mg.res" 1673
"../../../Engine/Content/Internationalization/icudt64l/lang/mgh.res" 1674
"../../../Engine/Content/Internationalization/icudt64l/region/mgh.res" 1675
"../../../Engine/Content/Internationalization/icudt64l/lang/mgo.res" 1676
"../../../Engine/Content/Internationalization/icudt64l/region/mgo.res" 1677
"../../../Engine/Content/Internationalization/icudt64l/lang/mi.res" 1678
"../../../Engine/Content/Internationalization/icudt64l/region/mi.res" 1679
"../../../Engine/Content/Internationalization/icudt64l/lang/mk.res" 1680
"../../../Engine/Content/Internationalization/icudt64l/region/mk.res" 1681
"../../../Engine/Content/Internationalization/icudt64l/lang/ml.res" 1682
"../../../Engine/Content/Internationalization/icudt64l/region/ml.res" 1683
"../../../Engine/Content/Internationalization/icudt64l/lang/mn.res" 1684
"../../../Engine/Content/Internationalization/icudt64l/region/mn.res" 1685
"../../../Engine/Content/Internationalization/icudt64l/lang/mr.res" 1686
"../../../Engine/Content/Internationalization/icudt64l/region/mr.res" 1687
"../../../Engine/Content/Internationalization/icudt64l/lang/ms.res" 1688
"../../../Engine/Content/Internationalization/icudt64l/region/ms.res" 1689
"../../../Engine/Content/Internationalization/icudt64l/lang/mt.res" 1690
"../../../Engine/Content/Internationalization/icudt64l/region/mt.res" 1691
"../../../Engine/Content/Internationalization/icudt64l/lang/mua.res" 1692
"../../../Engine/Content/Internationalization/icudt64l/region/mua.res" 1693
"../../../Engine/Content/Internationalization/icudt64l/lang/my.res" 1694
"../../../Engine/Content/Internationalization/icudt64l/region/my.res" 1695
"../../../Engine/Content/Internationalization/icudt64l/lang/mzn.res" 1696
"../../../Engine/Content/Internationalization/icudt64l/region/mzn.res" 1697
"../../../Engine/Content/Internationalization/icudt64l/lang/naq.res" 1698
"../../../Engine/Content/Internationalization/icudt64l/region/naq.res" 1699
"../../../Engine/Content/Internationalization/icudt64l/lang/nb.res" 1700
"../../../Engine/Content/Internationalization/icudt64l/lang/nb_NO.res" 1701
"../../../Engine/Content/Internationalization/icudt64l/region/nb_NO.res" 1702
"../../../Engine/Content/Internationalization/icudt64l/region/nb.res" 1703
"../../../Engine/Content/Internationalization/icudt64l/lang/nd.res" 1704
"../../../Engine/Content/Internationalization/icudt64l/region/nd.res" 1705
"../../../Engine/Content/Internationalization/icudt64l/lang/nds.res" 1706
"../../../Engine/Content/Internationalization/icudt64l/region/nds.res" 1707
"../../../Engine/Content/Internationalization/icudt64l/lang/ne.res" 1708
"../../../Engine/Content/Internationalization/icudt64l/region/ne.res" 1709
"../../../Engine/Content/Internationalization/icudt64l/lang/nl.res" 1710
"../../../Engine/Content/Internationalization/icudt64l/region/nl.res" 1711
"../../../Engine/Content/Internationalization/icudt64l/lang/nmg.res" 1712
"../../../Engine/Content/Internationalization/icudt64l/region/nmg.res" 1713
"../../../Engine/Content/Internationalization/icudt64l/lang/nn.res" 1714
"../../../Engine/Content/Internationalization/icudt64l/lang/nn_NO.res" 1715
"../../../Engine/Content/Internationalization/icudt64l/region/nn_NO.res" 1716
"../../../Engine/Content/Internationalization/icudt64l/region/nn.res" 1717
"../../../Engine/Content/Internationalization/icudt64l/lang/nnh.res" 1718
"../../../Engine/Content/Internationalization/icudt64l/region/nnh.res" 1719
"../../../Engine/Content/Internationalization/icudt64l/lang/nus.res" 1720
"../../../Engine/Content/Internationalization/icudt64l/region/nus.res" 1721
"../../../Engine/Content/Internationalization/icudt64l/lang/nyn.res" 1722
"../../../Engine/Content/Internationalization/icudt64l/region/nyn.res" 1723
"../../../Engine/Content/Internationalization/icudt64l/lang/om.res" 1724
"../../../Engine/Content/Internationalization/icudt64l/region/om.res" 1725
"../../../Engine/Content/Internationalization/icudt64l/lang/or.res" 1726
"../../../Engine/Content/Internationalization/icudt64l/region/or.res" 1727
"../../../Engine/Content/Internationalization/icudt64l/lang/os.res" 1728
"../../../Engine/Content/Internationalization/icudt64l/region/os.res" 1729
"../../../Engine/Content/Internationalization/icudt64l/lang/pa.res" 1730
"../../../Engine/Content/Internationalization/icudt64l/lang/pa_Arab.res" 1731
"../../../Engine/Content/Internationalization/icudt64l/lang/pa_PK.res" 1732
"../../../Engine/Content/Internationalization/icudt64l/lang/pa_Arab_PK.res" 1733
"../../../Engine/Content/Internationalization/icudt64l/region/pa_PK.res" 1734
"../../../Engine/Content/Internationalization/icudt64l/region/pa_Arab_PK.res" 1735
"../../../Engine/Content/Internationalization/icudt64l/region/pa_Arab.res" 1736
"../../../Engine/Content/Internationalization/icudt64l/lang/pa_Guru.res" 1737
"../../../Engine/Content/Internationalization/icudt64l/lang/pa_IN.res" 1738
"../../../Engine/Content/Internationalization/icudt64l/lang/pa_Guru_IN.res" 1739
"../../../Engine/Content/Internationalization/icudt64l/region/pa_IN.res" 1740
"../../../Engine/Content/Internationalization/icudt64l/region/pa_Guru_IN.res" 1741
"../../../Engine/Content/Internationalization/icudt64l/region/pa_Guru.res" 1742
"../../../Engine/Content/Internationalization/icudt64l/region/pa.res" 1743
"../../../Engine/Content/Internationalization/icudt64l/lang/pl.res" 1744
"../../../Engine/Content/Internationalization/icudt64l/region/pl.res" 1745
"../../../Engine/Content/Internationalization/icudt64l/lang/ps.res" 1746
"../../../Engine/Content/Internationalization/icudt64l/region/ps.res" 1747
"../../../Engine/Content/Internationalization/icudt64l/lang/ps_PK.res" 1748
"../../../Engine/Content/Internationalization/icudt64l/region/ps_PK.res" 1749
"../../../Engine/Content/Internationalization/icudt64l/lang/pt.res" 1750
"../../../Engine/Content/Internationalization/icudt64l/lang/pt_AO.res" 1751
"../../../Engine/Content/Internationalization/icudt64l/lang/pt_PT.res" 1752
"../../../Engine/Content/Internationalization/icudt64l/region/pt_AO.res" 1753
"../../../Engine/Content/Internationalization/icudt64l/region/pt_PT.res" 1754
"../../../Engine/Content/Internationalization/icudt64l/region/pt.res" 1755
"../../../Engine/Content/Internationalization/icudt64l/lang/pt_CH.res" 1756
"../../../Engine/Content/Internationalization/icudt64l/region/pt_CH.res" 1757
"../../../Engine/Content/Internationalization/icudt64l/lang/pt_CV.res" 1758
"../../../Engine/Content/Internationalization/icudt64l/region/pt_CV.res" 1759
"../../../Engine/Content/Internationalization/icudt64l/lang/pt_GQ.res" 1760
"../../../Engine/Content/Internationalization/icudt64l/region/pt_GQ.res" 1761
"../../../Engine/Content/Internationalization/icudt64l/lang/pt_GW.res" 1762
"../../../Engine/Content/Internationalization/icudt64l/region/pt_GW.res" 1763
"../../../Engine/Content/Internationalization/icudt64l/lang/pt_LU.res" 1764
"../../../Engine/Content/Internationalization/icudt64l/region/pt_LU.res" 1765
"../../../Engine/Content/Internationalization/icudt64l/lang/pt_MO.res" 1766
"../../../Engine/Content/Internationalization/icudt64l/region/pt_MO.res" 1767
"../../../Engine/Content/Internationalization/icudt64l/lang/pt_MZ.res" 1768
"../../../Engine/Content/Internationalization/icudt64l/region/pt_MZ.res" 1769
"../../../Engine/Content/Internationalization/icudt64l/lang/pt_ST.res" 1770
"../../../Engine/Content/Internationalization/icudt64l/region/pt_ST.res" 1771
"../../../Engine/Content/Internationalization/icudt64l/lang/pt_TL.res" 1772
"../../../Engine/Content/Internationalization/icudt64l/region/pt_TL.res" 1773
"../../../Engine/Content/Internationalization/icudt64l/lang/qu.res" 1774
"../../../Engine/Content/Internationalization/icudt64l/region/qu.res" 1775
"../../../Engine/Content/Internationalization/icudt64l/lang/rm.res" 1776
"../../../Engine/Content/Internationalization/icudt64l/region/rm.res" 1777
"../../../Engine/Content/Internationalization/icudt64l/lang/rn.res" 1778
"../../../Engine/Content/Internationalization/icudt64l/region/rn.res" 1779
"../../../Engine/Content/Internationalization/icudt64l/lang/ro.res" 1780
"../../../Engine/Content/Internationalization/icudt64l/lang/ro_MD.res" 1781
"../../../Engine/Content/Internationalization/icudt64l/region/ro_MD.res" 1782
"../../../Engine/Content/Internationalization/icudt64l/region/ro.res" 1783
"../../../Engine/Content/Internationalization/icudt64l/lang/rof.res" 1784
"../../../Engine/Content/Internationalization/icudt64l/region/rof.res" 1785
"../../../Engine/Content/Internationalization/icudt64l/lang/ru.res" 1786
"../../../Engine/Content/Internationalization/icudt64l/region/ru.res" 1787
"../../../Engine/Content/Internationalization/icudt64l/region/ru_UA.res" 1788
"../../../Engine/Content/Internationalization/icudt64l/lang/rw.res" 1789
"../../../Engine/Content/Internationalization/icudt64l/region/rw.res" 1790
"../../../Engine/Content/Internationalization/icudt64l/lang/rwk.res" 1791
"../../../Engine/Content/Internationalization/icudt64l/region/rwk.res" 1792
"../../../Engine/Content/Internationalization/icudt64l/lang/sah.res" 1793
"../../../Engine/Content/Internationalization/icudt64l/region/sah.res" 1794
"../../../Engine/Content/Internationalization/icudt64l/lang/saq.res" 1795
"../../../Engine/Content/Internationalization/icudt64l/region/saq.res" 1796
"../../../Engine/Content/Internationalization/icudt64l/lang/sbp.res" 1797
"../../../Engine/Content/Internationalization/icudt64l/region/sbp.res" 1798
"../../../Engine/Content/Internationalization/icudt64l/lang/sd.res" 1799
"../../../Engine/Content/Internationalization/icudt64l/region/sd.res" 1800
"../../../Engine/Content/Internationalization/icudt64l/lang/se.res" 1801
"../../../Engine/Content/Internationalization/icudt64l/lang/se_FI.res" 1802
"../../../Engine/Content/Internationalization/icudt64l/region/se_FI.res" 1803
"../../../Engine/Content/Internationalization/icudt64l/region/se.res" 1804
"../../../Engine/Content/Internationalization/icudt64l/lang/seh.res" 1805
"../../../Engine/Content/Internationalization/icudt64l/region/seh.res" 1806
"../../../Engine/Content/Internationalization/icudt64l/lang/ses.res" 1807
"../../../Engine/Content/Internationalization/icudt64l/region/ses.res" 1808
"../../../Engine/Content/Internationalization/icudt64l/lang/sg.res" 1809
"../../../Engine/Content/Internationalization/icudt64l/region/sg.res" 1810
"../../../Engine/Content/Internationalization/icudt64l/lang/shi.res" 1811
"../../../Engine/Content/Internationalization/icudt64l/lang/shi_Latn.res" 1812
"../../../Engine/Content/Internationalization/icudt64l/lang/shi_MA.res" 1813
"../../../Engine/Content/Internationalization/icudt64l/lang/shi_Tfng_MA.res" 1814
"../../../Engine/Content/Internationalization/icudt64l/lang/shi_Tfng.res" 1815
"../../../Engine/Content/Internationalization/icudt64l/region/shi_MA.res" 1816
"../../../Engine/Content/Internationalization/icudt64l/region/shi_Tfng_MA.res" 1817
"../../../Engine/Content/Internationalization/icudt64l/region/shi_Tfng.res" 1818
"../../../Engine/Content/Internationalization/icudt64l/region/shi.res" 1819
"../../../Engine/Content/Internationalization/icudt64l/region/shi_Latn.res" 1820
"../../../Engine/Content/Internationalization/icudt64l/lang/si.res" 1821
"../../../Engine/Content/Internationalization/icudt64l/region/si.res" 1822
"../../../Engine/Content/Internationalization/icudt64l/lang/sk.res" 1823
"../../../Engine/Content/Internationalization/icudt64l/region/sk.res" 1824
"../../../Engine/Content/Internationalization/icudt64l/lang/sl.res" 1825
"../../../Engine/Content/Internationalization/icudt64l/region/sl.res" 1826
"../../../Engine/Content/Internationalization/icudt64l/lang/smn.res" 1827
"../../../Engine/Content/Internationalization/icudt64l/region/smn.res" 1828
"../../../Engine/Content/Internationalization/icudt64l/lang/sn.res" 1829
"../../../Engine/Content/Internationalization/icudt64l/region/sn.res" 1830
"../../../Engine/Content/Internationalization/icudt64l/lang/so.res" 1831
"../../../Engine/Content/Internationalization/icudt64l/region/so.res" 1832
"../../../Engine/Content/Internationalization/icudt64l/lang/sq.res" 1833
"../../../Engine/Content/Internationalization/icudt64l/region/sq.res" 1834
"../../../Engine/Content/Internationalization/icudt64l/lang/sr.res" 1835
"../../../Engine/Content/Internationalization/icudt64l/lang/sr_Cyrl.res" 1836
"../../../Engine/Content/Internationalization/icudt64l/lang/sr_BA.res" 1837
"../../../Engine/Content/Internationalization/icudt64l/lang/sr_Cyrl_BA.res" 1838
"../../../Engine/Content/Internationalization/icudt64l/region/sr_BA.res" 1839
"../../../Engine/Content/Internationalization/icudt64l/region/sr_Cyrl_BA.res" 1840
"../../../Engine/Content/Internationalization/icudt64l/region/sr_Cyrl.res" 1841
"../../../Engine/Content/Internationalization/icudt64l/region/sr.res" 1842
"../../../Engine/Content/Internationalization/icudt64l/lang/sr_ME.res" 1843
"../../../Engine/Content/Internationalization/icudt64l/lang/sr_Latn_ME.res" 1844
"../../../Engine/Content/Internationalization/icudt64l/lang/sr_Latn.res" 1845
"../../../Engine/Content/Internationalization/icudt64l/region/sr_ME.res" 1846
"../../../Engine/Content/Internationalization/icudt64l/region/sr_Latn_ME.res" 1847
"../../../Engine/Content/Internationalization/icudt64l/region/sr_Latn.res" 1848
"../../../Engine/Content/Internationalization/icudt64l/lang/sr_Cyrl_ME.res" 1849
"../../../Engine/Content/Internationalization/icudt64l/region/sr_Cyrl_ME.res" 1850
"../../../Engine/Content/Internationalization/icudt64l/lang/sr_RS.res" 1851
"../../../Engine/Content/Internationalization/icudt64l/lang/sr_Cyrl_RS.res" 1852
"../../../Engine/Content/Internationalization/icudt64l/region/sr_RS.res" 1853
"../../../Engine/Content/Internationalization/icudt64l/region/sr_Cyrl_RS.res" 1854
"../../../Engine/Content/Internationalization/icudt64l/lang/sr_XK.res" 1855
"../../../Engine/Content/Internationalization/icudt64l/lang/sr_Cyrl_XK.res" 1856
"../../../Engine/Content/Internationalization/icudt64l/region/sr_XK.res" 1857
"../../../Engine/Content/Internationalization/icudt64l/region/sr_Cyrl_XK.res" 1858
"../../../Engine/Content/Internationalization/icudt64l/lang/sr_Latn_BA.res" 1859
"../../../Engine/Content/Internationalization/icudt64l/region/sr_Latn_BA.res" 1860
"../../../Engine/Content/Internationalization/icudt64l/lang/sr_Latn_RS.res" 1861
"../../../Engine/Content/Internationalization/icudt64l/region/sr_Latn_RS.res" 1862
"../../../Engine/Content/Internationalization/icudt64l/lang/sr_Latn_XK.res" 1863
"../../../Engine/Content/Internationalization/icudt64l/region/sr_Latn_XK.res" 1864
"../../../Engine/Content/Internationalization/icudt64l/lang/sv.res" 1865
"../../../Engine/Content/Internationalization/icudt64l/region/sv.res" 1866
"../../../Engine/Content/Internationalization/icudt64l/lang/sv_FI.res" 1867
"../../../Engine/Content/Internationalization/icudt64l/lang/sw.res" 1868
"../../../Engine/Content/Internationalization/icudt64l/lang/sw_CD.res" 1869
"../../../Engine/Content/Internationalization/icudt64l/region/sw_CD.res" 1870
"../../../Engine/Content/Internationalization/icudt64l/region/sw.res" 1871
"../../../Engine/Content/Internationalization/icudt64l/lang/sw_KE.res" 1872
"../../../Engine/Content/Internationalization/icudt64l/region/sw_KE.res" 1873
"../../../Engine/Content/Internationalization/icudt64l/lang/ta.res" 1874
"../../../Engine/Content/Internationalization/icudt64l/region/ta.res" 1875
"../../../Engine/Content/Internationalization/icudt64l/lang/te.res" 1876
"../../../Engine/Content/Internationalization/icudt64l/region/te.res" 1877
"../../../Engine/Content/Internationalization/icudt64l/lang/teo.res" 1878
"../../../Engine/Content/Internationalization/icudt64l/region/teo.res" 1879
"../../../Engine/Content/Internationalization/icudt64l/lang/tg.res" 1880
"../../../Engine/Content/Internationalization/icudt64l/region/tg.res" 1881
"../../../Engine/Content/Internationalization/icudt64l/lang/th.res" 1882
"../../../Engine/Content/Internationalization/icudt64l/lang/th_TH.res" 1883
"../../../Engine/Content/Internationalization/icudt64l/region/th_TH.res" 1884
"../../../Engine/Content/Internationalization/icudt64l/region/th.res" 1885
"../../../Engine/Content/Internationalization/icudt64l/lang/ti.res" 1886
"../../../Engine/Content/Internationalization/icudt64l/region/ti.res" 1887
"../../../Engine/Content/Internationalization/icudt64l/lang/tk.res" 1888
"../../../Engine/Content/Internationalization/icudt64l/region/tk.res" 1889
"../../../Engine/Content/Internationalization/icudt64l/lang/to.res" 1890
"../../../Engine/Content/Internationalization/icudt64l/region/to.res" 1891
"../../../Engine/Content/Internationalization/icudt64l/lang/tr.res" 1892
"../../../Engine/Content/Internationalization/icudt64l/region/tr.res" 1893
"../../../Engine/Content/Internationalization/icudt64l/lang/tt.res" 1894
"../../../Engine/Content/Internationalization/icudt64l/region/tt.res" 1895
"../../../Engine/Content/Internationalization/icudt64l/lang/twq.res" 1896
"../../../Engine/Content/Internationalization/icudt64l/region/twq.res" 1897
"../../../Engine/Content/Internationalization/icudt64l/lang/tzm.res" 1898
"../../../Engine/Content/Internationalization/icudt64l/region/tzm.res" 1899
"../../../Engine/Content/Internationalization/icudt64l/lang/ug.res" 1900
"../../../Engine/Content/Internationalization/icudt64l/region/ug.res" 1901
"../../../Engine/Content/Internationalization/icudt64l/lang/uk.res" 1902
"../../../Engine/Content/Internationalization/icudt64l/region/uk.res" 1903
"../../../Engine/Content/Internationalization/icudt64l/lang/ur.res" 1904
"../../../Engine/Content/Internationalization/icudt64l/lang/ur_IN.res" 1905
"../../../Engine/Content/Internationalization/icudt64l/region/ur_IN.res" 1906
"../../../Engine/Content/Internationalization/icudt64l/region/ur.res" 1907
"../../../Engine/Content/Internationalization/icudt64l/lang/uz.res" 1908
"../../../Engine/Content/Internationalization/icudt64l/lang/uz_Arab.res" 1909
"../../../Engine/Content/Internationalization/icudt64l/lang/uz_AF.res" 1910
"../../../Engine/Content/Internationalization/icudt64l/lang/uz_Arab_AF.res" 1911
"../../../Engine/Content/Internationalization/icudt64l/region/uz_AF.res" 1912
"../../../Engine/Content/Internationalization/icudt64l/region/uz_Arab_AF.res" 1913
"../../../Engine/Content/Internationalization/icudt64l/region/uz_Arab.res" 1914
"../../../Engine/Content/Internationalization/icudt64l/lang/uz_Cyrl.res" 1915
"../../../Engine/Content/Internationalization/icudt64l/lang/uz_UZ.res" 1916
"../../../Engine/Content/Internationalization/icudt64l/lang/uz_Latn_UZ.res" 1917
"../../../Engine/Content/Internationalization/icudt64l/lang/uz_Latn.res" 1918
"../../../Engine/Content/Internationalization/icudt64l/region/uz_UZ.res" 1919
"../../../Engine/Content/Internationalization/icudt64l/region/uz_Latn_UZ.res" 1920
"../../../Engine/Content/Internationalization/icudt64l/region/uz_Latn.res" 1921
"../../../Engine/Content/Internationalization/icudt64l/region/uz.res" 1922
"../../../Engine/Content/Internationalization/icudt64l/region/uz_Cyrl.res" 1923
"../../../Engine/Content/Internationalization/icudt64l/lang/vai.res" 1924
"../../../Engine/Content/Internationalization/icudt64l/lang/vai_Latn.res" 1925
"../../../Engine/Content/Internationalization/icudt64l/lang/vai_LR.res" 1926
"../../../Engine/Content/Internationalization/icudt64l/lang/vai_Vaii_LR.res" 1927
"../../../Engine/Content/Internationalization/icudt64l/lang/vai_Vaii.res" 1928
"../../../Engine/Content/Internationalization/icudt64l/region/vai_LR.res" 1929
"../../../Engine/Content/Internationalization/icudt64l/region/vai_Vaii_LR.res" 1930
"../../../Engine/Content/Internationalization/icudt64l/region/vai_Vaii.res" 1931
"../../../Engine/Content/Internationalization/icudt64l/region/vai.res" 1932
"../../../Engine/Content/Internationalization/icudt64l/region/vai_Latn.res" 1933
"../../../Engine/Content/Internationalization/icudt64l/lang/vi.res" 1934
"../../../Engine/Content/Internationalization/icudt64l/region/vi.res" 1935
"../../../Engine/Content/Internationalization/icudt64l/lang/vun.res" 1936
"../../../Engine/Content/Internationalization/icudt64l/region/vun.res" 1937
"../../../Engine/Content/Internationalization/icudt64l/lang/wae.res" 1938
"../../../Engine/Content/Internationalization/icudt64l/region/wae.res" 1939
"../../../Engine/Content/Internationalization/icudt64l/lang/wo.res" 1940
"../../../Engine/Content/Internationalization/icudt64l/region/wo.res" 1941
"../../../Engine/Content/Internationalization/icudt64l/lang/xh.res" 1942
"../../../Engine/Content/Internationalization/icudt64l/region/xh.res" 1943
"../../../Engine/Content/Internationalization/icudt64l/lang/xog.res" 1944
"../../../Engine/Content/Internationalization/icudt64l/region/xog.res" 1945
"../../../Engine/Content/Internationalization/icudt64l/lang/yav.res" 1946
"../../../Engine/Content/Internationalization/icudt64l/region/yav.res" 1947
"../../../Engine/Content/Internationalization/icudt64l/lang/yi.res" 1948
"../../../Engine/Content/Internationalization/icudt64l/region/yi.res" 1949
"../../../Engine/Content/Internationalization/icudt64l/lang/yo.res" 1950
"../../../Engine/Content/Internationalization/icudt64l/lang/yo_BJ.res" 1951
"../../../Engine/Content/Internationalization/icudt64l/region/yo_BJ.res" 1952
"../../../Engine/Content/Internationalization/icudt64l/region/yo.res" 1953
"../../../Engine/Content/Internationalization/icudt64l/lang/yue.res" 1954
"../../../Engine/Content/Internationalization/icudt64l/lang/yue_Hans.res" 1955
"../../../Engine/Content/Internationalization/icudt64l/lang/yue_CN.res" 1956
"../../../Engine/Content/Internationalization/icudt64l/lang/yue_Hans_CN.res" 1957
"../../../Engine/Content/Internationalization/icudt64l/region/yue_CN.res" 1958
"../../../Engine/Content/Internationalization/icudt64l/region/yue_Hans_CN.res" 1959
"../../../Engine/Content/Internationalization/icudt64l/region/yue_Hans.res" 1960
"../../../Engine/Content/Internationalization/icudt64l/lang/yue_Hant.res" 1961
"../../../Engine/Content/Internationalization/icudt64l/lang/yue_HK.res" 1962
"../../../Engine/Content/Internationalization/icudt64l/lang/yue_Hant_HK.res" 1963
"../../../Engine/Content/Internationalization/icudt64l/region/yue_HK.res" 1964
"../../../Engine/Content/Internationalization/icudt64l/region/yue_Hant_HK.res" 1965
"../../../Engine/Content/Internationalization/icudt64l/region/yue_Hant.res" 1966
"../../../Engine/Content/Internationalization/icudt64l/region/yue.res" 1967
"../../../Engine/Content/Internationalization/icudt64l/lang/zgh.res" 1968
"../../../Engine/Content/Internationalization/icudt64l/region/zgh.res" 1969
"../../../Engine/Content/Internationalization/icudt64l/lang/zh.res" 1970
"../../../Engine/Content/Internationalization/icudt64l/lang/zh_Hans.res" 1971
"../../../Engine/Content/Internationalization/icudt64l/lang/zh_CN.res" 1972
"../../../Engine/Content/Internationalization/icudt64l/lang/zh_Hans_CN.res" 1973
"../../../Engine/Content/Internationalization/icudt64l/region/zh_CN.res" 1974
"../../../Engine/Content/Internationalization/icudt64l/region/zh_Hans_CN.res" 1975
"../../../Engine/Content/Internationalization/icudt64l/region/zh_Hans.res" 1976
"../../../Engine/Content/Internationalization/icudt64l/region/zh.res" 1977
"../../../Engine/Content/Internationalization/icudt64l/lang/zh_HK.res" 1978
"../../../Engine/Content/Internationalization/icudt64l/lang/zh_Hant_HK.res" 1979
"../../../Engine/Content/Internationalization/icudt64l/lang/zh_Hant.res" 1980
"../../../Engine/Content/Internationalization/icudt64l/region/zh_HK.res" 1981
"../../../Engine/Content/Internationalization/icudt64l/region/zh_Hant_HK.res" 1982
"../../../Engine/Content/Internationalization/icudt64l/region/zh_Hant.res" 1983
"../../../Engine/Content/Internationalization/icudt64l/lang/zh_MO.res" 1984
"../../../Engine/Content/Internationalization/icudt64l/lang/zh_Hant_MO.res" 1985
"../../../Engine/Content/Internationalization/icudt64l/region/zh_MO.res" 1986
"../../../Engine/Content/Internationalization/icudt64l/region/zh_Hant_MO.res" 1987
"../../../Engine/Content/Internationalization/icudt64l/lang/zh_SG.res" 1988
"../../../Engine/Content/Internationalization/icudt64l/lang/zh_Hans_SG.res" 1989
"../../../Engine/Content/Internationalization/icudt64l/region/zh_SG.res" 1990
"../../../Engine/Content/Internationalization/icudt64l/region/zh_Hans_SG.res" 1991
"../../../Engine/Content/Internationalization/icudt64l/lang/zh_TW.res" 1992
"../../../Engine/Content/Internationalization/icudt64l/lang/zh_Hant_TW.res" 1993
"../../../Engine/Content/Internationalization/icudt64l/region/zh_TW.res" 1994
"../../../Engine/Content/Internationalization/icudt64l/region/zh_Hant_TW.res" 1995
"../../../Engine/Content/Internationalization/icudt64l/lang/zu.res" 1996
"../../../Engine/Content/Internationalization/icudt64l/region/zu.res" 1997
"../../../Engine/Content/Internationalization/icudt64l/lang/no.res" 1998
"../../../Engine/Content/Internationalization/icudt64l/lang/tl.res" 1999
"../../../Engine/Config/Android/DataDrivenPlatformInfo.ini" 2000
"../../../Engine/Config/IOS/DataDrivenPlatformInfo.ini" 2001
"../../../Engine/Config/Linux/DataDrivenPlatformInfo.ini" 2002
"../../../Engine/Config/Mac/DataDrivenPlatformInfo.ini" 2003
"../../../Engine/Config/TVOS/DataDrivenPlatformInfo.ini" 2004
"../../../Engine/Config/Unix/DataDrivenPlatformInfo.ini" 2005
"../../../Engine/Config/VulkanPC/DataDrivenPlatformInfo.ini" 2006
"../../../Engine/Config/Windows/DataDrivenPlatformInfo.ini" 2007
"../../../Engine/Platforms/VisionOS/Config/DataDrivenPlatformInfo.ini" 2008
"../../../Engine/Content/Renderer/TessellationTable.bin" 2009
"../../../Engine/DerivedDataCache/Compressed.ddp" 2010
"C:/Users/Tsuki/AppData/Local/UnrealEngine/5.7/Saved/Zen/zen.version" 2011
"C:/Users/Tsuki/AppData/Local/UnrealEngine/Common/Zen/Install/zen.version" 2012
"C:/Users/Tsuki/AppData/Local/UnrealEngine/Common/Zen/Install/zenserver.runcontext" 2013
"C:/Users/Tsuki/AppData/Local/UnrealEngine/Common/DerivedDataCache/TestData/0/TestData_4kb.dat" 2014
"C:/Users/Tsuki/AppData/Local/UnrealEngine/Common/DerivedDataCache/TestData/1/TestData_4kb.dat" 2015
"C:/Users/Tsuki/AppData/Local/UnrealEngine/Common/DerivedDataCache/TestData/0/TestData_8kb.dat" 2016
"C:/Users/Tsuki/AppData/Local/UnrealEngine/Common/DerivedDataCache/TestData/1/TestData_8kb.dat" 2017
"C:/Users/Tsuki/AppData/Local/UnrealEngine/Common/DerivedDataCache/TestData/0/TestData_16kb.dat" 2018
"C:/Users/Tsuki/AppData/Local/UnrealEngine/Common/DerivedDataCache/TestData/1/TestData_16kb.dat" 2019
"C:/Users/Tsuki/AppData/Local/UnrealEngine/Common/DerivedDataCache/TestData/0/TestData_64kb.dat" 2020
"C:/Users/Tsuki/AppData/Local/UnrealEngine/Common/DerivedDataCache/TestData/1/TestData_64kb.dat" 2021
"C:/Users/Tsuki/AppData/Local/UnrealEngine/Common/DerivedDataCache/TestData/0/TestData_128kb.dat" 2022
"C:/Users/Tsuki/AppData/Local/UnrealEngine/Common/DerivedDataCache/TestData/1/TestData_128kb.dat" 2023
"C:/Users/Tsuki/AppData/Local/UnrealEngine/Common/DerivedDataCache/TestData/0/TestData_256kb.dat" 2024
"C:/Users/Tsuki/AppData/Local/UnrealEngine/Common/DerivedDataCache/TestData/1/TestData_256kb.dat" 2025
"C:/Users/Tsuki/AppData/Roaming/Unreal Engine/UnrealBuildTool/BuildConfiguration.xml" 2026
"../../../../Users/Tsuki/Downloads/CatBurglar_david/CatBurglar/Intermediate/ShaderAutogen/PCD3D_SM6/AutogenShaderHeaders.ush" 2027
"../../../Engine/Shaders/Private/HairStrands/HairStrandsVertexFactory.ush" 2028
"../../../Engine/Shaders/Private/VertexFactoryCommon.ush" 2029
"../../../Engine/Shaders/Private/Common.ush" 2030
"../../../Engine/Shaders/Public/Platform.ush" 2031
"../../../Engine/Shaders/Public/FP16Math.ush" 2032
"../../../Engine/Shaders/Public/Platform/D3D/D3DCommon.ush" 2033
"../../../Engine/Shaders/Shared/HLSLReservedSpaces.h" 2034
"../../../Engine/Shaders/Public/BindlessResources.ush" 2035
"../../../Engine/Shaders/Public/Platform/D3D/PlatformBindlessResources.ush" 2036
"../../../Engine/Shaders/Shared/RayTracingBuiltInResources.h" 2037
"../../../Engine/Shaders/Shared/RayTracingDefinitions.h" 2038
"../../../Engine/Shaders/Shared/MaterialCacheDefinitions.h" 2039
"../../../Engine/Shaders/Shared/HLSLTypeAliases.h" 2040
"../../../Engine/Shaders/Public/IndirectVirtualTexture.ush" 2041
"../../../Engine/Shaders/Shared/IndirectVirtualTextureDefinitions.h" 2042
"../../../Engine/Shaders/Public/OverloadMacros.ush" 2043
"../../../Engine/Shaders/Public/ShaderVersion.ush" 2044
"../../../Engine/Shaders/Shared/ThirdParty/NVIDIA/nvHLSLExtns.h" 2045
"../../../Engine/Shaders/Shared/ThirdParty/NVIDIA/nvHLSLExtnsInternal.h" 2046
"../../../Engine/Shaders/Shared/ThirdParty/NVIDIA/nvShaderExtnEnums.h" 2047
"../../../Engine/Shaders/Private/PackUnpack.ush" 2048
"../../../Engine/Shaders/Private/GeneratedUniformBufferTypes.ush" 2049
"../../../Engine/Shaders/Private/Nanite/NanitePackedNaniteView.ush" 2050
"../../../Engine/Shaders/Private/HairStrands/HairStrandsVisibilityCommonStruct.ush" 2051
"../../../Engine/Shaders/Private/HairStrands/HairStrandsVoxelPageCommonStruct.ush" 2052
"../../../Engine/Shaders/Private/HairStrands/HairStrandsDeepShadowCommonStruct.ush" 2053
"../../../Engine/Shaders/Shared/LightSceneData.h" 2054
"../../../Engine/Shaders/Private/LargeWorldCoordinates.ush" 2055
"../../../Engine/Shaders/Private/DoubleFloat.ush" 2056
"../../../Engine/Shaders/Private/RandomPCG.ush" 2057
"../../../Engine/Shaders/Private/DoubleFloatOperations.ush" 2058
"../../../Engine/Shaders/Private/DoubleFloatVectorDefinition.ush" 2059
"../../../Engine/Shaders/Private/LWCOperations.ush" 2060
"../../../Engine/Shaders/Shared/LightViewData.h" 2061
"../../../Engine/Shaders/Shared/RayTracingTypes.h" 2062
"../../../Engine/Shaders/Shared/HLSLStaticAssert.h" 2063
"../../../Engine/Shaders/Private/CommonViewUniformBuffer.ush" 2064
"../../../Engine/Shaders/Private/InstancedStereo.ush" 2065
"../../../Engine/Shaders/Private/Definitions.usf" 2066
"../../../Engine/Shaders/Private/AssertionMacros.ush" 2067
"../../../Engine/Shaders/Private/FastMath.ush" 2068
"../../../Engine/Shaders/Private/FastMathThirdParty.ush" 2069
"../../../Engine/Shaders/Private/Random.ush" 2070
"../../../Engine/Shaders/Private/RandomInterleavedGradientNoise.ush" 2071
"../../../Engine/Shaders/Private/SceneData.ush" 2072
"../../../Engine/Shaders/Private/OctahedralCommon.ush" 2073
"../../../Engine/Shaders/Private/WaveOpUtil.ush" 2074
"../../../Engine/Shaders/Private/ByteBuffer.ush" 2075
"../../../Engine/Shaders/Shared/SceneDefinitions.h" 2076
"../../../Engine/Shaders/Private/SceneDataMobileLoader.ush" 2077
"../../../Engine/Shaders/Private/LocalVertexFactoryCommon.ush" 2078
"../../../Engine/Shaders/Private/HairStrands/HairStrandsVisibilityCommon.ush" 2079
"../../../Engine/Shaders/Shared/HairStrandsDefinitions.h" 2080
"../../../Engine/Shaders/Private/HairStrands/HairStrandsVertexFactoryCommon.ush" 2081
"../../../Engine/Shaders/Private/HairStrands/HairStrandsPack.ush" 2082
"../../../Engine/Shaders/Private/HairStrands/HairStrandsAttributeCommon.ush" 2083
"../../../Engine/Shaders/Private/HairStrands/HairStrandsAttributeTemplate.ush" 2084
"../../../Engine/Shaders/Private/VertexFactoryDefaultInterface.ush" 2085
"../../../Engine/Shaders/Private/HairStrands/HairCardsVertexFactory.ush" 2086
"../../../Engine/Shaders/Private/HairStrands/HairCardsAttributeCommon.ush" 2087
"../../../Engine/Shaders/Private/RayTracing/RayTracingCommon.ush" 2088
"../../../Engine/Shaders/Private/ShadingCommon.ush" 2089
"../../../Engine/Shaders/Shared/RayTracingPayloadType.h" 2090
"../../../Engine/Shaders/Private/RayTracing/RayTracingRayCone.ush" 2091
"../../../Engine/Shaders/Private/Substrate/Substrate.ush" 2092
"../../../Engine/Shaders/Private/ShadingEnergyConservation.ush" 2093
"../../../Engine/Shaders/Private/ShadingEnergyConservationTemplate.ush" 2094
"../../../Engine/Shaders/Private/BRDF.ush" 2095
"../../../Engine/Shaders/Private/ColorSpace.ush" 2096
"../../../Engine/Shaders/Private/DeferredShadingCommon.ush" 2097
"../../../Engine/Shaders/Private/LightAccumulator.ush" 2098
"../../../Engine/Shaders/Private/SceneTexturesCommon.ush" 2099
"../../../Engine/Shaders/Private/MonteCarlo.ush" 2100
"../../../Engine/Shaders/Private/GBufferHelpers.ush" 2101
"../../../Engine/Shaders/Private/SceneTextureParameters.ush" 2102
"C:/Users/Tsuki/Downloads/CatBurglar_david/CatBurglar/Intermediate/ShaderAutogen/PCD3D_SM6/AutogenShaderHeaders.ush" 2103
"../../../Engine/Shaders/Private/ParticipatingMediaCommon.ush" 2104
"../../../Engine/Shaders/Private/ThinFilmBSDF.ush" 2105
"../../../Engine/Shaders/Private/MortonCode.ush" 2106
"../../../Engine/Shaders/Private/SubsurfaceProfileCommon.ush" 2107
"../../../Engine/Shaders/Private/BurleyNormalizedSSSCommon.ush" 2108
"../../../Engine/Shaders/Private/GammaCorrectionCommon.ush" 2109
"../../../Engine/Shaders/Shared/SubstrateDefinitions.h" 2110
"../../../Engine/Shaders/Private/Substrate/SubstrateStatisticalOperators.ush" 2111
"../../../Engine/Shaders/Private/Substrate/SubstrateSubsurface.ush" 2112
"../../../Engine/Shaders/Private/TransmissionCommon.ush" 2113
"../../../Engine/Shaders/Private/Substrate/SubstrateExportCommon.ush" 2114
"../../../Engine/Shaders/Private/SpecularProfileCommon.ush" 2115
"../../../Engine/Shaders/Private/RayTracing/RayTracingCommonMetal.ush" 2116
"../../../Engine/Shaders/Private/PositionReconstructionCommon.ush" 2117
"../../../Engine/Shaders/Private/RayTracing/TraceRayInline.ush" 2118
"../../../Engine/Shaders/Private/RayTracing/TraceRayInlineCommon.ush" 2119
"../../../Engine/Shaders/Private/RayTracing/TraceRayInlineVulkan.ush" 2120
"../../../Engine/Shaders/Private/RayTracing/TraceRayInlineMetal.ush" 2121
"../../../Engine/Shaders/Private/RayTracing/RayTracingHitGroupCommon.ush" 2122
"../../../Engine/Shaders/Private/Nanite/NaniteRayTrace.ush" 2123
"../../../Engine/Shaders/Private/Nanite/NaniteDataDecode.ush" 2124
"../../../Engine/Shaders/Private/BitPacking.ush" 2125
"../../../Engine/Shaders/Private/BitStreamReaderImplementation.ush" 2126
"../../../Engine/Shaders/Private/BoneTransform.ush" 2127
"../../../Engine/Shaders/Private/Quaternion.ush" 2128
"../../../Engine/Shaders/Private/Skinning/SkinningDataDecode.ush" 2129
"../../../Engine/Shaders/Private/GpuSkinCommon.ush" 2130
"../../../Engine/Shaders/Shared/SkinningDefinitions.h" 2131
"../../../Engine/Shaders/Shared/NaniteDefinitions.h" 2132
"../../../Engine/Shaders/Private/Nanite/NaniteAttributeDecode.ush" 2133
"../../../Engine/Shaders/Private/Barycentrics.ush" 2134
"../../../Engine/Shaders/Private/DualNumber.ush" 2135
"../../../Engine/Shaders/Shared/ThirdParty/RayTriangleIntersection.h" 2136
"../../../Engine/Shaders/Private/Nanite/NaniteVertexFetch.ush" 2137
"../../../Engine/Shaders/Private/ViewData.ush" 2138
"../../../Engine/Shaders/Shared/ViewDefinitions.h" 2139
"../../../Engine/Shaders/Private/Nanite/NaniteSceneCommon.ush" 2140
"../../../Engine/Shaders/Private/RayTracing/TraceRayInlineD3D12.ush" 2141
"../../../Engine/Plugins/FX/Niagara/Shaders/Private/NiagaraSpriteVertexFactory.ush" 2142
"../../../Engine/Shaders/Private/ParticleVertexFactoryCommon.ush" 2143
"../../../Engine/Plugins/FX/Niagara/Shaders/Private/NiagaraVFCommon.usf" 2144
"../../../Engine/Plugins/FX/Niagara/Shaders/Private/NiagaraVFParticleAccess.usf" 2145
"../../../Engine/Plugins/FX/Niagara/Shaders/Private/NiagaraParticleAccess.ush" 2146
"../../../Engine/Plugins/FX/Niagara/Shaders/Private/NiagaraRibbonVertexFactory.ush" 2147
"../../../Engine/Plugins/FX/Niagara/Shaders/Private/NiagaraMeshVertexFactory.ush" 2148
"../../../Engine/Plugins/FX/Niagara/Shaders/Private/NiagaraCommon.ush" 2149
"../../../Engine/Plugins/FX/Niagara/Shaders/Private/NiagaraMeshParticleUtils.ush" 2150
"../../../Engine/Shaders/Private/VectorFieldVisualizationVertexFactory.ush" 2151
"../../../Engine/Shaders/Private/Nanite/NaniteVertexFactory.ush" 2152
"../../../Engine/Shaders/Private/LightmapData.ush" 2153
"../../../Engine/Shaders/Private/SplineMeshCommon.ush" 2154
"../../../Engine/Shaders/Shared/SplineMeshShaderParams.h" 2155
"../../../Engine/Shaders/Private/ShaderPrint.ush" 2156
"../../../Engine/Shaders/Private/ShaderPrintCommon.ush" 2157
"../../../Engine/Shaders/Private/MiniFontCommon.ush" 2158
"../../../Engine/Shaders/Private/SGGX.ush" 2159
"../../../Engine/Shaders/Private/MaterialCache/MaterialCacheCommon.ush" 2160
"../../../Engine/Shaders/Private/Nanite/NaniteVertexDeformation.ush" 2161
"../../../Engine/Shaders/Private/Matrices.ush" 2162
"../../../Engine/Shaders/Private/ParticleSpriteVertexFactory.ush" 2163
"../../../Engine/Shaders/Private/ParticleGPUSpriteVertexFactory.ush" 2164
"../../../Engine/Shaders/Private/ParticleSimulationCommon.ush" 2165
"../../../Engine/Shaders/Private/ParticleBeamTrailVertexFactory.ush" 2166
"../../../Engine/Shaders/Private/MeshParticleVertexFactory.ush" 2167
"../../../Engine/Shaders/Private/LocalVertexFactory.ush" 2168
"../../../Engine/Shaders/Private/GpuSkinVertexFactory.ush" 2169
"../../../Engine/Shaders/Private/GeometryCollectionVertexFactory.ush" 2170
"../../../Engine/Shaders/Private/GeometryCacheVertexFactory.ush" 2171
"../../../Engine/Shaders/Private/LandscapeVertexFactory.ush" 2172
"../../../Engine/Plugins/Media/WmfMedia/Shaders/Private/MediaHardwareVideoDecoding.usf" 2173
"../../../Engine/Shaders/Private/ColorUtils.ush" 2174
"../../../Engine/Plugins/Media/ImgMedia/Shaders/Private/ExrSwizzler.usf" 2175
"../../../Engine/Plugins/Experimental/NFORDenoise/Shaders/NFORDenoise.usf" 2176
"../../../Engine/Shaders/Private/ScreenPass.ush" 2177
"../../../Engine/Plugins/Experimental/NFORDenoise/Shaders/NFORRegressionCommon.ush" 2178
"../../../Engine/Plugins/Experimental/NFORDenoise/Shaders/NFORRegression.ush" 2179
"../../../Engine/Plugins/Compositing/CompositeCore/Shaders/Private/CompositeCoreMerge.usf" 2180
"../../../Engine/Shaders/Private/LensDistortion.ush" 2181
"../../../Engine/Plugins/Compositing/CompositeCore/Shaders/Private/CompositeCoreBlending.ush" 2182
"../../../Engine/Plugins/Compositing/CompositeCore/Shaders/Private/CompositeCoreDisplayTransform.usf" 2183
"../../../Engine/Plugins/Compositing/CompositeCore/Shaders/Private/CompositeCoreDilate.usf" 2184
"../../../Engine/Plugins/Runtime/ComputeFramework/Shaders/Private/ComputeKernel.usf" 2185
"../../../Engine/Plugins/Runtime/ComputeFramework/Shaders/Private/ComputeKernelCommon.ush" 2186
"../../../Engine/Plugins/NNE/NNEDenoiser/Shaders/NNEDenoiserShadersTransferFunctionOidn.usf" 2187
"../../../Engine/Plugins/NNE/NNEDenoiser/Shaders/NNEDenoiserShadersMappedCopy.usf" 2188
"../../../Engine/Plugins/NNE/NNEDenoiser/Shaders/NNEDenoiserShadersDefaultIOProcess.usf" 2189
"../../../Engine/Plugins/NNE/NNEDenoiser/Shaders/NNEDenoiserShadersAutoExposureReduceFinal.usf" 2190
"../../../Engine/Plugins/NNE/NNEDenoiser/Shaders/NNEDenoiserShadersAutoExposureReduce.usf" 2191
"../../../Engine/Plugins/NNE/NNEDenoiser/Shaders/NNEDenoiserShadersAutoExposureDownsample.usf" 2192
"../../../Engine/Plugins/Enterprise/GLTFExporter/Shaders/Private/SimpleTexture2DPS.usf" 2193
"../../../Engine/Shaders/Private/SimpleElementNormalMapPixelShader.usf" 2194
"../../../Engine/Plugins/Runtime/HairStrands/Shaders/Private/NiagaraCopyVelocityGrid.usf" 2195
"../../../Engine/Plugins/Runtime/HairStrands/Shaders/Private/NiagaraClearVelocityGrid.usf" 2196
"../../../Engine/Plugins/Runtime/HairStrands/Shaders/Private/NiagaraClearPressureGrid.usf" 2197
"../../../Engine/Plugins/Runtime/HairStrands/Shaders/Private/NiagaraInterpolateGroomGuides.usf" 2198
"../../../Engine/Plugins/Runtime/HairStrands/Shaders/Private/NiagaraGroomInterpolationUtils.ush" 2199
"../../../Engine/Plugins/FX/Niagara/Shaders/Private/NiagaraQuaternionUtils.ush" 2200
"../../../Engine/Shaders/Private/HairStrands/HairStrandsMesh.usf" 2201
"../../../Engine/Shaders/Private/HairStrands/HairStrandsBindingCommon.ush" 2202
"../../../Engine/Shaders/Private/HairStrands/HairStrandsFollicleMask.usf" 2203
"../../../Engine/Shaders/Private/HairStrands/HairStrandsSkinUpdate.usf" 2204
"../../../Engine/Shaders/Private/HairStrands/HairStrandsClusterCulling.usf" 2205
"../../../Engine/Shaders/Private/ColorMap.ush" 2206
"../../../Engine/Shaders/Private/HairStrands/HairStrandsAABBCommon.ush" 2207
"../../../Engine/Shaders/Private/HairStrands/HairStrandsClusterCommon.ush" 2208
"../../../Engine/Shaders/Private/ThreadGroupPrefixSum.ush" 2209
"../../../Engine/Shaders/Private/HairStrands/HairStrandsRaytracingGeometry.usf" 2210
"../../../Engine/Shaders/Private/HairStrands/HairStrandsTangent.usf" 2211
"../../../Engine/Shaders/Private/HairStrands/HairCardsDeformation.usf" 2212
"../../../Engine/Shaders/Private/HairStrands/HairStrandsInterpolation.usf" 2213
"../../../Engine/Shaders/Private/HairStrands/HairStrandsGuideDeform.usf" 2214
"../../../Engine/Shaders/Private/HairStrands/HairStrandsTexturesGeneration.usf" 2215
"../../../Engine/Shaders/Private/HairStrands/HairCardsTextureCommon.ush" 2216
"../../../Engine/Shaders/Private/HairStrands/HairStrandsTranscode.usf" 2217
"../../../Engine/Shaders/Private/HairStrands/HairStrandsDebug.usf" 2218
"../../../Engine/Shaders/Private/HairShadingCommon.ush" 2219
"../../../Engine/Shaders/Private/PostProcessCommon.ush" 2220
"../../../Engine/Shaders/Private/ShadingModels.ush" 2221
"../../../Engine/Shaders/Private/CapsuleLight.ush" 2222
"../../../Engine/Shaders/Private/RectLight.ush" 2223
"../../../Engine/Shaders/Private/LightData.ush" 2224
"../../../Engine/Shaders/Shared/LightDefinitions.h" 2225
"../../../Engine/Shaders/Private/AreaLightCommon.ush" 2226
"../../../Engine/Shaders/Private/HairBsdf.ush" 2227
"../../../Engine/Shaders/Private/PathTracing/Utilities/PathTracingRandomSequence.ush" 2228
"../../../Engine/Shaders/Private/MobileGGX.ush" 2229
"../../../Engine/Shaders/Private/HairStrands/HairStrandsCommon.ush" 2230
"../../../Engine/Shaders/Private/HairStrands/HairStrandsEnvironmentLightingCommon.ush" 2231
"../../../Engine/Shaders/Private/HairStrands/HairStrandsDeepTransmittanceCommon.ush" 2232
"../../../Engine/Shaders/Private/HairStrands/HairStrandsDeepTransmittanceDualScattering.ush" 2233
"../../../Engine/Shaders/Private/HairStrands/HairStrandsDeepShadowCommon.ush" 2234
"../../../Engine/Shaders/Private/HairStrands/HairStrandsDebugCommonStruct.ush" 2235
"../../../Engine/Plugins/FX/Niagara/Shaders/Private/NiagaraVertexFactoryExport.usf" 2236
"../../../Engine/Shaders/Private/ComputeShaderUtils.ush" 2237
"../../../Engine/Shaders/Private/MaterialTemplate.ush" 2238
"../../../Engine/Shaders/Private/WorldSpaceMath.ush" 2239
"../../../Engine/Shaders/Private/EyeAdaptationCommon.ush" 2240
"../../../Engine/Shaders/Private/SobolRandom.ush" 2241
"../../../Engine/Shaders/Private/DepthOfFieldCommon.ush" 2242
"../../../Engine/Shaders/Private/CircleDOFCommon.ush" 2243
"../../../Engine/Shaders/Private/DistanceField/GlobalDistanceFieldShared.ush" 2244
"../../../Engine/Shaders/Private/PhysicsFieldSampler.ush" 2245
"../../../Engine/Shaders/Private/PhysicsFieldShared.ush" 2246
"../../../Engine/Shaders/Private/SparseVolumeTexture/SparseVolumeTextureCommon.ush" 2247
"../../../Engine/Shaders/Shared/EnvironmentComponentsFlags.h" 2248
"../../../Engine/Shaders/Private/MeshPaintTextureCommon.ush" 2249
"../../../Engine/Shaders/Private/VirtualTextureMaterial.ush" 2250
"../../../Engine/Shaders/Private/MaterialCache/MaterialCacheMaterialCommon.ush" 2251
"../../../Engine/Shaders/Private/Quantization.ush" 2252
"../../../Engine/Shaders/Private/SpeedTreeCommon.ush" 2253
"../../../Engine/Shaders/Private/VirtualTextureCommon.ush" 2254
"../../../Engine/Shaders/Public/IndirectVirtualTextureCommon.ush" 2255
"../../../Engine/Shaders/Private/MaterialTexture.ush" 2256
"../../../Engine/Shaders/Private/MinMaterialTexCoords.ush" 2257
"../../../Engine/Shaders/Private/SkyAtmosphereCommon.ush" 2258
"../../../Engine/Shaders/Private/SingleLayerWaterCommon.ush" 2259
"../../../Engine/Shaders/Private/TextureSampling.ush" 2260
"../../../Engine/Shaders/Private/PaniniProjection.ush" 2261
"../../../Engine/Shaders/Private/DBufferNormalReprojection.ush" 2262
"../../../Engine/Shaders/Public/SubstratePublic.ush" 2263
"../../../Engine/Shaders/Private/Substrate/SubstrateRead.ush" 2264
"../../../Engine/Shaders/Private/Substrate/SubstrateTree.ush" 2265
"../../../Engine/Shaders/Private/Substrate/SubstrateEvaluation.ush" 2266
"../../../Engine/Shaders/Private/Substrate/Glint/GlintThirdParty.ush" 2267
"../../../Engine/Shaders/Private/BlueNoise.ush" 2268
"../../../Engine/Shaders/Private/SHCommon.ush" 2269
"../../../Engine/Shaders/Private/ShadingModelsSampling.ush" 2270
"../../../Engine/Shaders/Private/HairStrands/HairBsdfSample.ush" 2271
"../../../Engine/Shaders/Private/Substrate/SubstrateLegacyConversion.ush" 2272
"../../../Engine/Shaders/Private/DBufferDecalShared.ush" 2273
"../../../Engine/Plugins/FX/Niagara/Shaders/Private/NiagaraSortKeyGen.usf" 2274
"../../../Engine/Plugins/FX/Niagara/Shaders/Private/NiagaraGPURayTracingTransforms.usf" 2275
"../../../Engine/Plugins/FX/Niagara/Shaders/Private/NiagaraDrawIndirectArgsGen.usf" 2276
"../../../Engine/Plugins/FX/Niagara/Shaders/Private/NiagaraDispatchIndirectArgsGen.usf" 2277
"../../../Engine/Plugins/FX/Niagara/Shaders/Private/Stateless/NiagaraStatelessSimulationDefault.usf" 2278
"../../../Engine/Plugins/FX/Niagara/Shaders/Private/Stateless/NiagaraStatelessCommon.ush" 2279
"../../../Engine/Plugins/FX/Niagara/Shaders/Shared/NiagaraStatelessDefinitions.h" 2280
"../../../Engine/Plugins/FX/Niagara/Shaders/Shared/NiagaraStatelessBuiltDistribution.h" 2281
"../../../Engine/Plugins/FX/Niagara/Shaders/Private/Stateless/NiagaraStatelessDistribution.ush" 2282
"../../../Engine/Plugins/FX/Niagara/Shaders/Private/Stateless/Template/GenerateCS_PreModules.ush" 2283
"../../../Engine/Plugins/FX/Niagara/Shaders/Private/Stateless/Modules/NiagaraStatelessModule_CalculateAccurateVelocity.ush" 2284
"../../../Engine/Plugins/FX/Niagara/Shaders/Private/Stateless/Modules/NiagaraStatelessModule_CameraOffset.ush" 2285
"../../../Engine/Plugins/FX/Niagara/Shaders/Private/Stateless/Modules/NiagaraStatelessModule_DynamicMaterialParameters.ush" 2286
"../../../Engine/Plugins/FX/Niagara/Shaders/Private/Stateless/Modules/NiagaraStatelessModule_InitializeParticle.ush" 2287
"../../../Engine/Plugins/FX/Niagara/Shaders/Private/Stateless/Modules/NiagaraStatelessModule_InitialMeshOrientation.ush" 2288
"../../../Engine/Plugins/FX/Niagara/Shaders/Private/Stateless/Modules/NiagaraStatelessModule_MeshIndex.ush" 2289
"../../../Engine/Plugins/FX/Niagara/Shaders/Private/Stateless/Modules/NiagaraStatelessModule_MeshRotationRate.ush" 2290
"../../../Engine/Plugins/FX/Niagara/Shaders/Private/Stateless/Modules/NiagaraStatelessModule_RotateAroundPoint.ush" 2291
"../../../Engine/Plugins/FX/Niagara/Shaders/Private/Stateless/Modules/NiagaraStatelessModule_ShapeLocation.ush" 2292
"../../../Engine/Plugins/FX/Niagara/Shaders/Private/Stateless/Modules/NiagaraStatelessModule_ScaleColor.ush" 2293
"../../../Engine/Plugins/FX/Niagara/Shaders/Private/Stateless/Modules/NiagaraStatelessModule_ScaleRibbonWidth.ush" 2294
"../../../Engine/Plugins/FX/Niagara/Shaders/Private/Stateless/Modules/NiagaraStatelessModule_ScaleSpriteSize.ush" 2295
"../../../Engine/Plugins/FX/Niagara/Shaders/Private/Stateless/Modules/NiagaraStatelessModule_ScaleSpriteSizeBySpeed.ush" 2296
"../../../Engine/Plugins/FX/Niagara/Shaders/Private/Stateless/Modules/NiagaraStatelessModule_ScaleMeshSize.ush" 2297
"../../../Engine/Plugins/FX/Niagara/Shaders/Private/Stateless/Modules/NiagaraStatelessModule_ScaleMeshSizebySpeed.ush" 2298
"../../../Engine/Plugins/FX/Niagara/Shaders/Private/Stateless/Modules/NiagaraStatelessModule_SolveVelocitiesAndForces.ush" 2299
"../../../Engine/Plugins/FX/Niagara/Shaders/Private/Stateless/Modules/NiagaraStatelessModule_SpriteFacingAndAlignment.ush" 2300
"../../../Engine/Plugins/FX/Niagara/Shaders/Private/Stateless/Modules/NiagaraStatelessModule_SpriteRotationRate.ush" 2301
"../../../Engine/Plugins/FX/Niagara/Shaders/Private/Stateless/Modules/NiagaraStatelessModule_SubUVAnimation.ush" 2302
"../../../Engine/Plugins/FX/Niagara/Shaders/Private/Stateless/Template/GenerateCS_PostModules.ush" 2303
"../../../Engine/Plugins/FX/Niagara/Shaders/Private/NiagaraBlendSVTsToDenseBuffer.usf" 2304
"../../../Engine/Plugins/FX/Niagara/Shaders/Private/NiagaraSVTToDenseBuffer.usf" 2305
"../../../Engine/Plugins/FX/Niagara/Shaders/Private/NiagaraFillIntBuffer.usf" 2306
"../../../Engine/Plugins/FX/Niagara/Shaders/Private/NiagaraComputeFreeIDs.usf" 2307
"../../../Engine/Plugins/FX/Niagara/Shaders/Private/NiagaraInitFreeIDBuffer.usf" 2308
"../../../Engine/Plugins/FX/Niagara/Shaders/Private/NiagaraEmitterInstanceShader.usf" 2309
"../../../Engine/Plugins/FX/Niagara/Shaders/Private/NiagaraShaderVersion.ush" 2310
"../../../Engine/Plugins/FX/Niagara/Shaders/Private/NiagaraPhysicsCommon.ush" 2311
"../../../Engine/Plugins/FX/Niagara/Shaders/Private/Ribbons/NiagaraRibbonAggregationApply.usf" 2312
"../../../Engine/Plugins/FX/Niagara/Shaders/Private/Ribbons/NiagaraRibbonCommon.ush" 2313
"../../../Engine/Plugins/FX/Niagara/Shaders/Shared/NiagaraRibbonShared.h" 2314
"../../../Engine/Plugins/FX/Niagara/Shaders/Private/Ribbons/NiagaraRibbonAggregationStep.usf" 2315
"../../../Engine/Plugins/FX/Niagara/Shaders/Private/Ribbons/NiagaraRibbonGenerateIndices.usf" 2316
"../../../Engine/Plugins/FX/Niagara/Shaders/Private/Ribbons/NiagaraRibbonInitializeIndices.usf" 2317
"../../../Engine/Plugins/FX/Niagara/Shaders/Private/Ribbons/NiagaraRibbonRibbonUVParamCalculation.usf" 2318
"../../../Engine/Plugins/FX/Niagara/Shaders/Private/Ribbons/NiagaraRibbonVertexReductionFinalization.usf" 2319
"../../../Engine/Plugins/FX/Niagara/Shaders/Private/Ribbons/NiagaraRibbonVertexReductionInitialization.usf" 2320
"../../../Engine/Plugins/FX/Niagara/Shaders/Private/Ribbons/NiagaraRibbonSortParticles.usf" 2321
"../../../Engine/Plugins/FX/Niagara/Shaders/Private/NiagaraLWCHelper.usf" 2322
"../../../Engine/Plugins/FX/Niagara/Shaders/Private/NiagaraUpdateMeshGPUSceneInstances.usf" 2323
"../../../Engine/Shaders/Private/GPUScene/GPUSceneWriter.ush" 2324
"../../../Engine/Plugins/FX/Niagara/Shaders/Private/NiagaraGenerateMips.usf" 2325
"../../../Engine/Plugins/FX/Niagara/Shaders/Private/NiagaraDebugDraw.usf" 2326
"../../../Engine/Plugins/FX/Niagara/Shaders/Private/NiagaraDebugDraw.ush" 2327
"../../../Engine/Plugins/FX/Niagara/Shaders/Private/NiagaraVisualizeTexture.usf" 2328
"../../../Engine/Plugins/FX/Niagara/Shaders/Private/NiagaraClearCounts.usf" 2329
"../../../Engine/Plugins/FX/Niagara/Shaders/Private/NiagaraBatchedElements.usf" 2330
"../../../Engine/Plugins/FX/Niagara/Shaders/Private/NiagaraRayTracingShaders.usf" 2331
"../../../Engine/Plugins/FX/Niagara/Shaders/Private/NiagaraAsyncGpuTraceCommon.ush" 2332
"../../../Engine/Shaders/Private/HashTable.ush" 2333
"../../../Engine/Shaders/Private/Hash.ush" 2334
"../../../Engine/Shaders/Private/RayTracing/VFXTraceRay.ush" 2335
"../../../Engine/Plugins/FX/Niagara/Shaders/Private/NiagaraRayMarchingShaders.usf" 2336
"../../../Engine/Plugins/FX/Niagara/Shaders/Private/NiagaraRayTraceCollisionGroupShaders.usf" 2337
"../../../Engine/Plugins/FX/Niagara/Shaders/Private/NiagaraAsyncGpuTraceUtils.usf" 2338
"../../../Engine/Shaders/Private/VirtualTextureAdapter.usf" 2339
"../../../Engine/Shaders/Private/BlockCompressionCommon.ush" 2340
"../../../Engine/Shaders/Private/BCCompressionCommon.ush" 2341
"../../../Engine/Shaders/Private/TranslucentLightingShaders.usf" 2342
"../../../Engine/Shaders/Private/TranslucencyVolumeInjectionCommon.ush" 2343
"../../../Engine/Shaders/Private/CubemapCommon.ush" 2344
"../../../Engine/Shaders/Private/VectorFieldCompositeShaders.usf" 2345
"../../../Engine/Shaders/Private/UpdateTextureShaders.usf" 2346
"../../../Engine/Shaders/Private/StereoLayerShader.usf" 2347
"../../../Engine/Shaders/Private/SparseVolumeTexture/UpdateSparseVolumeTexture.usf" 2348
"../../../Engine/Shaders/Private/MorphTargets.usf" 2349
"../../../Engine/Shaders/Private/SimpleElementColorChannelMaskPixelShader.usf" 2350
"../../../Engine/Shaders/Private/SimpleElementHitProxyPixelShader.usf" 2351
"../../../Engine/Shaders/Private/SimpleElementPixelShader.usf" 2352
"../../../Engine/Shaders/Private/IESLightProfilesCommon.ush" 2353
"../../../Engine/Shaders/Private/SimpleElementVertexShader.usf" 2354
"../../../Engine/Shaders/Private/ScreenPixelShaderOES.usf" 2355
"../../../Engine/Shaders/Private/ScreenVertexShader.usf" 2356
"../../../Engine/Shaders/Private/ScreenPixelShader.usf" 2357
"../../../Engine/Shaders/Private/SSProfilePreIntegratedMobile.usf" 2358
"../../../Engine/Shaders/Private/SpecularProfile.usf" 2359
"../../../Engine/Shaders/Private/Nanite/NaniteStreaming.usf" 2360
"../../../Engine/Shaders/Private/Nanite/NaniteStreaming.ush" 2361
"../../../Engine/Shaders/Private/VolumetricLightmapStreaming.usf" 2362
"../../../Engine/Shaders/Private/PhysicsFieldReset.usf" 2363
"../../../Engine/Shaders/Private/PhysicsFieldBuilder.usf" 2364
"../../../Engine/Shaders/Private/PhysicsFieldEval.ush" 2365
"../../../Engine/Shaders/Private/ParticleSortKeyGen.usf" 2366
"../../../Engine/Shaders/Private/ParticleBoundsShader.usf" 2367
"../../../Engine/Shaders/Private/ParticleSimVisualizeShader.usf" 2368
"../../../Engine/Shaders/Private/ParticleInjectionShader.usf" 2369
"../../../Engine/Shaders/Private/ParticleSimulationShader.usf" 2370
"../../../Engine/Shaders/Private/ParticleCurveInjectionShader.usf" 2371
"../../../Engine/Shaders/Private/Nanite/NaniteTranscode.usf" 2372
"../../../Engine/Shaders/Private/Nanite/NaniteScatterUpdates.usf" 2373
"../../../Engine/Shaders/Private/CopyUIntBuffer.usf" 2374
"../../../Engine/Shaders/Private/RadixSortShaders.usf" 2375
"../../../Engine/Shaders/Private/RecomputeTangentsPerVertexPass.usf" 2376
"../../../Engine/Shaders/Private/RecomputeTangentsCommon.ush" 2377
"../../../Engine/Shaders/Private/RecomputeTangentsPerTrianglePass.usf" 2378
"../../../Engine/Shaders/Private/DynamicMeshBounds.usf" 2379
"../../../Engine/Shaders/Private/GpuSkinCacheComputeShader.usf" 2380
"../../../Engine/Shaders/Private/DynamicMeshBounds.ush" 2381
"../../../Engine/Shaders/Private/HeightFieldAtlasManagement.usf" 2382
"../../../Engine/Shaders/Private/Landscape/LandscapeEditLayersUtils.usf" 2383
"../../../Engine/Shaders/Private/Landscape/LandscapeCommon.ush" 2384
"../../../Engine/Shaders/Private/Landscape/LandscapeEditLayersWeightmaps.usf" 2385
"../../../Engine/Shaders/Private/Landscape/LandscapeEditLayersHeightmaps.usf" 2386
"../../../Engine/Shaders/Private/LandscapeLayersPS.usf" 2387
"../../../Engine/Shaders/Private/LandscapePhysicalMaterial.usf" 2388
"../../../Engine/Shaders/Private/LandscapeGrassWeight.usf" 2389
"../../../Engine/Shaders/Private/Landscape/LandscapeCulling.usf" 2390
"../../../Engine/Shaders/Private/Nanite/NaniteHZBCull.ush" 2391
"../../../Engine/Shaders/Private/HZB.ush" 2392
"../../../Engine/Shaders/Private/Landscape/LandscapeMergeTexturesPS.usf" 2393
"../../../Engine/Shaders/Private/WideCustomResolveShaders.usf" 2394
"../../../Engine/Shaders/Private/WideCustomResolve_Wide.ush" 2395
"../../../Engine/Shaders/Private/WideCustomResolve_Wider.ush" 2396
"../../../Engine/Shaders/Private/WideCustomResolve_Widest.ush" 2397
"../../../Engine/Shaders/Private/WaterInfoTextureBlur.usf" 2398
"../../../Engine/Shaders/Private/WaterInfoTextureMerge.usf" 2399
"../../../Engine/Shaders/Private/PageTableUpdate.usf" 2400
"../../../Engine/Shaders/Private/VirtualTextureCompress.usf" 2401
"../../../Engine/Shaders/Private/ASTCCompressionCommon.ush" 2402
"../../../Engine/Shaders/Private/IntegerSequenceEncoding.ush" 2403
"../../../Engine/Shaders/Private/ETCCompressionCommon.ush" 2404
"../../../Engine/Shaders/Private/VirtualTextureMaterial.usf" 2405
"../../../Engine/Shaders/Private/PixelShaderOutputCommon.ush" 2406
"../../../Engine/Shaders/Private/ShaderOutputCommon.ush" 2407
"../../../Engine/Shaders/Private/VolumetricRenderTarget.usf" 2408
"../../../Engine/Shaders/Private/HeightFogCommon.ush" 2409
"../../../Engine/Shaders/Private/LocalFogVolumes/LocalFogVolumeCommon.ush" 2410
"../../../Engine/Shaders/Private/ReflectionEnvironmentShared.ush" 2411
"../../../Engine/Shaders/Private/VolumetricFogVoxelization.usf" 2412
"../../../Engine/Shaders/Private/VolumetricCloudMaterialPixelCommon.ush" 2413
"../../../Engine/Shaders/Private/VolumetricFogLightFunction.usf" 2414
"../../../Engine/Shaders/Private/LightFunctionCommon.ush" 2415
"../../../Engine/Shaders/Private/VolumetricFog.usf" 2416
"../../../Engine/Shaders/Private/DeferredLightingCommon.ush" 2417
"../../../Engine/Shaders/Private/DynamicLightingCommon.ush" 2418
"../../../Engine/Shaders/Private/CapsuleLightIntegrate.ush" 2419
"../../../Engine/Shaders/Private/CapsuleLightSampling.ush" 2420
"../../../Engine/Shaders/Private/RectLightIntegrate.ush" 2421
"../../../Engine/Shaders/Private/ScreenSpaceShadowRayCast.ush" 2422
"../../../Engine/Shaders/Private/LightFunctionAtlas/LightFunctionAtlasCommon.usf" 2423
"../../../Engine/Shaders/Private/LightGridCommon.ush" 2424
"../../../Engine/Shaders/Private/DistanceFieldAOShared.ush" 2425
"../../../Engine/Shaders/Private/IntersectionUtils.ush" 2426
"../../../Engine/Shaders/Private/VolumeLightingCommon.ush" 2427
"../../../Engine/Shaders/Private/ShadowProjectionCommon.ush" 2428
"../../../Engine/Shaders/Private/ShadowFilteringCommon.ush" 2429
"../../../Engine/Shaders/Private/PixelQuadMessagePassing.ush" 2430
"../../../Engine/Shaders/Private/VolumeLightingCommonSampling.ush" 2431
"../../../Engine/Shaders/Private/VolumetricLightmapShared.ush" 2432
"../../../Engine/Shaders/Private/ForwardShadowingCommon.ush" 2433
"../../../Engine/Shaders/Private/LightDataUniforms.ush" 2434
"../../../Engine/Shaders/Private/Lumen/LumenTranslucencyVolumeShared.ush" 2435
"../../../Engine/Shaders/Private/Lumen/LumenRadianceCacheInterpolation.ush" 2436
"../../../Engine/Shaders/Private/VirtualShadowMaps/VirtualShadowMapProjectionCommon.ush" 2437
"../../../Engine/Shaders/Private/VirtualShadowMaps/VirtualShadowMapPageAccessCommon.ush" 2438
"../../../Engine/Shaders/Shared/VirtualShadowMapDefinitions.h" 2439
"../../../Engine/Shaders/Shared/HLSLMathAliases.h" 2440
"../../../Engine/Shaders/Private/VirtualShadowMaps/VirtualShadowMapHandle.ush" 2441
"../../../Engine/Shaders/Private/VirtualShadowMaps/VirtualShadowMapProjectionStructs.ush" 2442
"../../../Engine/Shaders/Private/DiaphragmDOF/DOFCommon.ush" 2443
"../../../Engine/Shaders/Private/VolumetricCloudCommon.ush" 2444
"../../../Engine/Shaders/Private/VolumetricCloud.usf" 2445
"../../../Engine/Shaders/Private/VisualizeVolumetricLightmap.usf" 2446
"../../../Engine/Shaders/Private/VirtualShadowMaps/VirtualShadowMapProjectionComposite.usf" 2447
"../../../Engine/Shaders/Private/LightShaderParameters.ush" 2448
"../../../Engine/Shaders/Private/VirtualShadowMaps/VirtualShadowMapMaskBitsCommon.ush" 2449
"../../../Engine/Shaders/Private/VirtualShadowMaps/VirtualShadowMapLightGrid.ush" 2450
"../../../Engine/Shaders/Private/VirtualShadowMaps/VirtualShadowMapProjection.usf" 2451
"../../../Engine/Shaders/Private/Visualization.ush" 2452
"../../../Engine/Shaders/Private/VirtualShadowMaps/VirtualShadowMapProjectionFilter.ush" 2453
"../../../Engine/Shaders/Private/VirtualShadowMaps/VirtualShadowMapProjectionDirectional.ush" 2454
"../../../Engine/Shaders/Private/VirtualShadowMaps/VirtualShadowMapSMRTCommon.ush" 2455
"../../../Engine/Shaders/Private/VirtualShadowMaps/VirtualShadowMapSMRTTemplate.ush" 2456
"../../../Engine/Shaders/Private/VirtualShadowMaps/VirtualShadowMapProjectionSpot.ush" 2457
"../../../Engine/Shaders/Private/VirtualShadowMaps/VirtualShadowMapTransmissionCommon.ush" 2458
"../../../Engine/Shaders/Private/VirtualShadowMaps/VirtualShadowMapScreenRayTrace.ush" 2459
"../../../Engine/Shaders/Private/VirtualShadowMaps/VirtualShadowMapStats.ush" 2460
"../../../Engine/Shaders/Private/HairStrands/HairStrandsVoxelPageCommon.ush" 2461
"../../../Engine/Shaders/Private/HairStrands/HairStrandsVoxelPageTraversal.ush" 2462
"../../../Engine/Shaders/Private/VirtualShadowMaps/VirtualShadowMapCacheGPUInvalidation.usf" 2463
"../../../Engine/Shaders/Private/VirtualShadowMaps/VirtualShadowMapPageCacheCommon.ush" 2464
"../../../Engine/Shaders/Private/VirtualShadowMaps/VirtualShadowMapCacheInvalidation.ush" 2465
"../../../Engine/Shaders/Private/VirtualShadowMaps/VirtualShadowMapPageOverlap.ush" 2466
"../../../Engine/Shaders/Private/ScreenSpaceDenoise/SSDDefinitions.ush" 2467
"../../../Engine/Shaders/Private/InstanceCulling/InstanceCullingLoadBalancer.ush" 2468
"../../../Engine/Shaders/Private/VirtualShadowMaps/VirtualShadowMapCacheLoadBalancer.usf" 2469
"../../../Engine/Shaders/Private/VirtualShadowMaps/VirtualShadowMapCopyStats.usf" 2470
"../../../Engine/Shaders/Private/VirtualShadowMaps/VirtualShadowMapShadowCasterBounds.usf" 2471
"../../../Engine/Shaders/Private/VirtualShadowMaps/VirtualShadowMapVisualize.ush" 2472
"../../../Engine/Shaders/Private/VirtualShadowMaps/VirtualShadowMapShadowCasterColor.usf" 2473
"../../../Engine/Shaders/Private/VirtualShadowMaps/VirtualShadowMapDebug.usf" 2474
"../../../Engine/Shaders/Private/VirtualShadowMaps/Desaturate.usf" 2475
"../../../Engine/Shaders/Private/VirtualShadowMaps/VirtualShadowMapPhysicalPageManagement.usf" 2476
"../../../Engine/Shaders/Private/ReductionCommon.ush" 2477
"../../../Engine/Shaders/Private/GPUMessaging.ush" 2478
"../../../Engine/Shaders/Private/VirtualShadowMaps/VirtualShadowMapPerPageDispatch.ush" 2479
"../../../Engine/Shaders/Private/VirtualShadowMaps/VirtualShadowMapComputeExplicitChunkDrawsViewMask.usf" 2480
"../../../Engine/Shaders/Shared/SceneCullingDefinitions.h" 2481
"../../../Engine/Shaders/Private/VirtualShadowMaps/VirtualShadowMapCompactViews.usf" 2482
"../../../Engine/Shaders/Private/VirtualShadowMaps/VirtualShadowMapBuildPerPageDrawCommands.usf" 2483
"../../../Engine/Shaders/Private/Nanite/NaniteCullingCommon.ush" 2484
"../../../Engine/Shaders/Private/Nanite/NaniteCulling.ush" 2485
"../../../Engine/Shaders/Private/Nanite/NaniteHierarchyTraversalCommon.ush" 2486
"../../../Engine/Shaders/Private/InstanceCulling/InstanceCullingCommon.ush" 2487
"../../../Engine/Shaders/Shared/InstanceCullingDefinitions.h" 2488
"../../../Engine/Shaders/Private/VirtualShadowMaps/VirtualShadowMapPrintStats.usf" 2489
"../../../Engine/Shaders/Private/VirtualShadowMaps/VirtualShadowMapPageManagement.usf" 2490
"../../../Engine/Shaders/Private/VirtualShadowMaps/VirtualShadowMapPageMarking.usf" 2491
"../../../Engine/Shaders/Private/VirtualShadowMaps/VirtualShadowMapPageMarking.ush" 2492
"../../../Engine/Shaders/Shared/SingleLayerWaterDefinitions.h" 2493
"../../../Engine/Shaders/Private/HairStrands/HairStrandsTileCommon.ush" 2494
"../../../Engine/Shaders/Private/Froxel/Froxel.ush" 2495
"../../../Engine/Shaders/Shared/FroxelDefinitions.h" 2496
"../../../Engine/Shaders/Private/VirtualShadowMaps/VirtualShadowMapThrottle.usf" 2497
"../../../Engine/Shaders/Private/VelocityUpdate.usf" 2498
"../../../Engine/Shaders/Private/VelocityCommon.ush" 2499
"../../../Engine/Shaders/Private/VelocityShader.usf" 2500
"../../../Engine/Shaders/Private/VariableRateShading/VRSShadingRatePreview.usf" 2501
"../../../Engine/Shaders/Private/VariableRateShading/VRSShadingRateCommon.ush" 2502
"../../../Engine/Shaders/Private/VariableRateShading/VRSShadingRateCombine.usf" 2503
"../../../Engine/Shaders/Private/VariableRateShading/VRSShadingRateFoveated.usf" 2504
"../../../Engine/Shaders/Private/VariableRateShading/VRSShadingRateReproject.usf" 2505
"../../../Engine/Shaders/Private/VariableRateShading/VRSShadingRateCalculate.usf" 2506
"../../../Engine/Shaders/Private/TranslucencyUpsampling.usf" 2507
"../../../Engine/Shaders/Private/ComposeSeparateTranslucency.usf" 2508
"../../../Engine/Shaders/Private/SeparateTranslucency.ush" 2509
"../../../Engine/Shaders/Private/TranslucencyVolumeVisualize.usf" 2510
"../../../Engine/Shaders/Private/TranslucencyVolumeCommon.ush" 2511
"../../../Engine/Shaders/Private/TranslucentLightInjectionShaders.usf" 2512
"../../../Engine/Shaders/Private/HeterogeneousVolumes/HeterogeneousVolumesAdaptiveVolumetricShadowMapSampling.ush" 2513
"../../../Engine/Shaders/Private/HeterogeneousVolumes/HeterogeneousVolumesAdaptiveVolumetricShadowMapUtils.ush" 2514
"../../../Engine/Shaders/Private/HeterogeneousVolumes/HeterogeneousVolumesBeerShadowMapUtils.ush" 2515
"../../../Engine/Shaders/Private/TranslucentShadowDepthShaders.usf" 2516
"../../../Engine/Shaders/Private/ShadowDepthCommon.ush" 2517
"../../../Engine/Shaders/Private/RayTracing/RayTracingTest.usf" 2518
"../../../Engine/Shaders/Private/PostprocessSubsurfaceTile.usf" 2519
"../../../Engine/Shaders/Private/PostProcessSubsurfaceCommon.ush" 2520
"../../../Engine/Shaders/Private/Substrate/SubstrateVisualize.usf" 2521
"../../../Engine/Shaders/Private/Substrate/SubstrateTile.ush" 2522
"../../../Engine/Shaders/Shared/SubstrateVisualizeDefinitions.h" 2523
"../../../Engine/Shaders/Private/Substrate/SubstrateVisualizeCommon.ush" 2524
"../../../Engine/Shaders/Private/SkyLightingDiffuseShared.ush" 2525
"../../../Engine/Shaders/Private/SkyLightingShared.ush" 2526
"../../../Engine/Shaders/Private/ClearCoatCommon.ush" 2527
"../../../Engine/Shaders/Private/ReflectionEnvironmentComposite.ush" 2528
"../../../Engine/Shaders/Private/Substrate/SubstrateLightingCommon.ush" 2529
"../../../Engine/Shaders/Private/Substrate/SubstrateRoughRefraction.usf" 2530
"../../../Engine/Shaders/Private/PathTracing/Material/PathTracingFresnel.ush" 2531
"../../../Engine/Shaders/Private/PathTracing/Material/PathTracingGlossy.ush" 2532
"../../../Engine/Shaders/Private/Substrate/SubstrateMaterialSampling.usf" 2533
"../../../Engine/Shaders/Private/Substrate/SubstrateMaterialSampling.ush" 2534
"../../../Engine/Shaders/Private/Lumen/LumenPosition.ush" 2535
"../../../Engine/Shaders/Private/Substrate/SubstrateTile.usf" 2536
"../../../Engine/Shaders/Private/Substrate/SubstrateMaterialClassification.usf" 2537
"../../../Engine/Shaders/Private/Substrate/SubstrateDBuffer.usf" 2538
"../../../Engine/Shaders/Private/StochasticLighting/StochasticLightingTileClassification.usf" 2539
"../../../Engine/Shaders/Private/Lumen/LumenMaterial.ush" 2540
"../../../Engine/Shaders/Private/HairStrands/HairStrandsVisibilityUtils.ush" 2541
"../../../Engine/Shaders/Private/Lumen/LumenReflectionCommon.ush" 2542
"../../../Engine/Shaders/Private/Lumen/LumenReflectionsCombine.ush" 2543
"../../../Engine/Shaders/Private/Lumen/LumenScreenProbeTileClassication.ush" 2544
"../../../Engine/Shaders/Private/MegaLights/MegaLightsTileClassification.ush" 2545
"../../../Engine/Shaders/Private/StochasticLighting/StochasticLightingUpsample.ush" 2546
"../../../Engine/Shaders/Private/StochasticLighting/StochasticLightingCommon.ush" 2547
"../../../Engine/Shaders/Private/SplineMeshSceneTexture.usf" 2548
"../../../Engine/Shaders/Private/SparseVolumeTexture/VisualizeSparseVolumeTexture.usf" 2549
"../../../Engine/Shaders/Private/SkyAtmosphere.usf" 2550
"../../../Engine/Shaders/Private/Nanite/NaniteSkinningUpdateViewData.usf" 2551
"../../../Engine/Shaders/Private/SceneCulling/SceneCulling.ush" 2552
"../../../Engine/Shaders/Private/Skinning/TransformProviders.usf" 2553
"../../../Engine/Shaders/Private/Skinning/SkinnedMeshDebug.usf" 2554
"../../../Engine/Shaders/Private/Skinning/AnimBankEval.usf" 2555
"../../../Engine/Shaders/Private/SingleLayerWaterComposite.usf" 2556
"../../../Engine/Shaders/Private/Froxel/FroxelBuild.ush" 2557
"../../../Engine/Shaders/Private/SingleLayerWaterRefractionCulling.usf" 2558
"../../../Engine/Shaders/Private/ScreenSpaceShadows.usf" 2559
"../../../Engine/Shaders/Private/bend_sss_gpu.ush" 2560
"../../../Engine/Shaders/Private/ShadowFactorsUpsampleCommon.ush" 2561
"../../../Engine/Shaders/Private/FirstPersonSelfShadow.usf" 2562
"../../../Engine/Shaders/Private/HZBTracing.ush" 2563
"../../../Engine/Shaders/Private/LateZDummyPS.usf" 2564
"../../../Engine/Shaders/Private/ShadowProjectionVertexShader.usf" 2565
"../../../Engine/Shaders/Private/ShadowProjectionPixelShader.usf" 2566
"../../../Engine/Shaders/Private/MobileLightingCommon.ush" 2567
"../../../Engine/Shaders/Private/PlanarReflectionShared.ush" 2568
"../../../Engine/Shaders/Private/MobileSSR.ush" 2569
"../../../Engine/Shaders/Private/SSRT/SSRTRayCast.ush" 2570
"../../../Engine/Shaders/Private/ShadowPercentageCloserFiltering.ush" 2571
"../../../Engine/Shaders/Private/TransmissionThickness.ush" 2572
"../../../Engine/Shaders/Private/CopyShadowMaps.usf" 2573
"../../../Engine/Shaders/Private/ShadowDepthPixelShader.usf" 2574
"../../../Engine/Shaders/Private/ShadowDepthVertexShader.usf" 2575
"../../../Engine/Shaders/Private/ShadingEnergyConservationTable.usf" 2576
"../../../Engine/Shaders/Shared/PathTracingDefinitions.h" 2577
"../../../Engine/Shaders/Private/ShadingFurnaceTest.usf" 2578
"../../../Engine/Shaders/Private/Substrate/SubstrateDeferredLighting.ush" 2579
"../../../Engine/Shaders/Private/ShaderPrintDraw.usf" 2580
"../../../Engine/Shaders/Private/ShaderPrintDrawPrimitive.usf" 2581
"../../../Engine/Shaders/Private/DefaultSSRTiles.usf" 2582
"../../../Engine/Shaders/Private/ScreenSpaceReflectionTileCommons.ush" 2583
"../../../Engine/Shaders/Private/SSRT/SSRTDiffuseIndirect.usf" 2584
"../../../Engine/Shaders/Private/SSRT/SSRTTileClassificationBuffer.ush" 2585
"../../../Engine/Shaders/Private/SSRT/SSRTReflections.usf" 2586
"../../../Engine/Shaders/Private/ScreenSpaceDenoise/SSDPublic.ush" 2587
"../../../Engine/Shaders/Private/SSRT/SSRTTileClassification.usf" 2588
"../../../Engine/Shaders/Private/SSRT/SSRTPrevFrameReduction.usf" 2589
"../../../Engine/Shaders/Private/ScreenSpaceDenoise/SSDComposeHarmonics.usf" 2590
"../../../Engine/Shaders/Private/ScreenSpaceDenoise/SSDPublicHarmonics.ush" 2591
"../../../Engine/Shaders/Private/ScreenSpaceDenoise/SSDSignalFramework.ush" 2592
"../../../Engine/Shaders/Private/ScreenSpaceDenoise/SSDCommon.ush" 2593
"../../../Engine/Shaders/Private/SphericalGaussian.ush" 2594
"../../../Engine/Shaders/Public/WaveBroadcastIntrinsics.ush" 2595
"../../../Engine/Shaders/Private/ScreenSpaceDenoise/SSDMetadata.ush" 2596
"../../../Engine/Shaders/Private/ScreenSpaceDenoise/SSDSignalCore.ush" 2597
"../../../Engine/Shaders/Private/ScreenSpaceDenoise/DenoisingCommon.ush" 2598
"../../../Engine/Shaders/Private/ScreenSpaceDenoise/SSDSignalArray.ush" 2599
"../../../Engine/Shaders/Private/ScreenSpaceDenoise/SSDSignalBufferEncoding.ush" 2600
"../../../Engine/Shaders/Private/ScreenSpaceDenoise/SSDPublicBufferEncoding.ush" 2601
"../../../Engine/Shaders/Private/Lumen/LumenBufferEncoding.ush" 2602
"../../../Engine/Shaders/Private/ScreenSpaceDenoise/SSDTemporalAccumulation.usf" 2603
"../../../Engine/Shaders/Private/ScreenSpaceDenoise/SSDSpatialKernel.ush" 2604
"../../../Engine/Shaders/Private/ScreenSpaceDenoise/SSDSignalAccumulatorArray.ush" 2605
"../../../Engine/Shaders/Private/ScreenSpaceDenoise/SSDSignalAccumulator.ush" 2606
"../../../Engine/Shaders/Private/ScreenSpaceDenoise/SSDSignalCompression.ush" 2607
"../../../Engine/Shaders/Private/ScreenSpaceDenoise/SSDSpatialAccumulation.usf" 2608
"../../../Engine/Shaders/Private/ScreenSpaceDenoise/SSDInjest.usf" 2609
"../../../Engine/Shaders/Private/ScreenSpaceDenoise/SSDCompressMetadata.usf" 2610
"../../../Engine/Shaders/Private/DownsampleDepthPixelShader.usf" 2611
"../../../Engine/Shaders/Private/ScreenPass.usf" 2612
"../../../Engine/Shaders/Private/HZB.usf" 2613
"../../../Engine/Shaders/Private/OcclusionFeedbackShaders.usf" 2614
"../../../Engine/Shaders/Private/HZBOcclusion.usf" 2615
"../../../Engine/Shaders/Private/OcclusionQueryPixelShader.usf" 2616
"../../../Engine/Shaders/Private/OcclusionQueryVertexShader.usf" 2617
"../../../Engine/Shaders/Private/HitProxyCopy.usf" 2618
"../../../Engine/Shaders/Private/HitProxyPixelShader.usf" 2619
"../../../Engine/Shaders/Private/HitProxyVertexShader.usf" 2620
"../../../Engine/Shaders/Private/SceneCulling/SceneCullingDebugRender.usf" 2621
"../../../Engine/Shaders/Private/SceneCulling/SceneCullingBuildExplicitBounds.usf" 2622
"../../../Engine/Shaders/Private/SceneCapturePixelShader.usf" 2623
"../../../Engine/Shaders/Private/RendererUtils.usf" 2624
"../../../Engine/Shaders/Private/RTWriteMaskDecode.usf" 2625
"../../../Engine/Shaders/Private/ReflectionEnvironmentShaders.usf" 2626
"../../../Engine/Shaders/Private/RectLightAtlas.usf" 2627
"../../../Engine/Shaders/Private/RayTracing/TraceRayInlineStatistics.usf" 2628
"../../../Engine/Shaders/Private/RayTracing/CompositeSkyLightPS.usf" 2629
"../../../Engine/Shaders/Private/RayTracing/GenerateSkyLightVisibilityRaysCS.usf" 2630
"../../../Engine/Shaders/Private/RayTracing/RayTracingSkyLightCommon.ush" 2631
"../../../Engine/Shaders/Private/RayTracing/SkyLightVisibilityRaysData.ush" 2632
"../../../Engine/Shaders/Private/Raytracing/RaytracingSkylightRGS.usf" 2633
"../../../Engine/Shaders/Private/HairStrands/HairStrandsRaytracing.ush" 2634
"../../../Engine/Shaders/Private/Raytracing/RayTracingSkyLightEvaluation.ush" 2635
"../../../Engine/Shaders/Private/Raytracing/RayTracingDeferredShadingCommon.ush" 2636
"../../../Engine/Shaders/Private/RayTracing/RayTracingOcclusionRGS.usf" 2637
"../../../Engine/Shaders/Private/RayTracing/RayTracingDirectionalLight.ush" 2638
"../../../Engine/Shaders/Private/RayTracing/RayTracingRectLight.ush" 2639
"../../../Engine/Shaders/Private/RayTracing/RayTracingSphereLight.ush" 2640
"../../../Engine/Shaders/Private/RayTracing/RayTracingCapsuleLight.ush" 2641
"../../../Engine/Shaders/Private/Raytracing/RayTracingFeedback.usf" 2642
"../../../Engine/Shaders/Shared/RayTracingDebugTypes.h" 2643
"../../../Engine/Shaders/Private/RayTracing/RayTracingPrimaryRays.usf" 2644
"../../../Engine/Shaders/Private/RayTracing/RayTracingLightingCommon.ush" 2645
"../../../Engine/Shaders/Private/RayTracing/RayTracingLightCullingCommon.ush" 2646
"../../../Engine/Shaders/Private/RayTracing/RayTracingMaterialDefaultHitShaders.usf" 2647
"../../../Engine/Shaders/Private/RayTracing/RayTracingMaterialHitShaders.usf" 2648
"../../../Engine/Shaders/Private/RayTracing/RayTracingShaderUtils.ush" 2649
"../../../Engine/Shaders/Private/RayTracing/RayTracingCalcInterpolants.ush" 2650
"../../../Engine/Shaders/Private/LightmapCommon.ush" 2651
"../../../Engine/Shaders/Private/Lumen/LumenHardwareRayTracingPayloadCommon.ush" 2652
"../../../Engine/Shaders/Shared/LumenDefinitions.h" 2653
"../../../Engine/Shaders/Private/Substrate/SubstrateExport.ush" 2654
"../../../Engine/Shaders/Private/RayTracing/RayTracingLightingMS.usf" 2655
"../../../Engine/Shaders/Private/Lumen/LumenDiffuseColorBoost.ush" 2656
"../../../Engine/Shaders/Private/RayTracing/RayTracingLightFunctionCommon.ush" 2657
"../../../Engine/Shaders/Private/RayTracing/RayTracingBuildLightGrid.usf" 2658
"../../../Engine/Shaders/Private/Raytracing/RayTracingInstanceBufferUtil.usf" 2659
"../../../Engine/Shaders/Private/RayTracing/RayTracingDynamicMesh.usf" 2660
"../../../Engine/Shaders/Private/RayTracing/RayTracingDefaultDecalHitShader.usf" 2661
"../../../Engine/Shaders/Private/RayTracing/RayTracingDecalMaterialShader.usf" 2662
"../../../Engine/Shaders/Private/PathTracing/PathTracingShaderUtils.ush" 2663
"../../../Engine/Shaders/Private/PathTracing/PathTracingCommon.ush" 2664
"../../../Engine/Shaders/Private/PathTracing/Material/PathTracingMaterialCommon.ush" 2665
"../../../Engine/Shaders/Private/PathTracing/Utilities/PathTracingRIS.ush" 2666
"../../../Engine/Shaders/Private/RayTracing/RayTracingBuildDecalGrid.usf" 2667
"../../../Engine/Shaders/Private/RayTracing/RayTracingDebugHitStatsUtils.usf" 2668
"../../../Engine/Shaders/Private/RayTracing/RayTracingDebugInstanceOverlap.usf" 2669
"../../../Engine/Shaders/Private/RayTracing/RayTracingDebugPicking.usf" 2670
"../../../Engine/Shaders/Private/RayTracing/RayTracingDebugUtils.ush" 2671
"../../../Engine/Shaders/Private/RayTracing/RayTracingDebugTraversal.usf" 2672
"../../../Engine/Shaders/Private/RayTracing/RayTracingDeferredMaterials.ush" 2673
"../../../Engine/Shaders/Shared/ThirdParty/AMD/ags_shader_intrinsics_dx12.h" 2674
"../../../Engine/Shaders/Shared/RayTracingDebugDefinitions.h" 2675
"../../../Engine/Shaders/Private/RayTracing/RayTracingDebugHitStatsCHS.usf" 2676
"../../../Engine/Shaders/Private/RayTracing/RayTracingDebugHitStats.usf" 2677
"../../../Engine/Shaders/Private/RayTracing/RayTracingDebugMS.usf" 2678
"../../../Engine/Shaders/Private/RayTracing/RayTracingDebugCHS.usf" 2679
"../../../Engine/Shaders/Private/RayTracing/RayTracingDebug.usf" 2680
"../../../Engine/Shaders/Private/RayTracing/RayTracingBuiltInShaders.usf" 2681
"../../../Engine/Shaders/Private/RayTracing/RayTracingBarycentrics.usf" 2682
"../../../Engine/Shaders/Private/RayTracing/RayTracingAmbientOcclusionRGS.usf" 2683
"../../../Engine/Shaders/Private/VisualizeShadingModels.usf" 2684
"../../../Engine/Shaders/Private/MotionBlur/VisualizeMotionVectors.usf" 2685
"../../../Engine/Shaders/Private/TemporalSuperResolution/TSRVisualize.usf" 2686
"../../../Engine/Shaders/Private/TemporalSuperResolution/TSRColorSpace.ush" 2687
"../../../Engine/Shaders/Private/TemporalSuperResolution/TSRCommon.ush" 2688
"../../../Engine/Shaders/Public/DualPixelVectorization.ush" 2689
"../../../Engine/Shaders/Private/TemporalSuperResolution/TSRReprojectionField.ush" 2690
"../../../Engine/Shaders/Private/TemporalSuperResolution/TSRResolveHistory.usf" 2691
"../../../Engine/Shaders/Private/TemporalSuperResolution/TSRConvolutionNetwork.ush" 2692
"../../../Engine/Shaders/Private/TemporalSuperResolution/TSRKernels.ush" 2693
"../../../Engine/Shaders/Public/LaneVectorization.ush" 2694
"../../../Engine/Shaders/Private/TemporalSuperResolution/TSRUpdateHistory.usf" 2695
"../../../Engine/Shaders/Private/TemporalSuperResolution/TSRSpatialAntiAliasing.ush" 2696
"../../../Engine/Shaders/Private/TemporalSuperResolution/TSRSpatialAntiAliasing.usf" 2697
"../../../Engine/Shaders/Private/TemporalSuperResolution/TSRRejectShading.usf" 2698
"../../../Engine/Shaders/Private/TemporalSuperResolution/TSRShadingAnalysis.ush" 2699
"../../../Engine/Shaders/Private/TemporalSuperResolution/TSRConvolutionNetworkPass.ush" 2700
"../../../Engine/Shaders/Private/TemporalSuperResolution/TSRDecimateHistory.usf" 2701
"../../../Engine/Shaders/Private/TemporalSuperResolution/TSRDepthVelocityAnalysis.ush" 2702
"../../../Engine/Shaders/Private/TemporalSuperResolution/TSRClosestOccluder.ush" 2703
"../../../Engine/Shaders/Private/TemporalSuperResolution/TSRWeightRelaxation.usf" 2704
"../../../Engine/Shaders/Private/TemporalSuperResolution/TSRThinGeometryCommon.ush" 2705
"../../../Engine/Shaders/Private/TemporalSuperResolution/TSRDetectThinGeometry.usf" 2706
"../../../Engine/Shaders/Private/TemporalSuperResolution/TSRDilateVelocity.usf" 2707
"../../../Engine/Shaders/Private/MotionBlur/MotionBlurVelocityFlatten.ush" 2708
"../../../Engine/Shaders/Private/MotionBlur/MotionBlurCommon.ush" 2709
"../../../Engine/Shaders/Private/TemporalSuperResolution/TSRClearPrevTextures.usf" 2710
"../../../Engine/Shaders/Private/TemporalSuperResolution/TSRMeasureCoverage.usf" 2711
"../../../Engine/Shaders/Private/TemporalSuperResolution/TSRMeasureFlickeringLuma.usf" 2712
"../../../Engine/Shaders/Private/TemporalAA.usf" 2713
"../../../Engine/Shaders/Private/SMAA/SMAADebugVisualization.usf" 2714
"../../../Engine/Shaders/Private/SMAA/SMAACommon.ush" 2715
"../../../Engine/Shaders/Private/SMAA/SMAA.ush" 2716
"../../../Engine/Shaders/Private/SMAA/SMAANeighborhoodBlendingShader.usf" 2717
"../../../Engine/Shaders/Private/SMAA/SMAABlendingWeightCalculationShader.usf" 2718
"../../../Engine/Shaders/Private/SMAA/SMAAEdgeDetectionShader.usf" 2719
"../../../Engine/Shaders/Private/FilterPixelShader.usf" 2720
"../../../Engine/Shaders/Private/FilterVertexShader.usf" 2721
"../../../Engine/Shaders/Private/VisualizeVirtualTexture.usf" 2722
"../../../Engine/Shaders/Private/PostProcessVisualizeBuffer.usf" 2723
"../../../Engine/Shaders/Private/PostProcessVisualizeLocalExposure.usf" 2724
"../../../Engine/Shaders/Private/PostProcessHistogramCommon.ush" 2725
"../../../Engine/Shaders/Private/TonemapCommon.ush" 2726
"../../../Engine/Shaders/Private/ACES/ACESCommon.ush" 2727
"../../../Engine/Shaders/Private/ACES/ACESOutputTransform.ush" 2728
"../../../Engine/Shaders/Private/ACES/ACESUtilities.ush" 2729
"../../../Engine/Shaders/Private/ACES/ACESTonescale.ush" 2730
"../../../Engine/Shaders/Private/ACES/ACESDisplayEncoding.ush" 2731
"../../../Engine/Shaders/Private/ACES/ACES_v1.3.ush" 2732
"../../../Engine/Shaders/Private/PostProcessVisualizeLevelInstance.usf" 2733
"../../../Engine/Shaders/Private/PostProcessVisualizeHDR.usf" 2734
"../../../Engine/Shaders/Private/ShaderComplexityApplyPixelShader.usf" 2735
"../../../Engine/Shaders/Private/QuadOverdraw.ush" 2736
"../../../Engine/Shaders/Private/PostProcessUpscale.usf" 2737
"../../../Engine/Shaders/Private/PostProcessTonemap.usf" 2738
"../../../Engine/Shaders/Private/PostProcessing/FilmGrainPackConstants.usf" 2739
"../../../Engine/Shaders/Private/PostProcessing/FilmGrainReduce.usf" 2740
"../../../Engine/Shaders/Private/PostProcessTestImage.usf" 2741
"../../../Engine/Shaders/Private/PostProcessSubsurface.usf" 2742
"../../../Engine/Shaders/Private/SeparableSSS.ush" 2743
"../../../Engine/Shaders/Private/SubsurfaceBurleyNormalized.ush" 2744
"../../../Engine/Shaders/Private/PostProcessSelectionOutline.usf" 2745
"../../../Engine/Shaders/Private/MotionBlur/MotionBlurVisualize.usf" 2746
"../../../Engine/Shaders/Private/MotionBlur/MotionBlurApply.usf" 2747
"../../../Engine/Shaders/Private/MotionBlur/MotionBlurFilterTileClassify.usf" 2748
"../../../Engine/Shaders/Private/MotionBlur/MotionBlurTileScatter.usf" 2749
"../../../Engine/Shaders/Private/MotionBlur/MotionBlurTileGather.usf" 2750
"../../../Engine/Shaders/Private/MotionBlur/MotionBlurVelocityFlatten.usf" 2751
"../../../Engine/Shaders/Private/PostProcessMobile.usf" 2752
"../../../Engine/Shaders/Private/PostProcessMitchellNetravali.usf" 2753
"../../../Engine/Shaders/Private/PostProcessMaterialShaders.usf" 2754
"../../../Engine/Shaders/Private/NeuralPostProcessCommon.usf" 2755
"../../../Engine/Shaders/Private/PostProcessLocalExposure.usf" 2756
"../../../Engine/Shaders/Private/PostProcessLensFlares.usf" 2757
"../../../Engine/Shaders/Private/PostProcessGBufferHints.usf" 2758
"../../../Engine/Shaders/Private/PostProcessHMD.usf" 2759
"../../../Engine/Shaders/Private/Histogram.usf" 2760
"../../../Engine/Shaders/Private/PostProcessExposureMaterial.ush" 2761
"../../../Engine/Shaders/Private/PostProcessHistogramReduce.usf" 2762
"../../../Engine/Shaders/Private/PostProcessHistogram.usf" 2763
"../../../Engine/Shaders/Private/Bloom/BloomFinalizeApplyConstants.usf" 2764
"../../../Engine/Shaders/Private/Bloom/BloomCommon.ush" 2765
"../../../Engine/Shaders/Private/Bloom/BloomResizeKernel.usf" 2766
"../../../Engine/Shaders/Private/Bloom/BloomDownsampleKernel.usf" 2767
"../../../Engine/Shaders/Private/Bloom/BloomClampKernel.usf" 2768
"../../../Engine/Shaders/Private/Bloom/BloomPackKernelConstants.usf" 2769
"../../../Engine/Shaders/Private/Bloom/BloomSumScatterDispersionEnergy.usf" 2770
"../../../Engine/Shaders/Private/Bloom/BloomReduceKernelSurvey.usf" 2771
"../../../Engine/Shaders/Private/Bloom/BloomSurveyKernelCenterEnergy.usf" 2772
"../../../Engine/Shaders/Private/Bloom/BloomSurveyMaxScatterDispersion.usf" 2773
"../../../Engine/Shaders/Private/Bloom/BloomFindKernelCenter.usf" 2774
"../../../Engine/Shaders/Private/PostProcessEyeAdaptation.usf" 2775
"../../../Engine/Shaders/Private/PostProcessEyeAdaptationUtils.usf" 2776
"../../../Engine/Shaders/Private/PostProcessDownsample.usf" 2777
"../../../Engine/Shaders/Private/PostProcessDOF.usf" 2778
"../../../Engine/Shaders/Private/PostProcessDeviceEncodingOnly.usf" 2779
"../../../Engine/Shaders/Private/PostProcessCompositePrimitives.usf" 2780
"../../../Engine/Shaders/Private/PostProcessCombineLUTs.usf" 2781
"../../../Engine/Shaders/Private/PostProcessVisualizeDOF.usf" 2782
"../../../Engine/Shaders/Private/PostProcessBloom.usf" 2783
"../../../Engine/Shaders/Private/PostProcessAmbientOcclusionMobile.usf" 2784
"../../../Engine/Shaders/Private/PostProcessAmbientOcclusionCommon.ush" 2785
"../../../Engine/Shaders/Private/FXAAShader.usf" 2786
"../../../Engine/Shaders/Private/Fxaa3_11.ush" 2787
"../../../Engine/Shaders/Private/PaniniProjection.usf" 2788
"../../../Engine/Shaders/Private/DiaphragmDOF/DOFRecombine.usf" 2789
"../../../Engine/Shaders/Private/DiaphragmDOF/DOFHybridScatterPixelShader.usf" 2790
"../../../Engine/Shaders/Private/DiaphragmDOF/DOFHybridScatterCommon.ush" 2791
"../../../Engine/Shaders/Private/DiaphragmDOF/DOFVignetteCommon.ush" 2792
"../../../Engine/Shaders/Private/DiaphragmDOF/DOFHybridScatterVertexShader.usf" 2793
"../../../Engine/Shaders/Private/DiaphragmDOF/DOFPostfiltering.usf" 2794
"../../../Engine/Shaders/Private/DiaphragmDOF/DOFGatherTileSuggest.ush" 2795
"../../../Engine/Shaders/Private/DiaphragmDOF/DOFCocTileCommon.ush" 2796
"../../../Engine/Shaders/Private/DiaphragmDOF/DOFGatherPass.usf" 2797
"../../../Engine/Shaders/Private/DiaphragmDOF/DOFGatherCommon.ush" 2798
"../../../Engine/Shaders/Private/DiaphragmDOF/DOFGatherAccumulator.ush" 2799
"../../../Engine/Shaders/Private/DiaphragmDOF/DOFGatherKernel.ush" 2800
"../../../Engine/Shaders/Private/DiaphragmDOF/DOFBokehLUT.usf" 2801
"../../../Engine/Shaders/Private/DiaphragmDOF/DOFHybridScatterCompilation.usf" 2802
"../../../Engine/Shaders/Private/DiaphragmDOF/DOFReduce.usf" 2803
"../../../Engine/Shaders/Private/DiaphragmDOF/DOFDownsample.ush" 2804
"../../../Engine/Shaders/Private/DiaphragmDOF/DOFHybridScatterCompilation.ush" 2805
"../../../Engine/Shaders/Private/DiaphragmDOF/DOFDownsample.usf" 2806
"../../../Engine/Shaders/Private/DiaphragmDOF/DOFCocTileDilate.usf" 2807
"../../../Engine/Shaders/Private/DiaphragmDOF/DOFCocTileFlatten.usf" 2808
"../../../Engine/Shaders/Private/DiaphragmDOF/DOFSetup.usf" 2809
"../../../Engine/Shaders/Private/Tools/DebugAlphaChannel.usf" 2810
"../../../Engine/Shaders/Private/PostProcessAlphaInvert.usf" 2811
"../../../Engine/Shaders/Private/PlanarReflectionShaders.usf" 2812
"../../../Engine/Shaders/Private/PhysicsFieldVisualizer.usf" 2813
"../../../Engine/Shaders/Private/PathTracing/PathTracingSpatialTemporalDenoising.usf" 2814
"../../../Engine/Shaders/Private/ColorDifference.ush" 2815
"../../../Engine/Shaders/Private/PathTracing/PathTracingCompositingPixelShader.usf" 2816
"../../../Engine/Shaders/Private/PathTracing/PathTracingAdaptiveUtils.ush" 2817
"../../../Engine/Shaders/Private/PathTracing/PathTracingDefaultHitShader.usf" 2818
"../../../Engine/Shaders/Private/PathTracing/PathTracingGPULightmassMaterialHitShader.usf" 2819
"../../../Engine/Shaders/Private/PathTracing/PathTracingMaterialHitShader.usf" 2820
"../../../Engine/Shaders/Private/PathTracing/Material/PathTracingSubstrateCommon.ush" 2821
"../../../Engine/Shaders/Private/PathTracing/PathTracingLightingMissShader.usf" 2822
"../../../Engine/Shaders/Private/PathTracing/PathTracingMissShader.usf" 2823
"../../../Engine/Shaders/Private/PathTracing/PathTracingAdaptiveStart.usf" 2824
"../../../Engine/Shaders/Private/PathTracing/PathTracingBuildAdaptiveError.usf" 2825
"../../../Engine/Shaders/Private/PathTracing/PathTracingVolumetricCloudMaterialShader.usf" 2826
"../../../Engine/Shaders/Private/PathTracing/Volume/PathTracingCloudsMaterialCommon.ush" 2827
"../../../Engine/Shaders/Private/PathTracing/Volume/PathTracingVolumeCommon.ush" 2828
"../../../Engine/Shaders/Private/PathTracing/Volume/PathTracingCloudsCommon.ush" 2829
"../../../Engine/Shaders/Private/PathTracing/Volume/PathTracingFog.ush" 2830
"../../../Engine/Shaders/Private/PathTracing/Volume/PathTracingAtmosphere.ush" 2831
"../../../Engine/Shaders/Private/PathTracing/Volume/PathTracingAtmosphereCommon.ush" 2832
"../../../Engine/Shaders/Private/PathTracing/Volume/PathTracingVolumeSampling.ush" 2833
"../../../Engine/Shaders/Private/PathTracing/PathTracingBuildCloudAccelerationMap.usf" 2834
"../../../Engine/Shaders/Private/PathTracing/PathTracingBuildAtmosphereLUT.usf" 2835
"../../../Engine/Shaders/Private/PathTracing/PathTracingSwizzleScanlines.usf" 2836
"../../../Engine/Shaders/Private/PathTracing/PathTracingInitExtinctionCoefficient.usf" 2837
"../../../Engine/Shaders/Private/PathTracing/PathTracingCopyDepth.usf" 2838
"../../../Engine/Shaders/Private/PathTracing/PathTracingDebug.usf" 2839
"../../../Engine/Shaders/Private/RayTracing/RayTracingDecalGrid.ush" 2840
"../../../Engine/Shaders/Private/PathTracing/Material/PathTracingMaterialSampling.ush" 2841
"../../../Engine/Shaders/Private/PathTracing/Material/PathTracingLambert.ush" 2842
"../../../Engine/Shaders/Private/PathTracing/Material/PathTracingSubstrate.ush" 2843
"../../../Engine/Shaders/Private/PathTracing/Material/PathTracingSubstrateFoliage.ush" 2844
"../../../Engine/Shaders/Private/PathTracing/Material/PathTracingSubstrateSolidGlass.ush" 2845
"../../../Engine/Shaders/Private/PathTracing/Material/PathTracingSubstrateThinGlass.ush" 2846
"../../../Engine/Shaders/Private/PathTracing/Material/PathTracingSolidGlass.ush" 2847
"../../../Engine/Shaders/Private/PathTracing/Material/PathTracingEnergyConservation.ush" 2848
"../../../Engine/Shaders/Private/PathTracing/Material/PathTracingThinGlass.ush" 2849
"../../../Engine/Shaders/Private/PathTracing/Material/PathTracingDefaultLit.ush" 2850
"../../../Engine/Shaders/Private/PathTracing/Material/PathTracingClearCoat.ush" 2851
"../../../Engine/Shaders/Private/PathTracing/Material/PathTracingTwoSidedFoliage.ush" 2852
"../../../Engine/Shaders/Private/PathTracing/Material/PathTracingCloth.ush" 2853
"../../../Engine/Shaders/Private/PathTracing/Material/PathTracingSubsurfaceProfile.ush" 2854
"../../../Engine/Shaders/Private/PathTracing/Material/PathTracingEye.ush" 2855
"../../../Engine/Shaders/Private/PathTracing/Material/PathTracingHair.ush" 2856
"../../../Engine/Shaders/Private/PathTracing/Material/PathTracingMedium.ush" 2857
"../../../Engine/Shaders/Private/PathTracing/Light/PathTracingLightSampling.ush" 2858
"../../../Engine/Shaders/Private/PathTracing/Light/PathTracingLightCommon.ush" 2859
"../../../Engine/Shaders/Private/PathTracing/Light/PathTracingDirectionalLight.ush" 2860
"../../../Engine/Shaders/Private/PathTracing/Light/PathTracingPointLight.ush" 2861
"../../../Engine/Shaders/Private/PathTracing/Light/PathTracingCapsuleLight.ush" 2862
"../../../Engine/Shaders/Private/PathTracing/Light/PathTracingRectLight.ush" 2863
"../../../Engine/Shaders/Private/PathTracing/Light/PathTracingSkyLight.ush" 2864
"../../../Engine/Shaders/Private/PathTracing/Light/PathTracingLightGrid.ush" 2865
"../../../Engine/Shaders/Private/PathTracing/PathTracing.usf" 2866
"../../../Engine/Shaders/Private/PathTracing/PathTracingCore.ush" 2867
"../../../Engine/Shaders/Private/HeterogeneousVolumes/HeterogeneousVolumesVoxelGridTypes.ush" 2868
"../../../Engine/Shaders/Private/PathTracing/Volume/PathTracingVolume.ush" 2869
"../../../Engine/Shaders/Private/PathTracing/Volume/PathTracingClouds.ush" 2870
"../../../Engine/Shaders/Private/PathTracing/Volume/PathTracingHeterogeneousVolumes.ush" 2871
"../../../Engine/Shaders/Private/HeterogeneousVolumes/HeterogeneousVolumesTracingUtils.ush" 2872
"../../../Engine/Shaders/Private/HeterogeneousVolumes/HeterogeneousVolumesVoxelGridTraversal.ush" 2873
"../../../Engine/Shaders/Private/HeterogeneousVolumes/HeterogeneousVolumesVoxelGridUtils.ush" 2874
"../../../Engine/Shaders/Private/HeterogeneousVolumes/HeterogeneousVolumesFrustumVoxelGridUtils.ush" 2875
"../../../Engine/Shaders/Private/PathTracing/PathTracingBuildLightGrid.usf" 2876
"../../../Engine/Shaders/Private/PathTracing/PathTracingSkylightMISCompensation.usf" 2877
"../../../Engine/Shaders/Private/PathTracing/PathTracingSkylightPrepare.usf" 2878
"../../../Engine/Shaders/Private/OIT/OITSorting.usf" 2879
"../../../Engine/Shaders/Private/OITCombine.usf" 2880
"../../../Engine/Shaders/Private/OITCommon.ush" 2881
"../../../Engine/Shaders/Private/Nanite/Voxel/RasterizeBricks.usf" 2882
"../../../Engine/Shaders/Private/Nanite/Voxel/Brick.ush" 2883
"../../../Engine/Shaders/Private/Nanite/Voxel/Voxel.ush" 2884
"../../../Engine/Shaders/Private/Nanite/Voxel/ScatterBricks.usf" 2885
"../../../Engine/Shaders/Private/Nanite/Voxel/TileBricks.usf" 2886
"../../../Engine/Shaders/Private/Nanite/Voxel/AutoVoxel.usf" 2887
"../../../Engine/Shaders/Private/Nanite/NaniteDebugViews.usf" 2888
"../../../Engine/Shaders/Private/Nanite/NaniteEditorCommon.ush" 2889
"../../../Engine/Shaders/Private/BinarySearch.ush" 2890
"../../../Engine/Shaders/Private/Nanite/NaniteDepthDecode.usf" 2891
"../../../Engine/Shaders/Private/HTileEncoding.ush" 2892
"../../../Engine/Shaders/Private/Nanite/NaniteVisualize.usf" 2893
"../../../Engine/Shaders/Private/Nanite/NaniteStreamOut.usf" 2894
"../../../Engine/Shaders/Private/Nanite/NaniteHierarchyTraversal.ush" 2895
"../../../Engine/Shaders/Private/Nanite/NaniteShadeBinning.usf" 2896
"../../../Engine/Shaders/Private/Nanite/NaniteShadeCommon.ush" 2897
"../../../Engine/Shaders/Private/Nanite/NaniteFastClear.usf" 2898
"../../../Engine/Shaders/Private/Nanite/NaniteRayTracing.usf" 2899
"../../../Engine/Shaders/Private/Nanite/NaniteExportGBuffer.usf" 2900
"../../../Engine/Shaders/Private/Nanite/NaniteClusterCulling.usf" 2901
"../../../Engine/Shaders/Private/Nanite/NanitePrintStats.usf" 2902
"../../../Engine/Shaders/Private/Nanite/NaniteRasterizer.usf" 2903
"../../../Engine/Shaders/Private/Nanite/NaniteRasterizationCommon.ush" 2904
"../../../Engine/Shaders/Private/Nanite/NaniteRasterizer.ush" 2905
"../../../Engine/Shaders/Private/Nanite/NaniteWritePixel.ush" 2906
"../../../Engine/Shaders/Private/Nanite/NaniteTessellation.ush" 2907
"../../../Engine/Shaders/Private/WorkDistribution.ush" 2908
"../../../Engine/Shaders/Private/Nanite/NaniteDice.ush" 2909
"../../../Engine/Shaders/Private/ShaderBundleWorkGraphCommon.ush" 2910
"../../../Engine/Shaders/Public/RootConstants.ush" 2911
"../../../Engine/Shaders/Public/Platform/D3D/D3DRootConstants.ush" 2912
"../../../Engine/Shaders/Private/Nanite/NaniteSplit.usf" 2913
"../../../Engine/Shaders/Private/Nanite/NaniteRasterBinning.usf" 2914
"../../../Engine/Shaders/Private/Nanite/NaniteInstanceCulling.usf" 2915
"../../../Engine/Shaders/Private/Nanite/NaniteImposter.ush" 2916
"../../../Engine/Shaders/Private/Nanite/NaniteInstanceHierarchyCulling.usf" 2917
"../../../Engine/Shaders/Private/WorkGroupLoadBalancer.ush" 2918
"../../../Engine/Shaders/Private/Nanite/NanitePrimitiveFilter.usf" 2919
"../../../Engine/Shaders/Private/Nanite/NaniteRasterClear.usf" 2920
"../../../Engine/Shaders/Private/Nanite/NaniteDepthExport.usf" 2921
"../../../Engine/Shaders/Private/Nanite/NaniteEmitShadow.usf" 2922
"../../../Engine/Shaders/Private/MobileDeferredUtils.usf" 2923
"../../../Engine/Shaders/Private/MobileLocalLightsBuffer.usf" 2924
"../../../Engine/Shaders/Private/MobileFog.usf" 2925
"../../../Engine/Shaders/Private/DistortApplyScreenPS.usf" 2926
"../../../Engine/Shaders/Private/MobileDeferredShading.usf" 2927
"../../../Engine/Shaders/Private/MobileBasePassPixelShader.usf" 2928
"../../../Engine/Shaders/Private/MobileBasePassCommon.ush" 2929
"../../../Engine/Shaders/Private/BasePassCommon.ush" 2930
"../../../Engine/Shaders/Private/ShadingModelsMaterial.ush" 2931
"../../../Engine/Shaders/Private/ThinTranslucentCommon.ush" 2932
"../../../Engine/Shaders/Private/SingleLayerWaterShading.ush" 2933
"../../../Engine/Shaders/Private/DistortionCommon.ush" 2934
"../../../Engine/Shaders/Private/Substrate/SubstrateMobileForwardLighting.ush" 2935
"../../../Engine/Shaders/Private/MobileBasePassVertexShader.usf" 2936
"../../../Engine/Shaders/Private/MeshEdges.usf" 2937
"../../../Engine/Shaders/Private/MegaLights/MegaLightsSampling.usf" 2938
"../../../Engine/Shaders/Shared/MegaLightsDefinitions.h" 2939
"../../../Engine/Shaders/Private/MegaLights/MegaLightsShading.ush" 2940
"../../../Engine/Shaders/Private/MegaLights/MegaLights.ush" 2941
"../../../Engine/Shaders/Private/MegaLights/MegaLightsMaterial.ush" 2942
"../../../Engine/Shaders/Private/MegaLights/MegaLightsRayTracing.ush" 2943
"../../../Engine/Shaders/Private/MegaLights/MegaLightsSampling.ush" 2944
"../../../Engine/Shaders/Private/MegaLights/MegaLightsVolumeSampling.usf" 2945
"../../../Engine/Shaders/Private/MegaLights/MegaLightsVolume.ush" 2946
"../../../Engine/Shaders/Private/MegaLights/MegaLights.usf" 2947
"../../../Engine/Shaders/Private/HairStrands/HairStrandsScreenTracing.ush" 2948
"../../../Engine/Shaders/Private/MegaLights/MegaLightsFilterVisibleLightHash.usf" 2949
"../../../Engine/Shaders/Private/MegaLights/MegaLightsShading.usf" 2950
"../../../Engine/Shaders/Private/Lumen/LumenReflectionDenoiserCommon.ush" 2951
"../../../Engine/Shaders/Private/MegaLights/MegaLightsVisibleLightHash.usf" 2952
"../../../Engine/Shaders/Private/MegaLights/MegaLightsVolumeShading.usf" 2953
"../../../Engine/Shaders/Private/MegaLights/MegaLightsVSMMarking.usf" 2954
"../../../Engine/Shaders/Private/MegaLights/MegaLightsVSMTracing.usf" 2955
"../../../Engine/Shaders/Private/MegaLights/MegaLightsRayTracing.usf" 2956
"../../../Engine/Shaders/Private/DistanceField/GlobalDistanceFieldUtils.ush" 2957
"../../../Engine/Shaders/Private/Lumen/LumenScreenTracing.ush" 2958
"../../../Engine/Shaders/Private/MegaLights/MegaLightsVolumeRayTracing.usf" 2959
"../../../Engine/Shaders/Private/MegaLights/MegaLightsVolumeHardwareRayTracing.usf" 2960
"../../../Engine/Shaders/Private/Lumen/LumenHardwareRayTracingCommon.ush" 2961
"../../../Engine/Shaders/Private/RayTracing/RayTracingReflectionEnvironment.ush" 2962
"../../../Engine/Shaders/Private/Lumen/LumenHardwareRayTracingPlatformCommon.ush" 2963
"../../../Engine/Shaders/Private/Lumen/LumenTracingCommon.ush" 2964
"../../../Engine/Shaders/Private/Lumen/SurfaceCache/LumenSurfaceCacheSampling.ush" 2965
"../../../Engine/Shaders/Private/Lumen/SurfaceCache/LumenSurfaceCache.ush" 2966
"../../../Engine/Shaders/Private/Lumen/LumenCardCommon.ush" 2967
"../../../Engine/Shaders/Private/Lumen/LumenCardTileShadowDownsampleFactor.ush" 2968
"../../../Engine/Shaders/Private/MegaLights/MegaLightsHardwareRayTracing.usf" 2969
"../../../Engine/Shaders/Private/MegaLights/MegaLightsDebug.usf" 2970
"../../../Engine/Shaders/Private/MegaLights/MegaLightsDenoiserSpatial.usf" 2971
"../../../Engine/Shaders/Private/MegaLights/MegaLightsDenoiserTemporal.usf" 2972
"../../../Engine/Shaders/Private/MaterialCache/MaterialCacheABufferPages.usf" 2973
"../../../Engine/Shaders/Private/MaterialCache/MaterialCacheShade.usf" 2974
"../../../Engine/Shaders/Private/MaterialCache/MaterialCacheShadeCommon.ush" 2975
"../../../Engine/Shaders/Private/MaterialCache/MaterialCacheUnwrapNaniteShade.usf" 2976
"../../../Engine/Shaders/Private/MaterialCache/MaterialCacheUnwrapPixelShader.usf" 2977
"../../../Engine/Shaders/Private/MaterialCache/MaterialCacheUnwrapVertexShader.usf" 2978
"../../../Engine/Shaders/Private/Lumen/LumenVisualizeRadianceCache.usf" 2979
"../../../Engine/Shaders/Private/Lumen/LumenRadianceCacheCommon.ush" 2980
"../../../Engine/Shaders/Private/Lumen/LumenVisualizeHardwareRayTracing.usf" 2981
"../../../Engine/Shaders/Private/Lumen/LumenVisualize.ush" 2982
"../../../Engine/Shaders/Private/Lumen/LumenHairTracing.ush" 2983
"../../../Engine/Shaders/Private/Lumen/LumenVisualize.usf" 2984
"../../../Engine/Shaders/Private/Lumen/LumenSoftwareRayTracing.ush" 2985
"../../../Engine/Shaders/Private/DistanceField/GlobalDistanceFieldObjectGrid.ush" 2986
"../../../Engine/Shaders/Private/DistanceFieldLightingShared.ush" 2987
"../../../Engine/Shaders/Private/Lumen/LumenVisualizeTraces.ush" 2988
"../../../Engine/Shaders/Private/Lumen/LumenTranslucencyVolumeLighting.usf" 2989
"../../../Engine/Shaders/Private/Lumen/LumenRadianceCacheMarkCommon.ush" 2990
"../../../Engine/Shaders/Private/Lumen/LumenTranslucencyVolumeLightingShared.ush" 2991
"../../../Engine/Shaders/Private/Lumen/LumenScreenProbeCommon.ush" 2992
"../../../Engine/Shaders/Private/RayTracing/RayGenUtils.ush" 2993
"../../../Engine/Shaders/Private/Lumen/LumenRadianceCacheTracingCommon.ush" 2994
"../../../Engine/Shaders/Private/Lumen/LumenTranslucencyVolumeHardwareRayTracing.usf" 2995
"../../../Engine/Shaders/Private/Lumen/LumenTranslucencyRadianceCacheMarkShaders.usf" 2996
"../../../Engine/Shaders/Private/Lumen/SurfaceCache/LumenSurfaceCache.usf" 2997
"../../../Engine/Shaders/Private/Lumen/LumenVirtualTextureCommon.ush" 2998
"../../../Engine/Shaders/Private/Lumen/LumenShortRangeAOHardwareRayTracing.usf" 2999
"../../../Engine/Shaders/Private/Lumen/LumenScreenSpaceBentNormal.ush" 3000
"../../../Engine/Shaders/Private/Lumen/LumenScreenSpaceBentNormal.usf" 3001
"../../../Engine/Shaders/Private/Lumen/LumenScreenProbeTracing.usf" 3002
"../../../Engine/Shaders/Private/Lumen/LumenScreenProbeTracingCommon.ush" 3003
"../../../Engine/Shaders/Private/Lumen/LumenFloatQuantization.ush" 3004
"../../../Engine/Shaders/Private/Lumen/LumenScreenProbeImportanceSampling.usf" 3005
"../../../Engine/Shaders/Private/Lumen/LumenScreenProbeImportanceSamplingShared.ush" 3006
"../../../Engine/Shaders/Private/Lumen/LumenScreenProbeHardwareRayTracing.usf" 3007
"../../../Engine/Shaders/Private/Lumen/LumenScreenProbeDebug.usf" 3008
"../../../Engine/Shaders/Private/Lumen/LumenScreenProbeGather.usf" 3009
"../../../Engine/Shaders/Private/Lumen/LumenScreenProbeGatherTemporal.usf" 3010
"../../../Engine/Shaders/Private/Lumen/LumenScreenProbeFiltering.usf" 3011
"../../../Engine/Shaders/Private/Lumen/LumenSceneLighting.usf" 3012
"../../../Engine/Shaders/Private/Lumen/LumenCardTile.ush" 3013
"../../../Engine/Shaders/Private/Lumen/LumenSceneLighting.ush" 3014
"../../../Engine/Shaders/Private/Lumen/Radiosity/LumenRadiosity.ush" 3015
"../../../Engine/Shaders/Private/Lumen/LumenSceneLightingDebug.usf" 3016
"../../../Engine/Shaders/Private/Lumen/LumenScene.usf" 3017
"../../../Engine/Shaders/Private/Lumen/LumenSceneDirectLightingHardwareRayTracing.usf" 3018
"../../../Engine/Shaders/Private/Lumen/LumenSceneDirectLightingStochastic.ush" 3019
"../../../Engine/Shaders/Private/Lumen/LumenSceneDirectLighting.ush" 3020
"../../../Engine/Shaders/Private/Lumen/LumenSceneDebugHardwareRayTracing.usf" 3021
"../../../Engine/Shaders/Private/Lumen/LumenSceneDirectLightingStochastic.usf" 3022
"../../../Engine/Shaders/Private/Lumen/LumenSceneDirectLightingSoftwareRayTracing.usf" 3023
"../../../Engine/Shaders/Private/DistanceFieldShadowingShared.ush" 3024
"../../../Engine/Shaders/Private/Lumen/LumenSceneDirectLightingPerLightShadowCommon.ush" 3025
"../../../Engine/Shaders/Private/Lumen/LumenSceneDirectLightingShadowMask.usf" 3026
"../../../Engine/Shaders/Private/Lumen/LumenSceneDirectLighting.usf" 3027
"../../../Engine/Shaders/Private/Lumen/LumenSceneDirectLightingCulling.usf" 3028
"../../../Engine/Shaders/Private/Lumen/LumenCardComputeShader.usf" 3029
"../../../Engine/Shaders/Private/Lumen/LumenCardBasePass.ush" 3030
"../../../Engine/Shaders/Private/Lumen/LumenCardPixelShader.usf" 3031
"../../../Engine/Shaders/Private/Lumen/LumenCardVertexShader.usf" 3032
"../../../Engine/Shaders/Private/Lumen/LumenReSTIRGather.usf" 3033
"../../../Engine/Shaders/Private/Lumen/LumenReflectionTracing.usf" 3034
"../../../Engine/Shaders/Private/Lumen/LumenReflectionDenoiserSpatial.usf" 3035
"../../../Engine/Shaders/Private/Lumen/LumenReflectionDenoiserClear.usf" 3036
"../../../Engine/Shaders/Private/Lumen/LumenReflectionDenoiserTemporal.usf" 3037
"../../../Engine/Shaders/Private/Lumen/LumenReflectionResolve.usf" 3038
"../../../Engine/Shaders/Private/Lumen/LumenReflections.usf" 3039
"../../../Engine/Shaders/Private/Lumen/RayTracedTranslucency.usf" 3040
"../../../Engine/Shaders/Private/Lumen/LumenReflectionHardwareRayTracing.usf" 3041
"../../../Engine/Shaders/Private/Lumen/Radiosity/LumenVisualizeRadiosityProbes.usf" 3042
"../../../Engine/Shaders/Private/Lumen/Radiosity/LumenRadiosity.usf" 3043
"../../../Engine/Shaders/Private/Lumen/Radiosity/LumenRadiosityHardwareRayTracing.usf" 3044
"../../../Engine/Shaders/Private/Lumen/Radiosity/LumenRadiosityCulling.usf" 3045
"../../../Engine/Shaders/Private/Lumen/LumenRadianceCacheHardwareRayTracing.usf" 3046
"../../../Engine/Shaders/Private/Lumen/LumenRadianceCache.usf" 3047
"../../../Engine/Shaders/Private/Lumen/LumenRadianceCacheUpdate.ush" 3048
"../../../Engine/Shaders/Private/Lumen/LumenRadianceCacheDebug.usf" 3049
"../../../Engine/Shaders/Private/Lumen/LumenRadianceCacheUpdate.usf" 3050
"../../../Engine/Shaders/Private/Lumen/LumenMeshSDFCulling.usf" 3051
"../../../Engine/Shaders/Private/HybridIndirectLighting.ush" 3052
"../../../Engine/Shaders/Private/MeshDistanceFieldCommon.ush" 3053
"../../../Engine/Shaders/Private/Lumen/LumenIrradianceFieldGather.usf" 3054
"../../../Engine/Shaders/Private/Lumen/LumenHardwareRayTracingMaterials.usf" 3055
"../../../Engine/Shaders/Private/Lumen/LumenFrontLayerTranslucency.usf" 3056
"../../../Engine/Shaders/Private/LocalFogVolumes/LocalFogVolumeSplat.usf" 3057
"../../../Engine/Shaders/Private/LocalFogVolumes/LocalFogVolumeTiledCulling.usf" 3058
"../../../Engine/Shaders/Private/LightShaftShader.usf" 3059
"../../../Engine/Shaders/Private/StationaryLightOverlapShaders.usf" 3060
"../../../Engine/Shaders/Private/DeferredLightPixelShaders.usf" 3061
"../../../Engine/Shaders/Private/DeferredLightVertexShaders.usf" 3062
"../../../Engine/Shaders/Private/LightMapDensityShader.usf" 3063
"../../../Engine/Shaders/Private/LightGridInjection.usf" 3064
"../../../Engine/Shaders/Shared/LightGridDefinitions.h" 3065
"../../../Engine/Shaders/Private/LightFunctionPixelShader.usf" 3066
"../../../Engine/Shaders/Private/LightFunctionVertexShader.usf" 3067
"../../../Engine/Shaders/Private/LightFunctionAtlas/LightFunctionAtlasRender.usf" 3068
"../../../Engine/Shaders/Private/InstanceCulling/InstanceCullingOcclusionQuery.usf" 3069
"../../../Engine/Shaders/Private/InstanceCulling/InstanceCullingSetup.ush" 3070
"../../../Engine/Shaders/Private/InstanceCulling/BuildInstanceDrawCommands.usf" 3071
"../../../Engine/Shaders/Private/InstanceCulling/InstanceCompactionCommon.ush" 3072
"../../../Engine/Shaders/Private/SceneDataMobileWriter.ush" 3073
"../../../Engine/Shaders/Private/InstanceCulling/CompactVisibleInstances.usf" 3074
"../../../Engine/Shaders/Private/ReflectionEnvironmentPixelShader.usf" 3075
"../../../Engine/Shaders/Private/AmbientCubemapComposite.usf" 3076
"../../../Engine/Shaders/Private/DiffuseIndirectComposite.usf" 3077
"../../../Engine/Shaders/Private/IESAtlas.usf" 3078
"../../../Engine/Shaders/Private/HeterogeneousVolumes/HeterogeneousVolumesVisualizeCascades.usf" 3079
"../../../Engine/Shaders/Private/HeterogeneousVolumes/HeterogeneousVolumesVoxelGridShadows.usf" 3080
"../../../Engine/Shaders/Private/HeterogeneousVolumes/HeterogeneousVolumesStochasticFiltering.ush" 3081
"../../../Engine/Shaders/Private/HeterogeneousVolumes/HeterogeneousVolumesVoxelGridRenderingUtils.ush" 3082
"../../../Engine/Shaders/Private/HeterogeneousVolumes/HeterogeneousVolumesLightingUtils.ush" 3083
"../../../Engine/Shaders/Private/HeterogeneousVolumes/HeterogeneousVolumesRayMarchingUtils.ush" 3084
"../../../Engine/Shaders/Private/HeterogeneousVolumes/HeterogeneousVolumesRayMarchingTypes.ush" 3085
"../../../Engine/Shaders/Private/HeterogeneousVolumes/HeterogeneousVolumesTransmittanceVolumeUtils.ush" 3086
"../../../Engine/Shaders/Private/HeterogeneousVolumes/HeterogeneousVolumesAdaptiveVolumetricShadowMapSampler.ush" 3087
"../../../Engine/Shaders/Private/HeterogeneousVolumes/HeterogeneousVolumesVoxelGridRendering.usf" 3088
"../../../Engine/Shaders/Private/HeterogeneousVolumes/HeterogeneousVolumesVoxelGridPipeline.usf" 3089
"../../../Engine/Shaders/Private/HeterogeneousVolumes/HeterogeneousVolumesMaterialBakingPipeline.usf" 3090
"../../../Engine/Shaders/Private/HeterogeneousVolumes/HeterogeneousVolumesLiveShadingUtils.ush" 3091
"../../../Engine/Shaders/Private/HeterogeneousVolumes/HeterogeneousVolumesFrustumVoxelGrid.usf" 3092
"../../../Engine/Shaders/Private/HeterogeneousVolumes/HeterogeneousVolumesSparseVoxelPipeline.usf" 3093
"../../../Engine/Shaders/Private/HeterogeneousVolumes/HeterogeneousVolumesSparseVoxelUtils.ush" 3094
"../../../Engine/Shaders/Private/HeterogeneousVolumes/HeterogeneousVolumesSparseVoxelUniformBufferUtils.ush" 3095
"../../../Engine/Shaders/Private/HeterogeneousVolumes/HeterogeneousVolumesPreshadingPipeline.usf" 3096
"../../../Engine/Shaders/Private/HeterogeneousVolumes/HeterogeneousVolumesShadowMask.usf" 3097
"../../../Engine/Shaders/Private/HeterogeneousVolumes/HeterogeneousVolumesLiveShadingShadows.usf" 3098
"../../../Engine/Shaders/Private/HeterogeneousVolumes/HeterogeneousVolumesLiveShadingGlobalPipeline.usf" 3099
"../../../Engine/Shaders/Private/HeterogeneousVolumes/HeterogeneousVolumesLiveShadingPipeline.usf" 3100
"../../../Engine/Shaders/Private/HeterogeneousVolumes/HeterogeneousVolumesHardwareRayTracing.usf" 3101
"../../../Engine/Shaders/Private/HeterogeneousVolumes/HeterogeneousVolumesAmbientOcclusionPipeline.usf" 3102
"../../../Engine/Shaders/Private/HeterogeneousVolumes/HeterogeneousVolumesComposite.usf" 3103
"../../../Engine/Shaders/Private/HdrCustomResolveShaders.usf" 3104
"../../../Engine/Shaders/Private/HairStrands/RenderCurveRaster.usf" 3105
"../../../Engine/Shaders/Shared/RenderCurveDefinitions.h" 3106
"../../../Engine/Shaders/Private/HairStrands/HairStrandsVoxelRasterCompute.usf" 3107
"../../../Engine/Shaders/Private/HairStrands/HairStrandsHitProxy.usf" 3108
"../../../Engine/Shaders/Private/HairStrands/HairStrandsVisibilityRasterComputeNaive.usf" 3109
"../../../Engine/Shaders/Private/HairStrands/HairStrandsVisibilityRasterHW.usf" 3110
"../../../Engine/Shaders/Private/HairStrands/HairStrandsVisibilityRasterCompute.usf" 3111
"../../../Engine/Shaders/Private/HairStrands/HairStrandsVisibilityRasterClassification.usf" 3112
"../../../Engine/Shaders/Private/HairStrands/HairStrandsCoverage.usf" 3113
"../../../Engine/Shaders/Private/HairStrands/HairStrandsVisibilityDepthPS.usf" 3114
"../../../Engine/Shaders/Private/HairStrands/HairStrandsVisibilityTransmittanceDepthPS.usf" 3115
"../../../Engine/Shaders/Private/HairStrands/HairStrandsVisibilityFillOpaqueDepthPS.usf" 3116
"../../../Engine/Shaders/Private/HairStrands/HairStrandsVisibilityCompactionComputeRaster.usf" 3117
"../../../Engine/Shaders/Private/HairStrands/HairStrandsVisibilityCompaction.usf" 3118
"../../../Engine/Shaders/Private/HairStrands/HairStrandsVisibilityCopyIndirectArg.usf" 3119
"../../../Engine/Shaders/Private/HairStrands/HairStrandsVisibilityClearPS.usf" 3120
"../../../Engine/Shaders/Private/HairStrands/HairStrandsVisibilityPS.usf" 3121
"../../../Engine/Shaders/Private/HairStrands/HairStrandsVisibilityVS.usf" 3122
"../../../Engine/Shaders/Private/HairStrands/HairStrandsVelocity.usf" 3123
"../../../Engine/Shaders/Private/HairStrands/HairStrandsVisibilityComputeSampleCoverage.usf" 3124
"../../../Engine/Shaders/Private/HairStrands/HairStrandsMaterialPS.usf" 3125
"../../../Engine/Shaders/Private/HairStrands/HairStrandsMaterialCommon.ush" 3126
"../../../Engine/Shaders/Private/HairStrands/HairStrandsMaterialVS.usf" 3127
"../../../Engine/Shaders/Private/HairStrands/HairStrandsLightSample.usf" 3128
"../../../Engine/Shaders/Private/HairStrands/HairStrandsDeepShadowMask.usf" 3129
"../../../Engine/Shaders/Private/HairStrands/HairStrandsDeepTransmittanceMask.usf" 3130
"../../../Engine/Shaders/Private/HairStrands/HairStrandsVisibilityTile.usf" 3131
"../../../Engine/Shaders/Private/HairStrands/HairStrandsDeepShadowPS.usf" 3132
"../../../Engine/Shaders/Private/HairStrands/HairStrandsDeepShadowVS.usf" 3133
"../../../Engine/Shaders/Private/HairStrands/HairStrandsAABB.usf" 3134
"../../../Engine/Shaders/Private/HairStrands/HairStrandsLUT.usf" 3135
"../../../Engine/Shaders/Private/HairStrands/HairStrandsForwardRaster.usf" 3136
"../../../Engine/Shaders/Private/HairStrands/HairStrandsForwardCulling.usf" 3137
"../../../Engine/Shaders/Private/HairStrands/HairStrandsEnvironmentLighting.usf" 3138
"../../../Engine/Shaders/Private/HairStrands/HairStrandsEnvironmentAO.usf" 3139
"../../../Engine/Shaders/Private/HairStrands/HairStrandsDeepShadowAllocation.usf" 3140
"../../../Engine/Shaders/Private/HairStrands/HairStrandsVoxelDebug.usf" 3141
"../../../Engine/Shaders/Private/HairStrands/HairStrandsComposition.usf" 3142
"../../../Engine/Shaders/Private/HairStrands/HairStrandsGBufferCommon.ush" 3143
"../../../Engine/Shaders/Private/GPUScene/GPUSceneDataManagement.usf" 3144
"../../../Engine/Shaders/Private/GPUSceneDebugRender.usf" 3145
"../../../Engine/Shaders/Private/GPUFeedbackCompaction.usf" 3146
"../../../Engine/Shaders/Private/GPUFastFourierTransform.usf" 3147
"../../../Engine/Shaders/Private/GPUFastFourierTransform2DCore.ush" 3148
"../../../Engine/Shaders/Private/GPUFastFourierTransformCore.ush" 3149
"../../../Engine/Shaders/Private/GPUBenchmark.usf" 3150
"../../../Engine/Shaders/Private/DistanceField/GlobalDistanceFieldDebug.usf" 3151
"../../../Engine/Shaders/Private/DistanceField/GlobalDistanceFieldUpdate.ush" 3152
"../../../Engine/Shaders/Private/DistanceField/GlobalDistanceFieldMip.usf" 3153
"../../../Engine/Shaders/Private/DistanceField/GlobalDistanceField.usf" 3154
"../../../Engine/Shaders/Private/DistanceField/GlobalDistanceFieldCompositeObjects.usf" 3155
"../../../Engine/Shaders/Private/DistanceField/GlobalDistanceFieldHeightfields.usf" 3156
"../../../Engine/Shaders/Private/HeightfieldLightingShared.ush" 3157
"../../../Engine/Shaders/Private/GenerateConservativeDepth.usf" 3158
"../../../Engine/Shaders/Private/HeightFogPixelShader.usf" 3159
"../../../Engine/Shaders/Private/HeightFogVertexShader.usf" 3160
"../../../Engine/Shaders/Private/DistortFiltering.usf" 3161
"../../../Engine/Shaders/Private/DistortAccumulatePS.usf" 3162
"../../../Engine/Shaders/Private/DistortAccumulateVS.usf" 3163
"../../../Engine/Shaders/Private/DistanceFieldVisualization.usf" 3164
"../../../Engine/Shaders/Private/DistanceFieldStreaming.usf" 3165
"../../../Engine/Shaders/Private/DistanceFieldShadowing.usf" 3166
"../../../Engine/Shaders/Private/DistanceFieldScreenGridLighting.usf" 3167
"../../../Engine/Shaders/Private/DistanceFieldObjectCulling.usf" 3168
"../../../Engine/Shaders/Private/DistanceFieldLightingPost.usf" 3169
"../../../Engine/Shaders/Private/DitheredTransitionStencil.usf" 3170
"../../../Engine/Shaders/Private/CopyDepthTexture.usf" 3171
"../../../Engine/Shaders/Private/CopyDepthTextureCS.usf" 3172
"../../../Engine/Shaders/Private/DeferredDecal.usf" 3173
"../../../Engine/Shaders/Private/DecalCommon.ush" 3174
"../../../Engine/Shaders/Private/DebugViewModeVertexShader.usf" 3175
"../../../Engine/Shaders/Private/DebugViewModeCommon.ush" 3176
"../../../Engine/Shaders/Private/DebugViewModePixelShader.usf" 3177
"../../../Engine/Shaders/Private/DebugProbes.usf" 3178
"../../../Engine/Shaders/Private/MeshDecals.usf" 3179
"../../../Engine/Shaders/Private/PostProcessAmbientOcclusion.usf" 3180
"../../../Engine/Shaders/Private/ClusteredDeferredShadingPixelShader.usf" 3181
"../../../Engine/Shaders/Private/ClusteredDeferredShadingVertexShader.usf" 3182
"../../../Engine/Shaders/Private/CapsuleShadowShaders.usf" 3183
"../../../Engine/Shaders/Private/BasePassPixelShader.usf" 3184
"../../../Engine/Shaders/Private/ForwardLightingCommon.ush" 3185
"../../../Engine/Shaders/Private/Substrate/SubstrateForwardLighting.ush" 3186
"../../../Engine/Shaders/Private/ComputeShaderOutputCommon.ush" 3187
"../../../Engine/Shaders/Private/BasePassVertexShader.usf" 3188
"../../../Engine/Shaders/Private/BasePassVertexCommon.ush" 3189
"../../../Engine/Shaders/Private/SimpleElementVolumeTexturePreviewPixelShader.usf" 3190
"../../../Engine/Shaders/Private/SimpleElementTexture2DPreviewPixelShader.usf" 3191
"../../../Engine/Shaders/Private/meshpaintdilatepixelshader.usf" 3192
"../../../Engine/Shaders/Private/meshpaintdilatevertexshader.usf" 3193
"../../../Engine/Shaders/Private/MeshPaintPixelShader.usf" 3194
"../../../Engine/Shaders/Private/MeshPaintVertexShader.usf" 3195
"../../../Engine/Shaders/Private/SlateElementPixelShader.usf" 3196
"../../../Engine/Shaders/Private/SlateShaderCommon.ush" 3197
"../../../Engine/Shaders/Private/SlateMaskingShader.usf" 3198
"../../../Engine/Shaders/Private/SlateVertexShader.usf" 3199
"../../../Engine/Shaders/Private/CompositeUIPixelShader.usf" 3200
"../../../Engine/Shaders/Private/ColorDeficiency.ush" 3201
"../../../Engine/Shaders/Private/SlatePostProcessColorDeficiencyPixelShader.usf" 3202
"../../../Engine/Shaders/Private/SlatePostProcessPixelShader.usf" 3203
"../../../Engine/Shaders/Private/Tools/VisualizeTexture.usf" 3204
"../../../Engine/Shaders/Private/UpdateDescriptorHandle.usf" 3205
"../../../Engine/Shaders/Private/ByteBuffer.usf" 3206
"../../../Engine/Shaders/Private/ShaderBundleWorkGraphDispatch.usf" 3207
"../../../Engine/Shaders/Private/ShaderBundleDispatch.usf" 3208
"../../../Engine/Shaders/Private/ResolveVertexShader.usf" 3209
"../../../Engine/Shaders/Private/ResolvePixelShader.usf" 3210
"../../../Engine/Shaders/Private/Tools/SetupIndirectArgs.usf" 3211
"../../../Engine/Shaders/Private/ClearReplacementShaders.usf" 3212
"../../../Engine/Shaders/Private/Tools/DrawTexture.usf" 3213
"../../../Engine/Shaders/Private/RayTracing/RayTracingValidation.usf" 3214
"../../../Engine/Shaders/Private/RenderGraphUtilities.usf" 3215
"../../../Engine/Shaders/Private/OneColorShader.usf" 3216
"../../../Engine/Shaders/Private/OculusShaders.usf" 3217
"../../../Engine/Shaders/Private/MediaShaders.usf" 3218
"../../../Engine/Shaders/Private/GPUMessaging.usf" 3219
"../../../Engine/Shaders/Private/Tools/GPUDebugCrashUtils.usf" 3220
"../../../Engine/Shaders/Private/NullPixelShader.usf" 3221
"../../../Engine/Shaders/Private/ComputeGenerateMips.usf" 3222
"../../../Engine/Shaders/Private/Tools/DumpTexture.usf" 3223
"../../../Engine/Shaders/Private/CopyTextureShaders.usf" 3224
"../../../Engine/Shaders/Private/Tools/FullscreenVertexShader.usf" 3225
"../../../Engine/Shaders/Private/RayTracing/RayTracingDispatchDesc.usf" 3226
"../../../Engine/Shaders/Private/Bink.usf" 3227
"../../../Engine/Shaders/Private/DepthOnlyPixelShader.usf" 3228
"../../../Engine/Shaders/Private/PositionOnlyDepthVertexShader.usf" 3229
"../../../Engine/Shaders/Private/DepthOnlyVertexShader.usf" 3230
"../../../Engine/Shaders/Private/AnisotropyPassShader.usf" 3231
"C:/Users/Tsuki/Downloads/CatBurglar_david/CatBurglar/Content/DavidFolder/Assets/Blueprints/BP_NewAbility.uasset" 3232
"/Engine/EngineResources/WhiteSquareTexture" 3233
"../../../Engine/Content/EngineResources/WhiteSquareTexture.uasset" 3234
"/Engine/EngineResources/GradientTexture0" 3235
"../../../Engine/Content/EngineResources/GradientTexture0.uasset" 3236
"/Engine/EngineResources/Black" 3237
"../../../Engine/Content/EngineResources/Black.uasset" 3238
"/Engine/EditorResources/S_Actor" 3239
"../../../Engine/Content/EditorResources/S_Actor.uasset" 3240
"/Engine/EngineFonts/RobotoDistanceField" 3241
"../../../Engine/Content/EngineFonts/RobotoDistanceField.uasset" 3242
"/Engine/EngineMaterials/DefaultTextMaterialOpaque" 3243
"../../../Engine/Content/EngineMaterials/DefaultTextMaterialOpaque.uasset" 3244
"/Engine/Functions/Engine_MaterialFunctions01/Shading/PowerToRoughness" 3245
"../../../Engine/Content/Functions/Engine_MaterialFunctions01/Shading/PowerToRoughness.uasset" 3246
"/Engine/Functions/Engine_MaterialFunctions01/Shading/ConvertFromDiffSpec" 3247
"../../../Engine/Content/Functions/Engine_MaterialFunctions01/Shading/ConvertFromDiffSpec.uasset" 3248
"/Engine/EngineMaterials/WorldGridMaterial" 3249
"../../../Engine/Content/EngineMaterials/WorldGridMaterial.uasset" 3250
"../../../Engine/Content/Functions/Engine_MaterialFunctions01/Opacity/CameraDepthFade.uasset" 3251
"../../../Engine/Content/EngineMaterials/T_Default_Material_Grid_M.uasset" 3252
"../../../Engine/Content/EngineMaterials/T_Default_Material_Grid_N.uasset" 3253
"/Engine/EngineMaterials/DefaultDeferredDecalMaterial" 3254
"../../../Engine/Content/EngineMaterials/DefaultDeferredDecalMaterial.uasset" 3255
"../../../Engine/Content/EngineMaterials/DefaultDiffuse.uasset" 3256
"/Engine/EngineMaterials/DefaultLightFunctionMaterial" 3257
"../../../Engine/Content/EngineMaterials/DefaultLightFunctionMaterial.uasset" 3258
"/Engine/EngineMaterials/DefaultPostProcessMaterial" 3259
"../../../Engine/Content/EngineMaterials/DefaultPostProcessMaterial.uasset" 3260
"../../../Engine/Content/Functions/Engine_MaterialFunctions02/Utility/BreakOutFloat2Components.uasset" 3261
"/Engine/EditorResources/S_Trigger" 3262
"../../../Engine/Content/EditorResources/S_Trigger.uasset" 3263
"/Engine/EditorResources/S_BoxReflectionCapture" 3264
"../../../Engine/Content/EditorResources/S_BoxReflectionCapture.uasset" 3265
"/Engine/EngineResources/DefaultTexture" 3266
"../../../Engine/Content/EngineResources/DefaultTexture.uasset" 3267
"/Engine/EditorResources/S_TriggerBox" 3268
"../../../Engine/Content/EditorResources/S_TriggerBox.uasset" 3269
"/Engine/EditorResources/S_TriggerCapsule" 3270
"../../../Engine/Content/EditorResources/S_TriggerCapsule.uasset" 3271
"/Engine/EditorResources/S_TriggerSphere" 3272
"../../../Engine/Content/EditorResources/S_TriggerSphere.uasset" 3273
"/Engine/EngineMeshes/Sphere" 3274
"../../../Engine/Content/EngineMeshes/Sphere.uasset" 3275
"/Engine/EngineDamageTypes/DmgTypeBP_Environmental" 3276
"../../../Engine/Content/EngineDamageTypes/DmgTypeBP_Environmental.uasset" 3277
"/Engine/EngineResources/DefaultTextureCube" 3278
"../../../Engine/Content/EngineResources/DefaultTextureCube.uasset" 3279
"/Engine/EngineResources/DefaultVolumeTexture" 3280
"../../../Engine/Content/EngineResources/DefaultVolumeTexture.uasset" 3281
"../../../Engine/Content/EngineResources/DefaultVolumeTexture2D.uasset" 3282
"/Engine/EditorResources/S_Solver" 3283
"../../../Engine/Content/EditorResources/S_Solver.uasset" 3284
"/Engine/EngineDebugMaterials/VolumeToRender" 3285
"../../../Engine/Content/EngineDebugMaterials/VolumeToRender.uasset" 3286
"/Engine/EngineDebugMaterials/M_VolumeRenderSphereTracePP" 3287
"../../../Engine/Content/EngineDebugMaterials/M_VolumeRenderSphereTracePP.uasset" 3288
"../../../Engine/Content/Functions/Engine_MaterialFunctions02/Utility/CameraDirectionVector.uasset" 3289
"/Engine/EditorMeshes/Camera/SM_CraneRig_Base" 3290
"../../../Engine/Content/EditorMeshes/Camera/SM_CraneRig_Base.uasset" 3291
"../../../Engine/Content/EditorMaterials/Camera/MI_CineMat_Rig.uasset" 3292
"../../../Engine/Content/EditorMaterials/Camera/CineMat.uasset" 3293
"/Engine/EditorMeshes/Camera/SM_CraneRig_Arm" 3294
"../../../Engine/Content/EditorMeshes/Camera/SM_CraneRig_Arm.uasset" 3295
"/Engine/EditorMeshes/Camera/SM_CraneRig_Mount" 3296
"../../../Engine/Content/EditorMeshes/Camera/SM_CraneRig_Mount.uasset" 3297
"/Engine/EditorMeshes/Camera/SM_CraneRig_Body" 3298
"../../../Engine/Content/EditorMeshes/Camera/SM_CraneRig_Body.uasset" 3299
"/Engine/EditorMeshes/Camera/SM_RailRig_Track" 3300
"../../../Engine/Content/EditorMeshes/Camera/SM_RailRig_Track.uasset" 3301
"/Engine/EditorMeshes/Camera/SM_RailRig_Mount" 3302
"../../../Engine/Content/EditorMeshes/Camera/SM_RailRig_Mount.uasset" 3303
"/Engine/EditorLandscapeResources/SplineEditorMesh" 3304
"../../../Engine/Content/EditorLandscapeResources/SplineEditorMesh.uasset" 3305
"../../../Engine/Content/EditorLandscapeResources/SplineEditorMeshMat.uasset" 3306
"/HairStrands/Materials/HairDebugMaterial" 3307
"../../Plugins/Runtime/HairStrands/Content/Materials/HairDebugMaterial.uasset" 3308
"../../../Engine/Content/Functions/Engine_MaterialFunctions02/Utility/MakeFloat2.uasset" 3309
"../../../Engine/Content/Functions/Engine_MaterialFunctions02/Utility/MakeFloat3.uasset" 3310
"../../../Engine/Content/EngineMaterials/HairColorMap.uasset" 3311
"../../../Engine/Content/EngineMaterials/HairDebugColor.uasset" 3312
"../../Plugins/Runtime/HairStrands/Content/Materials/HairGroupColors.uasset" 3313
"/HairStrands/Materials/HairDefaultMaterial" 3314
"../../Plugins/Runtime/HairStrands/Content/Materials/HairDefaultMaterial.uasset" 3315
"/HairStrands/Materials/HairCardsDefaultMaterial" 3316
"../../Plugins/Runtime/HairStrands/Content/Materials/HairCardsDefaultMaterial.uasset" 3317
"/HairStrands/Materials/HairMeshesDefaultMaterial" 3318
"../../Plugins/Runtime/HairStrands/Content/Materials/HairMeshesDefaultMaterial.uasset" 3319
"/Engine/EngineMaterials/Widget3DPassThrough_Translucent" 3320
"../../../Engine/Content/EngineMaterials/Widget3DPassThrough_Translucent.uasset" 3321
"../../../Engine/Content/EngineMaterials/Widget3DPassThrough.uasset" 3322
"/Engine/EngineMaterials/Widget3DPassThrough_Translucent_OneSided" 3323
"../../../Engine/Content/EngineMaterials/Widget3DPassThrough_Translucent_OneSided.uasset" 3324
"/Engine/EngineMaterials/Widget3DPassThrough_Opaque" 3325
"../../../Engine/Content/EngineMaterials/Widget3DPassThrough_Opaque.uasset" 3326
"/Engine/EngineMaterials/Widget3DPassThrough_Opaque_OneSided" 3327
"../../../Engine/Content/EngineMaterials/Widget3DPassThrough_Opaque_OneSided.uasset" 3328
"/Engine/EngineMaterials/Widget3DPassThrough_Masked" 3329
"../../../Engine/Content/EngineMaterials/Widget3DPassThrough_Masked.uasset" 3330
"/Engine/EngineMaterials/Widget3DPassThrough_Masked_OneSided" 3331
"../../../Engine/Content/EngineMaterials/Widget3DPassThrough_Masked_OneSided.uasset" 3332
"/Engine/VREditor/ViewportInteractionAssetContainerData" 3333
"../../../Engine/Content/VREditor/ViewportInteractionAssetContainerData.uasset" 3334
"../../../Engine/Content/VREditor/SnapGrid/SnapGridMaterial.uasset" 3335
"../../../Engine/Content/VREditor/TransformGizmo/TransformGizmoMaterial_Inst.uasset" 3336
"../../../Engine/Content/VREditor/TransformGizmo/TranslucentTransformGizmoMaterial_Inst.uasset" 3337
"../../../Engine/Content/VREditor/SnapGrid/SnapGridPlaneMesh.uasset" 3338
"../../../Engine/Content/VREditor/Sounds/UI/Drop_Item_From_ContentBrowser.uasset" 3339
"../../../Engine/Content/VREditor/Sounds/UI/Gizmo_Handle_Clicked.uasset" 3340
"../../../Engine/Content/VREditor/Sounds/UI/Object_PickUp.uasset" 3341
"../../../Engine/Content/VREditor/Sounds/UI/Object_Snaps_To_Another_Actor.uasset" 3342
"../../../Engine/Content/VREditor/Sounds/UI/Object_Snaps_To_Grid.uasset" 3343
"../../../Engine/Content/VREditor/Sounds/UI/Scaling_Down.uasset" 3344
"../../../Engine/Content/VREditor/Sounds/UI/Scaling_Up.uasset" 3345
"../../../Engine/Content/VREditor/Sounds/UI/Selection_Changes.uasset" 3346
"../../../Engine/Content/VREditor/TransformGizmo/PlaneTranslationHandle.uasset" 3347
"../../../Engine/Content/VREditor/TransformGizmo/RotationHandleFull.uasset" 3348
"../../../Engine/Content/VREditor/TransformGizmo/RotationHandleIndicator.uasset" 3349
"../../../Engine/Content/VREditor/TransformGizmo/RotationHandleQuarter.uasset" 3350
"../../../Engine/Content/VREditor/TransformGizmo/StartRotationHandleIndicator.uasset" 3351
"../../../Engine/Content/VREditor/TransformGizmo/TransformGizmoFreeRotation.uasset" 3352
"../../../Engine/Content/VREditor/TransformGizmo/TranslateArrowHandle.uasset" 3353
"../../../Engine/Content/VREditor/TransformGizmo/UniformScaleHandle.uasset" 3354
"../../../Engine/Content/Functions/Engine_MaterialFunctions02/Math/Transform3x3Matrix.uasset" 3355
"../../../Engine/Content/Functions/Engine_MaterialFunctions02/SplitComponents.uasset" 3356
"../../../Engine/Content/VREditor/TransformGizmo/TransformGizmoMaterial.uasset" 3357
"../../../Engine/Content/VREditor/TransformGizmo/TranslucentTransformGizmoMaterial.uasset" 3358
"../../../Engine/Content/Functions/Engine_MaterialFunctions02/Utility/BreakOutFloat3Components.uasset" 3359
"../../../Engine/Content/VREditor/LaserPointer/VR_LaserPower_01.uasset" 3360
"/Engine/VREditor/TransformGizmo/BoundingBoxCorner" 3361
"../../../Engine/Content/VREditor/TransformGizmo/BoundingBoxCorner.uasset" 3362
"/Engine/VREditor/TransformGizmo/BoundingBoxEdge" 3363
"../../../Engine/Content/VREditor/TransformGizmo/BoundingBoxEdge.uasset" 3364
"/Engine/ArtTools/RenderToTexture/Meshes/S_1_Unit_Plane" 3365
"../../../Engine/Content/ArtTools/RenderToTexture/Meshes/S_1_Unit_Plane.uasset" 3366
"/Engine/EngineDebugMaterials/M_SimpleUnlitTranslucent" 3367
"../../../Engine/Content/EngineDebugMaterials/M_SimpleUnlitTranslucent.uasset" 3368
"/Engine/EngineFonts/Roboto" 3369
"../../../Engine/Content/EngineFonts/Roboto.uasset" 3370
"../../../Engine/Content/EngineFonts/Faces/DroidSansFallback.uasset" 3371
"../../../Engine/Content/EngineFonts/Faces/RobotoBold.uasset" 3372
"../../../Engine/Content/EngineFonts/Faces/RobotoBoldItalic.uasset" 3373
"../../../Engine/Content/EngineFonts/Faces/RobotoItalic.uasset" 3374
"../../../Engine/Content/EngineFonts/Faces/RobotoLight.uasset" 3375
"../../../Engine/Content/EngineFonts/Faces/RobotoRegular.uasset" 3376
"/Engine/EditorMaterials/ParticleSystems/PSysThumbnail_NoImage" 3377
"../../../Engine/Content/EditorMaterials/ParticleSystems/PSysThumbnail_NoImage.uasset" 3378
"/Engine/EditorMaterials/ParticleSystems/PSysThumbnail_OOD" 3379
"../../../Engine/Content/EditorMaterials/ParticleSystems/PSysThumbnail_OOD.uasset" 3380
"/Engine/EngineResources/LandscapeVisibilityLayerInfo" 3381
"../../../Engine/Content/EngineResources/LandscapeVisibilityLayerInfo.uasset" 3382
"../../../../Users/Tsuki/Downloads/CatBurglar_david/CatBurglar/Intermediate/ShaderAutogen/PCD3D_SM5/AutogenShaderHeaders.ush" 3383
"/ACLPlugin/ACLAnimBoneCompressionSettings" 3384
"../../Plugins/Animation/ACLPlugin/Content/ACLAnimBoneCompressionSettings.uasset" 3385
"/Engine/Animation/DefaultRecorderBoneCompression" 3386
"../../../Engine/Content/Animation/DefaultRecorderBoneCompression.uasset" 3387
"/ACLPlugin/ACLAnimCurveCompressionSettings" 3388
"../../Plugins/Animation/ACLPlugin/Content/ACLAnimCurveCompressionSettings.uasset" 3389
"/Engine/Animation/DefaultVariableFrameStrippingSettings" 3390
"../../../Engine/Content/Animation/DefaultVariableFrameStrippingSettings.uasset" 3391
"/Paper2D/MaskedUnlitSpriteMaterial" 3392
"../../Plugins/2D/Paper2D/Content/MaskedUnlitSpriteMaterial.uasset" 3393
"../../Plugins/2D/Paper2D/Content/DefaultSpriteMaterial.uasset" 3394
"../../Plugins/2D/Paper2D/Content/PlaceholderTextures/DummySpriteTexture.uasset" 3395
"/Paper2D/OpaqueUnlitSpriteMaterial" 3396
"../../Plugins/2D/Paper2D/Content/OpaqueUnlitSpriteMaterial.uasset" 3397
"/Paper2D/DefaultPaperTerrainMaterial" 3398
"../../Plugins/2D/Paper2D/Content/DefaultPaperTerrainMaterial.uasset" 3399
"../../Plugins/2D/Paper2D/Content/DummySprite.uasset" 3400
"/ControlRig/Controls/ControlRigXRayMaterial" 3401
"../../Plugins/Animation/ControlRig/Content/Controls/ControlRigXRayMaterial.uasset" 3402
"/ControlRig/Controls/DefaultGizmoLibraryNormalized" 3403
"../../Plugins/Animation/ControlRig/Content/Controls/DefaultGizmoLibraryNormalized.uasset" 3404
"/ControlRig/M_Manip" 3405
"../../Plugins/Animation/ControlRig/Content/M_Manip.uasset" 3406
"../../../Engine/Content/Functions/Engine_MaterialFunctions02/WorldPositionOffset/CameraOffset.uasset" 3407
"/AudioWidgets/Resources/ScrubHandleDown_Clamped" 3408
"../../Plugins/Runtime/AudioWidgets/Content/Resources/ScrubHandleDown_Clamped.uasset" 3409
"../../../Engine/Config/BaseUnrealInsightsSettings.ini" 3410
"/SpeedTreeImporter/SpeedTree9/SpeedTreeMaster" 3411
"../../Plugins/Editor/SpeedTreeImporter/Content/SpeedTree9/SpeedTreeMaster.uasset" 3412
"../../../Engine/Content/Functions/Engine_MaterialFunctions02/ObjectLocalBounds.uasset" 3413
"../../../Engine/Content/Functions/Engine_MaterialFunctions02/SafeNormalize.uasset" 3414
"../../../Engine/Content/Functions/Engine_MaterialFunctions02/Utility/VectorLength.uasset" 3415
"../../../Engine/Content/Functions/Engine_MaterialFunctions02/UVs/BoundingBoxBased_0-1_UVW.uasset" 3416
"../../../Engine/Content/Functions/Engine_MaterialFunctions02/WorldPositionOffset/ObjectScale.uasset" 3417
"../../Plugins/Editor/SpeedTreeImporter/Content/SpeedTree9/SpeedTreeBranchMotion.uasset" 3418
"../../Plugins/Editor/SpeedTreeImporter/Content/SpeedTree9/SpeedTreeCameraFacing.uasset" 3419
"../../Plugins/Editor/SpeedTreeImporter/Content/SpeedTree9/SpeedTreeWind.uasset" 3420
"../../Plugins/Editor/SpeedTreeImporter/Content/SpeedTree9/SpeedTreeWindMotion.uasset" 3421
"../../Plugins/Editor/SpeedTreeImporter/Content/SpeedTree9/UnpackDirection.uasset" 3422
"../../Plugins/Editor/SpeedTreeImporter/Content/SpeedTree9/UnpackInteger3.uasset" 3423
"../../Plugins/Editor/SpeedTreeImporter/Content/SpeedTree9/Empty.uasset" 3424
"../../Plugins/Editor/SpeedTreeImporter/Content/SpeedTree9/EmptyNormal.uasset" 3425
"../../Plugins/Editor/SpeedTreeImporter/Content/SpeedTree9/game_wind_noise.uasset" 3426
"/SpeedTreeImporter/SpeedTree9/SpeedTreeBillboardMaster" 3427
"../../Plugins/Editor/SpeedTreeImporter/Content/SpeedTree9/SpeedTreeBillboardMaster.uasset" 3428
"../../Plugins/Editor/SpeedTreeImporter/Content/SpeedTree9/SpeedTreeBillboard.uasset" 3429
"/MediaPlate/SM_MediaPlateScreen" 3430
"../../Plugins/Media/MediaPlate/Content/SM_MediaPlateScreen.uasset" 3431
"/Engine/BasicShapes/BasicShapeMaterial" 3432
"../../../Engine/Content/BasicShapes/BasicShapeMaterial.uasset" 3433
"/Engine/EditorMaterials/Dataflow/DataflowVertexMaterial" 3434
"../../../Engine/Content/EditorMaterials/Dataflow/DataflowVertexMaterial.uasset" 3435
"/Engine/EditorMaterials/Dataflow/DataflowTwoSidedVertexMaterial" 3436
"../../../Engine/Content/EditorMaterials/Dataflow/DataflowTwoSidedVertexMaterial.uasset" 3437
"/MeshModelingToolsetExp/Materials/PointSetOverlaidComponentMaterial" 3438
"../../Plugins/Experimental/MeshModelingToolsetExp/Content/Materials/PointSetOverlaidComponentMaterial.uasset" 3439
"../../../Engine/Content/Functions/Engine_MaterialFunctions02/Utility/FOV.uasset" 3440
"../../../Engine/Content/Functions/Engine_MaterialFunctions02/WorldPositionOffset/V2/ObjectScale.uasset" 3441
"../../../Engine/Content/Functions/Engine_MaterialFunctions03/Viewport/MF_OrthoWidth.uasset" 3442
"../../Plugins/Experimental/MeshModelingToolsetExp/Content/Materials/GetDisplacementVectorForDepthBias.uasset" 3443
"/Engine/EditorLandscapeResources/LayerVisMaterial" 3444
"../../../Engine/Content/EditorLandscapeResources/LayerVisMaterial.uasset" 3445
"../../../Engine/Content/EditorLandscapeResources/WhiteSquareTexture.uasset" 3446
"/Engine/EditorLandscapeResources/SelectBrushMaterial_Selected" 3447
"../../../Engine/Content/EditorLandscapeResources/SelectBrushMaterial_Selected.uasset" 3448
"../../../Engine/Content/EditorLandscapeResources/SelectBrushMaterial.uasset" 3449
"../../../Engine/Content/Functions/Engine_MaterialFunctions03/Math/WithinRangeFloat2.uasset" 3450
"../../../Engine/Content/EditorLandscapeResources/DefaultAlphaTexture.uasset" 3451
"/Engine/EditorLandscapeResources/SelectBrushMaterial_SelectedRegion" 3452
"../../../Engine/Content/EditorLandscapeResources/SelectBrushMaterial_SelectedRegion.uasset" 3453
"/Engine/EditorLandscapeResources/MaskBrushMaterial_MaskedRegion" 3454
"../../../Engine/Content/EditorLandscapeResources/MaskBrushMaterial_MaskedRegion.uasset" 3455
"../../../Engine/Content/EditorLandscapeResources/MaskBrushMaterial.uasset" 3456
"/Engine/EditorLandscapeResources/ColorMaskBrushMaterial_MaskedRegion" 3457
"../../../Engine/Content/EditorLandscapeResources/ColorMaskBrushMaterial_MaskedRegion.uasset" 3458
"../../../Engine/Content/EditorLandscapeResources/ColorMaskBrushMaterial.uasset" 3459
"/Engine/EditorLandscapeResources/LandscapeDirtyMaterial" 3460
"../../../Engine/Content/EditorLandscapeResources/LandscapeDirtyMaterial.uasset" 3461
"/Engine/EditorLandscapeResources/LandscapeLayerUsageMaterial" 3462
"../../../Engine/Content/EditorLandscapeResources/LandscapeLayerUsageMaterial.uasset" 3463
"../../../Engine/Content/Functions/Engine_MaterialFunctions01/Debug/DebugIntValues.uasset" 3464
"../../../Engine/Content/Functions/Engine_MaterialFunctions01/Texturing/ScaleUVsByCenter.uasset" 3465
"../../../Engine/Content/Functions/Engine_MaterialFunctions02/WorldPositionOffset/LocalPosition.uasset" 3466
"../../../Engine/Content/Functions/Engine_MaterialFunctions01/Texturing/TextureCropping.uasset" 3467
"../../../Engine/Content/Functions/Engine_MaterialFunctions02/ExampleContent/DebugNumberStrip.uasset" 3468
"C:/Users/Tsuki/AppData/Local/UnrealEngine/Editor/UInteractiveToolsPresetCollectionAsset_DefaultCollection.json" 3469
"/Engine/EngineMaterials/NaniteHiddenSectionMaterial" 3470
"../../../Engine/Content/EngineMaterials/NaniteHiddenSectionMaterial.uasset" 3471
"/Engine/EngineMaterials/RemoveSurfaceMaterial" 3472
"../../../Engine/Content/EngineMaterials/RemoveSurfaceMaterial.uasset" 3473
"/Engine/EngineDebugMaterials/DebugMeshMaterial" 3474
"../../../Engine/Content/EngineDebugMaterials/DebugMeshMaterial.uasset" 3475
"/Engine/EngineMaterials/EmissiveMeshMaterial" 3476
"../../../Engine/Content/EngineMaterials/EmissiveMeshMaterial.uasset" 3477
"../../../Engine/Content/EngineMaterials/DefaultWhiteGrid_Low.uasset" 3478
"/Engine/EngineMaterials/M_InvalidLightmapSettings" 3479
"../../../Engine/Content/EngineMaterials/M_InvalidLightmapSettings.uasset" 3480
"../../../Engine/Content/EngineMaterials/InvalidLightmapSettings.uasset" 3481
"/Engine/EngineMaterials/GizmoMaterial" 3482
"../../../Engine/Content/EngineMaterials/GizmoMaterial.uasset" 3483
"/Engine/EngineMaterials/PhAT_JointLimitMaterial" 3484
"../../../Engine/Content/EngineMaterials/PhAT_JointLimitMaterial.uasset" 3485
"/Engine/EngineMaterials/FlattenMaterial" 3486
"../../../Engine/Content/EngineMaterials/FlattenMaterial.uasset" 3487
"../../../Engine/Content/EngineMaterials/BaseFlattenDiffuseMap.uasset" 3488
"../../../Engine/Content/EngineMaterials/BaseFlattenEmissiveMap.uasset" 3489
"../../../Engine/Content/EngineMaterials/BaseFlattenGrayscaleMap.uasset" 3490
"../../../Engine/Content/EngineMaterials/BaseFlattenLinearColor.uasset" 3491
"../../../Engine/Content/EngineMaterials/BaseFlattenNormalMap.uasset" 3492
"../../../Engine/Content/Functions/Engine_MaterialFunctions02/PivotPainter2/Black_1x1_EXR_Texture.uasset" 3493
"/Engine/EngineMaterials/FlattenMaterial_VT" 3494
"../../../Engine/Content/EngineMaterials/FlattenMaterial_VT.uasset" 3495
"../../../Engine/Content/EngineMaterials/BaseFlattenDiffuseMap_VT.uasset" 3496
"../../../Engine/Content/EngineMaterials/BaseFlattenEmissiveMap_VT.uasset" 3497
"../../../Engine/Content/EngineMaterials/BaseFlattenGrayscaleMap_VT.uasset" 3498
"../../../Engine/Content/EngineMaterials/BaseFlattenLinearColor_VT.uasset" 3499
"../../../Engine/Content/EngineMaterials/BaseFlattenNormalMap_VT.uasset" 3500
"../../../Engine/Content/EngineMaterials/Black_1x1_EXR_Texture_VT.uasset" 3501
"/Engine/EngineMaterials/FlattenMaterial_WS_Normal_VT" 3502
"../../../Engine/Content/EngineMaterials/FlattenMaterial_WS_Normal_VT.uasset" 3503
"/Engine/EngineMaterials/Good64x64TilingNoiseHighFreq" 3504
"../../../Engine/Content/EngineMaterials/Good64x64TilingNoiseHighFreq.uasset" 3505
"/Engine/EngineMaterials/DefaultBokeh" 3506
"../../../Engine/Content/EngineMaterials/DefaultBokeh.uasset" 3507
"/Engine/EngineMaterials/MiniFont" 3508
"../../../Engine/Content/EngineMaterials/MiniFont.uasset" 3509
"/Engine/EngineMaterials/WeightMapPlaceholderTexture" 3510
"../../../Engine/Content/EngineMaterials/WeightMapPlaceholderTexture.uasset" 3511
"/Engine/EngineMaterials/WeightMapArrayPlaceholderTexture" 3512
"../../../Engine/Content/EngineMaterials/WeightMapArrayPlaceholderTexture.uasset" 3513
"/Engine/EngineMaterials/DefaultWhiteGrid" 3514
"../../../Engine/Content/EngineMaterials/DefaultWhiteGrid.uasset" 3515
"/Engine/EngineMaterials/PreintegratedSkinBRDF" 3516
"../../../Engine/Content/EngineMaterials/PreintegratedSkinBRDF.uasset" 3517
"/Engine/EngineMaterials/LTC/GGX_LTCAmp" 3518
"../../../Engine/Content/EngineMaterials/LTC/GGX_LTCAmp.uasset" 3519
"/Engine/EngineMaterials/LTC/GGX_LTCMat" 3520
"../../../Engine/Content/EngineMaterials/LTC/GGX_LTCMat.uasset" 3521
"/Engine/EngineMaterials/LTC/Sheen_LTC" 3522
"../../../Engine/Content/EngineMaterials/LTC/Sheen_LTC.uasset" 3523
"/Engine/EngineMaterials/EnergyConservation/GGX_ReflectionEnergy" 3524
"../../../Engine/Content/EngineMaterials/EnergyConservation/GGX_ReflectionEnergy.uasset" 3525
"/Engine/EngineMaterials/EnergyConservation/GGX_TransmissionEnergyArray" 3526
"../../../Engine/Content/EngineMaterials/EnergyConservation/GGX_TransmissionEnergyArray.uasset" 3527
"/Engine/EngineMaterials/EnergyConservation/Sheen_Energy" 3528
"../../../Engine/Content/EngineMaterials/EnergyConservation/Sheen_Energy.uasset" 3529
"/Engine/EngineMaterials/EnergyConservation/Diffuse_Energy" 3530
"../../../Engine/Content/EngineMaterials/EnergyConservation/Diffuse_Energy.uasset" 3531
"/Engine/EngineMaterials/DefaultPhysicalMaterial" 3532
"../../../Engine/Content/EngineMaterials/DefaultPhysicalMaterial.uasset" 3533
"/Engine/EngineMaterials/DefaultDestructiblePhysicalMaterial" 3534
"../../../Engine/Content/EngineMaterials/DefaultDestructiblePhysicalMaterial.uasset" 3535
"/Niagara/ParameterDefinitions/CoreParameters" 3536
"../../Plugins/FX/Niagara/Content/ParameterDefinitions/CoreParameters.uasset" 3537
"/Niagara/ParameterDefinitions/DecalRenderer" 3538
"../../Plugins/FX/Niagara/Content/ParameterDefinitions/DecalRenderer.uasset" 3539
"/Niagara/ParameterDefinitions/LightRenderer" 3540
"../../Plugins/FX/Niagara/Content/ParameterDefinitions/LightRenderer.uasset" 3541
"/Niagara/ParameterDefinitions/MeshRenderer" 3542
"../../Plugins/FX/Niagara/Content/ParameterDefinitions/MeshRenderer.uasset" 3543
"/Niagara/ParameterDefinitions/RibbonRenderer" 3544
"../../Plugins/FX/Niagara/Content/ParameterDefinitions/RibbonRenderer.uasset" 3545
"/Niagara/ParameterDefinitions/SpriteRenderer" 3546
"../../Plugins/FX/Niagara/Content/ParameterDefinitions/SpriteRenderer.uasset" 3547
"/DeformerGraph/Deformers/DG_LinearBlendSkin_Morph_Cloth" 3548
"../../Plugins/Animation/DeformerGraph/Content/Deformers/DG_LinearBlendSkin_Morph_Cloth.uasset" 3549
"../../Plugins/Animation/DeformerGraph/Content/DeformerFunctions/DG_Function_LinearBlendSkin_Morph_Cloth.uasset" 3550
"/DeformerGraph/Deformers/DG_LinearBlendSkin_Morph_Cloth_RecomputeNormals" 3551
"../../Plugins/Animation/DeformerGraph/Content/Deformers/DG_LinearBlendSkin_Morph_Cloth_RecomputeNormals.uasset" 3552
"../../Plugins/Animation/DeformerGraph/Content/DeformerFunctions/DG_Function_ComputeNormalsTangents.uasset" 3553
"../../Plugins/Animation/DeformerGraph/Content/DeformerFunctions/DG_Function_LinearBlendSkin_Morph_Cloth_PositionOnly.uasset" 3554
"/Engine/BasicShapes/Cube" 3555
"../../../Engine/Content/BasicShapes/Cube.uasset" 3556
"/Engine/BasicShapes/Sphere" 3557
"../../../Engine/Content/BasicShapes/Sphere.uasset" 3558
"../../../Engine/Content/EngineMaterials/DefaultMaterial.uasset" 3559
"/Engine/BasicShapes/Cylinder" 3560
"../../../Engine/Content/BasicShapes/Cylinder.uasset" 3561
"/Engine/BasicShapes/Cone" 3562
"../../../Engine/Content/BasicShapes/Cone.uasset" 3563
"/Engine/BasicShapes/Plane" 3564
"../../../Engine/Content/BasicShapes/Plane.uasset" 3565
"../../../Engine/Documentation/Source/Shared/Types/ABrush/ABrush.INT.udn" 3566
"../../../Engine/Content/Internationalization/icudt64l/brkitr/en_US.res" 3567
"../../../Engine/Content/Internationalization/icudt64l/brkitr/en.res" 3568
"../../../Engine/Content/Internationalization/icudt64l/brkitr/root.res" 3569
"../../../Engine/Content/Internationalization/icudt64l/brkitr/char.brk" 3570
"../../../Engine/Content/Internationalization/icudt64l/brkitr/word.brk" 3571
"/Engine/EditorResources/SequenceRecorder/Countdown" 3572
"../../../Engine/Content/EditorResources/SequenceRecorder/Countdown.uasset" 3573
"/Engine/EditorResources/SequenceRecorder/RecordingIndicator" 3574
"../../../Engine/Content/EditorResources/SequenceRecorder/RecordingIndicator.uasset" 3575
"/Engine/EditorMaterials/PhAT_UnselectedMaterial" 3576
"../../../Engine/Content/EditorMaterials/PhAT_UnselectedMaterial.uasset" 3577
"/Engine/EditorMaterials/PhAT_NoCollisionMaterial" 3578
"../../../Engine/Content/EditorMaterials/PhAT_NoCollisionMaterial.uasset" 3579
"/Engine/EditorResources/S_Terrain" 3580
"../../../Engine/Content/EditorResources/S_Terrain.uasset" 3581
"../../../Engine/Plugins/FX/Niagara/Shaders/Private/NiagaraDataInterfaceTexture2DArrayTemplate.ush" 3582
"../../../Engine/Plugins/FX/Niagara/Shaders/Private/NiagaraDataInterfaceActorComponentTemplate.ush" 3583
"../../../Engine/Plugins/FX/Niagara/Shaders/Private/NiagaraDataInterfaceArrayTemplate.ush" 3584
"../../../Engine/Plugins/FX/Niagara/Shaders/Private/NiagaraDataInterfaceArrayRWTemplate.ush" 3585
"../../../Engine/Plugins/FX/Niagara/Shaders/Private/NiagaraDataInterfaceArrayDistributionIntTemplate.ush" 3586
"../../../Engine/Plugins/FX/Niagara/Shaders/Private/NiagaraDataInterfaceAsyncGpuTrace.ush" 3587
"../../../Engine/Plugins/FX/Niagara/Shaders/Private/NiagaraDataInterfaceAsyncGpuTraceTemplate.ush" 3588
"../../../Engine/Plugins/FX/Niagara/Shaders/Private/NiagaraDataInterfaceCamera.ush" 3589
"../../../Engine/Plugins/Experimental/ChaosNiagara/Shaders/NiagaraDataInterfaceChaosDestruction.ush" 3590
"../../../Engine/Plugins/FX/Niagara/Shaders/Private/NiagaraDataInterfaceCollisionQuery.ush" 3591
"C:/Users/Tsuki/Downloads/CatBurglar_david/CatBurglar/Intermediate/ShaderAutogen/PCD3D_SM5/AutogenShaderHeaders.ush" 3592
"../../../Engine/Plugins/FX/Niagara/Shaders/Private/NiagaraDataInterfaceCollisionQueryTemplate.ush" 3593
"../../../Engine/Plugins/FX/Niagara/Shaders/Private/NiagaraDataInterfaceCurveTemplate.ush" 3594
"../../../Engine/Plugins/FX/Niagara/Shaders/Private/NiagaraDataInterfaceCubeTextureTemplate.ush" 3595
"../../../Engine/Plugins/FX/Niagara/Shaders/Private/DataChannel/NiagaraDataInterfaceDataChannelCommon.ush" 3596
"../../../Engine/Plugins/FX/Niagara/Shaders/Private/DataChannel/NiagaraDataInterfaceDataChannelTemplateCommon.ush" 3597
"../../../Engine/Plugins/FX/Niagara/Shaders/Private/DataChannel/NiagaraDataInterfaceDataChannelTemplateReadCommon.ush" 3598
"../../../Engine/Plugins/FX/Niagara/Shaders/Private/DataChannel/NiagaraDataInterfaceDataChannelTemplate_Read.ush" 3599
"../../../Engine/Plugins/FX/Niagara/Shaders/Private/DataChannel/NiagaraDataInterfaceDataChannelTemplate_Consume.ush" 3600
"../../../Engine/Plugins/FX/Niagara/Shaders/Private/DataChannel/NiagaraDataInterfaceDataChannelTemplateWriteCommon.ush" 3601
"../../../Engine/Plugins/FX/Niagara/Shaders/Private/DataChannel/NiagaraDataInterfaceDataChannelTemplate_Append.ush" 3602
"../../../Engine/Plugins/FX/Niagara/Shaders/Private/NiagaraDataInterfaceDataTableTemplate.ush" 3603
"../../../Engine/Plugins/FX/Niagara/Shaders/Private/NiagaraDataInterfaceDebugDraw.ush" 3604
"../../../Engine/Plugins/FX/Niagara/Shaders/Private/NiagaraDataInterfaceDebugDrawTemplate.ush" 3605
"../../../Engine/Plugins/FX/Niagara/Shaders/Private/NiagaraDataInterfaceDynamicMeshTemplate.ush" 3606
"../../../Engine/Plugins/FX/Niagara/Shaders/Private/NiagaraDataInterfaceEmitterPropertiesTemplate.ush" 3607
"../../../Engine/Plugins/FX/Niagara/Shaders/Private/NiagaraDataInterfaceExportTemplate.ush" 3608
"../../../Engine/Plugins/FX/Niagara/Shaders/Private/NiagaraDataInterfaceGBufferTemplate.ush" 3609
"../../../Engine/Plugins/Experimental/ChaosNiagara/Shaders/NiagaraDataInterfaceGeometryCollection.ush" 3610
"../../../Engine/Plugins/FX/Niagara/Shaders/Private/NiagaraTransformUtils.ush" 3611
"../../../Engine/Plugins/Runtime/HairStrands/Shaders/Private/NiagaraStrandsExternalForce.ush" 3612
"../../../Engine/Plugins/Runtime/HairStrands/Shaders/Private/NiagaraHookeSpringMaterial.ush" 3613
"../../../Engine/Plugins/Runtime/HairStrands/Shaders/Private/NiagaraAngularSpringMaterial.ush" 3614
"../../../Engine/Plugins/Runtime/HairStrands/Shaders/Private/NiagaraConstantVolumeMaterial.ush" 3615
"../../../Engine/Plugins/Runtime/HairStrands/Shaders/Private/NiagaraCosseratRodMaterial.ush" 3616
"../../../Engine/Plugins/Runtime/HairStrands/Shaders/Private/NiagaraStaticCollisionConstraint.ush" 3617
"../../../Engine/Plugins/Runtime/HairStrands/Shaders/Private/NiagaraDataInterfaceHairStrands.ush" 3618
"../../../Engine/Plugins/Runtime/HairStrands/Shaders/Private/NiagaraDataInterfaceHairStrandsTemplate.ush" 3619
"../../../Engine/Plugins/FX/Niagara/Shaders/Private/NiagaraDataInterfaceIntRenderTarget2D.ush" 3620
"../../../Engine/Plugins/FX/Niagara/Shaders/Private/NiagaraDataInterfaceLandscape.ush" 3621
"../../../Engine/Plugins/FX/Niagara/Shaders/Private/NiagaraDataInterfaceMemoryBufferTemplate.ush" 3622
"../../../Engine/Plugins/FX/Niagara/Shaders/Private/NiagaraDataInterfaceMeshRendererInfoTemplate.ush" 3623
"../../../Engine/Plugins/FX/Niagara/Shaders/Private/NiagaraDataInterfaceOcclusion.ush" 3624
"../../../Engine/Plugins/FX/Niagara/Shaders/Private/NiagaraDataInterfacePhysicsAsset.ush" 3625
"../../../Engine/Plugins/Experimental/ChaosNiagara/Shaders/NiagaraDataInterfacePhysicsField.ush" 3626
"../../../Engine/Plugins/FX/Niagara/Shaders/Private/NiagaraDataInterfacePlatformSetTemplate.ush" 3627
"../../../Engine/Plugins/Runtime/HairStrands/Shaders/Private/NiagaraDataInterfaceVelocityGrid.ush" 3628
"../../../Engine/Plugins/Runtime/HairStrands/Shaders/Private/NiagaraDataInterfaceVelocityGridTemplate.ush" 3629
"../../../Engine/Plugins/Runtime/HairStrands/Shaders/Private/NiagaraDataInterfacePressureGrid.ush" 3630
"../../../Engine/Plugins/Runtime/HairStrands/Shaders/Private/NiagaraDataInterfacePressureGridTemplate.ush" 3631
"../../../Engine/Plugins/FX/Niagara/Shaders/Private/NiagaraDataInterfaceRenderTarget2DTemplate.ush" 3632
"../../../Engine/Plugins/FX/Niagara/Shaders/Private/NiagaraDataInterfaceRenderTarget2DArrayTemplate.ush" 3633
"../../../Engine/Plugins/FX/Niagara/Shaders/Private/NiagaraDataInterfaceRenderTargetCubeTemplate.ush" 3634
"../../../Engine/Plugins/FX/Niagara/Shaders/Private/NiagaraDataInterfaceRenderTargetVolumeTemplate.ush" 3635
"../../../Engine/Plugins/FX/Niagara/Shaders/Private/NiagaraDataInterfaceRigidMeshCollisionQuery.ush" 3636
"../../../Engine/Plugins/FX/Niagara/Shaders/Private/NiagaraDistanceFieldQueries.ush" 3637
"../../../Engine/Plugins/FX/Niagara/Shaders/Private/NiagaraDataInterfaceSceneCapture2DTemplate.ush" 3638
"../../../Engine/Plugins/FX/Niagara/Shaders/Private/NiagaraDataInterfaceSimCacheReaderTemplate.ush" 3639
"../../../Engine/Plugins/FX/Niagara/Shaders/Private/NiagaraDataInterfaceSimpleCounterTemplate.ush" 3640
"../../../Engine/Plugins/FX/Niagara/Shaders/Private/NiagaraDataInterfaceSkeletalMesh.ush" 3641
"../../../Engine/Plugins/FX/Niagara/Shaders/Private/NiagaraBaryCentricUtils.ush" 3642
"../../../Engine/Plugins/FX/Niagara/Shaders/Private/NiagaraDataInterfaceSkeletalMeshTemplate.ush" 3643
"../../../Engine/Plugins/FX/Niagara/Shaders/Private/NiagaraDataInterfaceSocketReaderTemplate.ush" 3644
"../../../Engine/Plugins/FX/Niagara/Shaders/Private/NiagaraDataInterfaceSparseVolumeTextureTemplate.ush" 3645
"../../../Engine/Plugins/FX/Niagara/Shaders/Private/NiagaraDataInterfaceSplineTemplate.ush" 3646
"../../../Engine/Plugins/FX/Niagara/Shaders/Private/NiagaraDataInterfaceSpriteRendererInfoTemplate.ush" 3647
"../../../Engine/Plugins/FX/Niagara/Shaders/Private/NiagaraDataInterfaceStaticMeshTemplate.ush" 3648
"../../../Engine/Plugins/FX/Niagara/Shaders/Private/NiagaraDataInterfaceTextureTemplate.ush" 3649
"../../../Engine/Plugins/FX/Niagara/Shaders/Private/NiagaraDataInterfaceVirtualTexture.ush" 3650
"../../../Engine/Plugins/FX/Niagara/Shaders/Private/NiagaraDataInterfaceVirtualTextureTemplate.ush" 3651
"../../../Engine/Plugins/FX/Niagara/Shaders/Private/NiagaraDataInterfaceVirtualTextureSampleTemplate.ush" 3652
"../../../Engine/Plugins/FX/Niagara/Shaders/Private/NiagaraDataInterfaceVolumeCache.ush" 3653
"../../../Engine/Plugins/FX/Niagara/Shaders/Private/NiagaraDataInterfaceVolumeTextureTemplate.ush" 3654
"C:/Users/Tsuki/Downloads/CatBurglar_david/CatBurglar/Content/DavidFolder/Assets/Props/Vase02.uasset" 3655
"C:/Users/Tsuki/Downloads/CatBurglar_david/CatBurglar/Content/_CaBurglar/Cat/SFX/win_sound.uasset" 3656
"C:/Users/Tsuki/Downloads/CatBurglar_david/CatBurglar/Content/DavidFolder/Assets/LevelEnvironment/VentTurn.uasset" 3657
"C:/Users/Tsuki/Downloads/CatBurglar_david/CatBurglar/Content/DavidFolder/Assets/LevelEnvironment/VentTop.uasset" 3658
"C:/Users/Tsuki/Downloads/CatBurglar_david/CatBurglar/Content/DavidFolder/Assets/LevelEnvironment/SupportWall.uasset" 3659
"C:/Users/Tsuki/Downloads/CatBurglar_david/CatBurglar/Content/DavidFolder/Assets/LevelEnvironment/VentLong.uasset" 3660
"C:/Users/Tsuki/Downloads/CatBurglar_david/CatBurglar/Content/DavidFolder/Assets/Props/Black1.uasset" 3661
"C:/Users/Tsuki/Downloads/CatBurglar_david/CatBurglar/Content/DavidFolder/Assets/Props/ClosedBox.uasset" 3662
"C:/Users/Tsuki/Downloads/CatBurglar_david/CatBurglar/Content/DavidFolder/Assets/Props/Vase01.uasset" 3663
"C:/Users/Tsuki/Downloads/CatBurglar_david/CatBurglar/Content/DavidFolder/Assets/LevelEnvironment/Pillar1.uasset" 3664
"C:/Users/Tsuki/Downloads/CatBurglar_david/CatBurglar/Content/DavidFolder/Assets/LevelEnvironment/GalleryCornerWallB1.uasset" 3665
"C:/Users/Tsuki/Downloads/CatBurglar_david/CatBurglar/Content/DavidFolder/Assets/LevelEnvironment/DoorRight.uasset" 3666
"C:/Users/Tsuki/Downloads/CatBurglar_david/CatBurglar/Content/DavidFolder/Assets/LevelEnvironment/DoorLeft.uasset" 3667
"C:/Users/Tsuki/Downloads/CatBurglar_david/CatBurglar/Content/DavidFolder/Assets/LevelEnvironment/GalleryWallWindowB1.uasset" 3668
"C:/Users/Tsuki/Downloads/CatBurglar_david/CatBurglar/Content/DavidFolder/Assets/LevelEnvironment/DoorFrame.uasset" 3669
"C:/Users/Tsuki/Downloads/CatBurglar_david/CatBurglar/Content/DavidFolder/Assets/LevelEnvironment/GalleryWallA3.uasset" 3670
"C:/Users/Tsuki/Downloads/CatBurglar_david/CatBurglar/Content/_CaBurglar/Cat/SFX/Note_03.uasset" 3671
"C:/Users/Tsuki/Downloads/CatBurglar_david/CatBurglar/Content/DavidFolder/Assets/LevelEnvironment/CatWalk_Short.uasset" 3672
"C:/Users/Tsuki/Downloads/CatBurglar_david/CatBurglar/Content/_CaBurglar/Widgets/WB_Notes.uasset" 3673
"C:/Users/Tsuki/Downloads/CatBurglar_david/CatBurglar/Content/DavidFolder/Assets/LevelEnvironment/GalleryWallB1.uasset" 3674
"C:/Users/Tsuki/Downloads/CatBurglar_david/CatBurglar/Content/DavidFolder/Assets/Props/StickyNote.uasset" 3675
"C:/Users/Tsuki/Downloads/CatBurglar_david/CatBurglar/Content/DavidFolder/Assets/Blueprints/BP_StickyNote.uasset" 3676
"C:/Users/Tsuki/Downloads/CatBurglar_david/CatBurglar/Content/DavidFolder/Assets/LevelEnvironment/Pillar2.uasset" 3677
"C:/Users/Tsuki/Downloads/CatBurglar_david/CatBurglar/Content/DavidFolder/Materials/Textures/Cat3.uasset" 3678
"C:/Users/Tsuki/Downloads/CatBurglar_david/CatBurglar/Content/_CaBurglar/Cat/SFX/Note_02.uasset" 3679
"C:/Users/Tsuki/Downloads/CatBurglar_david/CatBurglar/Content/_CaBurglar/Widgets/WB_Winscreen.uasset" 3680
"C:/Users/Tsuki/Downloads/CatBurglar_david/CatBurglar/Content/DavidFolder/Materials/Paintings/MI_CatWizard.uasset" 3681
"C:/Users/Tsuki/Downloads/CatBurglar_david/CatBurglar/Content/DavidFolder/Assets/LevelEnvironment/CatWalk_Long.uasset" 3682
"/Game/DavidFolder/Assets/Props/Black1" 3683
"C:/Users/Tsuki/Downloads/CatBurglar_david/CatBurglar/Content/DavidFolder/Materials/Textures/Cat1.uasset" 3684
"C:/Users/Tsuki/Downloads/CatBurglar_david/CatBurglar/Content/DavidFolder/Materials/Paintings/MI_CatTongue.uasset" 3685
"C:/Users/Tsuki/Downloads/CatBurglar_david/CatBurglar/Content/_CaBurglar/Images/UI/yourdidit.uasset" 3686
"C:/Users/Tsuki/Downloads/CatBurglar_david/CatBurglar/Content/DavidFolder/Materials/Textures/Cat5.uasset" 3687
"../../Plugins/Interchange/Assets/Content/Materials/FBXLegacyPhongSurfaceMaterial.uasset" 3688
"../../../Engine/Content/Functions/Engine_MaterialFunctions03/Procedurals/NormalFromHeightmap.uasset" 3689
"../../Plugins/Interchange/Assets/Content/Functions/MF_PhongToMetalRoughness.uasset" 3690
"../../../Engine/Content/EngineMaterials/DefaultNormal.uasset" 3691
"C:/Users/Tsuki/Downloads/CatBurglar_david/CatBurglar/Content/DavidFolder/Materials/Paintings/MI_CatSalut.uasset" 3692
"/Game/_CaBurglar/Cat/SFX/win_sound" 3693
"/Game/DavidFolder/Assets/Props/Vase02" 3694
"../../../../Users/Tsuki/Downloads/CatBurglar_david/CatBurglar/Content/DavidFolder/Materials/MI_Pots.uasset" 3695
"../../../../Users/Tsuki/Downloads/CatBurglar_david/CatBurglar/Content/DavidFolder/Materials/M_BaseColor_Master.uasset" 3696
"../../../../Users/Tsuki/Downloads/CatBurglar_david/CatBurglar/Content/TK_Tools/Textures/Flat_C.uasset" 3697
"../../../../Users/Tsuki/Downloads/CatBurglar_david/CatBurglar/Content/TK_Tools/Textures/Flat_N.uasset" 3698
"/Game/DavidFolder/Assets/Props/Vase01" 3699
"/Game/DavidFolder/Assets/Props/ClosedBox" 3700
"../../../../Users/Tsuki/Downloads/CatBurglar_david/CatBurglar/Content/DavidFolder/Assets/Props/Black1.uasset" 3701
"../../../../Users/Tsuki/Downloads/CatBurglar_david/CatBurglar/Content/DavidFolder/Materials/MI_Wall1.uasset" 3702
"../../../../Users/Tsuki/Downloads/CatBurglar_david/CatBurglar/Content/DavidFolder/Materials/MI_Wall2.uasset" 3703
"/Game/DavidFolder/Assets/LevelEnvironment/VentTurn" 3704
"/Game/DavidFolder/Assets/LevelEnvironment/VentTop" 3705
"/Game/DavidFolder/Assets/LevelEnvironment/VentLong" 3706
"/Game/DavidFolder/Assets/LevelEnvironment/SupportWall" 3707
"../../../../Users/Tsuki/Downloads/CatBurglar_david/CatBurglar/Content/DavidFolder/Assets/LevelEnvironment/lambert1.uasset" 3708
"/Game/DavidFolder/Assets/LevelEnvironment/Pillar2" 3709
"/Game/DavidFolder/Assets/LevelEnvironment/Pillar1" 3710
"/Game/DavidFolder/Assets/LevelEnvironment/GalleryWallWindowB1" 3711
"/Game/DavidFolder/Assets/LevelEnvironment/GalleryWallB1" 3712
"/Game/DavidFolder/Assets/LevelEnvironment/GalleryWallA3" 3713
"/Game/DavidFolder/Assets/LevelEnvironment/GalleryCornerWallB1" 3714
"/Game/DavidFolder/Assets/LevelEnvironment/DoorRight" 3715
"/Game/DavidFolder/Assets/LevelEnvironment/DoorLeft" 3716
"/Game/DavidFolder/Assets/LevelEnvironment/DoorFrame" 3717
"/Game/DavidFolder/Assets/LevelEnvironment/CatWalk_Short" 3718
"/Game/DavidFolder/Assets/LevelEnvironment/CatWalk_Long" 3719
"/Game/_CaBurglar/Cat/SFX/Note_03" 3720
"/Game/_CaBurglar/Cat/SFX/Note_02" 3721
"/Game/DavidFolder/Assets/Props/StickyNote" 3722
"../../../../Users/Tsuki/Downloads/CatBurglar_david/CatBurglar/Content/DavidFolder/Materials/MI_GoldTuna.uasset" 3723
"/Game/_CaBurglar/Widgets/WB_Notes" 3724
"/Game/DavidFolder/Assets/Blueprints/BP_StickyNote" 3725
"/Game/_CaBurglar/Images/UI/yourdidit" 3726
"/Game/_CaBurglar/Widgets/WB_Winscreen" 3727
"/Game/DavidFolder/Materials/Textures/Cat3" 3728
"/Game/DavidFolder/Materials/Paintings/MI_CatWizard" 3729
"../../../../Users/Tsuki/Downloads/CatBurglar_david/CatBurglar/Content/DavidFolder/Materials/Paintings/M_Painting_Master.uasset" 3730
"../../../../Users/Tsuki/Downloads/CatBurglar_david/CatBurglar/Content/DavidFolder/Materials/Textures/Capy1.uasset" 3731
"/Game/DavidFolder/Materials/Textures/Cat1" 3732
"/Game/DavidFolder/Materials/Paintings/MI_CatTongue" 3733
"/Game/DavidFolder/Materials/Textures/Cat5" 3734
"C:/Users/Tsuki/Downloads/CatBurglar_david/CatBurglar/Content/DavidFolder/Materials/Paintings/MI_CatCapy2.uasset" 3735
"C:/Users/Tsuki/Downloads/CatBurglar_david/CatBurglar/Content/DavidFolder/Materials/Textures/Cat6.uasset" 3736
"C:/Users/Tsuki/Downloads/CatBurglar_david/CatBurglar/Content/DavidFolder/Materials/Paintings/MICat1.uasset" 3737
"C:/Users/Tsuki/Downloads/CatBurglar_david/CatBurglar/Content/DavidFolder/Materials/Paintings/MI_Cat3.uasset" 3738
"C:/Users/Tsuki/Downloads/CatBurglar_david/CatBurglar/Content/DavidFolder/Materials/Textures/Cat8.uasset" 3739
"C:/Users/Tsuki/Downloads/CatBurglar_david/CatBurglar/Content/DavidFolder/Materials/Paintings/MI_CatBread.uasset" 3740
"C:/Users/Tsuki/Downloads/CatBurglar_david/CatBurglar/Content/DavidFolder/Materials/Textures/capy2.uasset" 3741
"/Game/DavidFolder/Materials/Paintings/MI_CatSalut" 3742
"C:/Users/Tsuki/Downloads/CatBurglar_david/CatBurglar/Content/DavidFolder/Assets/LevelEnvironment/Wall.uasset" 3743
"C:/Users/Tsuki/Downloads/CatBurglar_david/CatBurglar/Content/DavidFolder/Assets/Props/RegularPainting.uasset" 3744
"C:/Users/Tsuki/Downloads/CatBurglar_david/CatBurglar/Content/DavidFolder/Assets/LevelEnvironment/SmallShowcaseStandB2.uasset" 3745
"C:/Users/Tsuki/Downloads/CatBurglar_david/CatBurglar/Content/DavidFolder/Materials/Textures/cat2.uasset" 3746
"C:/Users/Tsuki/Downloads/CatBurglar_david/CatBurglar/Content/DavidFolder/Materials/Textures/Cat4.uasset" 3747
"C:/Users/Tsuki/Downloads/CatBurglar_david/CatBurglar/Content/DavidFolder/Materials/Paintings/MI_CatSerious.uasset" 3748
"C:/Users/Tsuki/Downloads/CatBurglar_david/CatBurglar/Content/DavidFolder/Assets/LevelEnvironment/SmallShowcaseStandB1.uasset" 3749
"C:/Users/Tsuki/Downloads/CatBurglar_david/CatBurglar/Content/DavidFolder/Assets/LevelEnvironment/ThinGalleryWallA1.uasset" 3750
"C:/Users/Tsuki/Downloads/CatBurglar_david/CatBurglar/Content/DavidFolder/Assets/LevelEnvironment/GalleryWallA1.uasset" 3751
"C:/Users/Tsuki/Downloads/CatBurglar_david/CatBurglar/Content/DavidFolder/Assets/LevelEnvironment/phongE1.uasset" 3752
"C:/Users/Tsuki/Downloads/CatBurglar_david/CatBurglar/Content/DavidFolder/Assets/LevelEnvironment/DoorB.uasset" 3753
"C:/Users/Tsuki/Downloads/CatBurglar_david/CatBurglar/Content/DavidFolder/Assets/LevelEnvironment/GalleryRoof.uasset" 3754
"C:/Users/Tsuki/Downloads/CatBurglar_david/CatBurglar/Content/DavidFolder/Assets/LevelEnvironment/GalleryCornerWallA1.uasset" 3755
"C:/Users/Tsuki/Downloads/CatBurglar_david/CatBurglar/Content/DavidFolder/Assets/LevelEnvironment/Floor.uasset" 3756
"C:/Users/Tsuki/Downloads/CatBurglar_david/CatBurglar/Content/TK_Tools/Blockout_Kit/Mesh/TK_Blockout_Window_02.uasset" 3757
"C:/Users/Tsuki/Downloads/CatBurglar_david/CatBurglar/Content/DavidFolder/Assets/Blueprints/BP_Loot_Master.uasset" 3758
"C:/Users/Tsuki/Downloads/CatBurglar_david/CatBurglar/Content/TK_Tools/Textures/TK_Blockout_Glass_01_MRAO.uasset" 3759
"C:/Users/Tsuki/Downloads/CatBurglar_david/CatBurglar/Content/DavidFolder/Assets/Props/Tuna.uasset" 3760
"C:/Users/Tsuki/Downloads/CatBurglar_david/CatBurglar/Content/TK_Tools/Textures/TK_Blockout_Glass_01_E.uasset" 3761
"C:/Users/Tsuki/Downloads/CatBurglar_david/CatBurglar/Content/TK_Tools/Textures/TK_Blockout_Glass_01_C.uasset" 3762
"C:/Users/Tsuki/Downloads/CatBurglar_david/CatBurglar/Content/DavidFolder/Materials/MI_Treats.uasset" 3763
"C:/Users/Tsuki/Downloads/CatBurglar_david/CatBurglar/Content/_CaBurglar/Cat/SFX/TreatBox_001.uasset" 3764
"/Game/DavidFolder/Materials/Textures/Cat6" 3765
"C:/Users/Tsuki/Downloads/CatBurglar_david/CatBurglar/Content/DavidFolder/Assets/Props/BoxTreats.uasset" 3766
"C:/Users/Tsuki/Downloads/CatBurglar_david/CatBurglar/Content/TK_Tools/Blockout_Kit/Materials/TK_Blockout_Glass_01.uasset" 3767
"C:/Users/Tsuki/Downloads/CatBurglar_david/CatBurglar/Content/TK_Tools/Blockout_Kit/Mesh/TK_Blockout_Window_01.uasset" 3768
"/Game/TK_Tools/Textures/TK_Blockout_Glass_01_E" 3769
"/Game/TK_Tools/Textures/TK_Blockout_Glass_01_MRAO" 3770
"/Game/TK_Tools/Blockout_Kit/Mesh/TK_Blockout_Window_02" 3771
"../../../../Users/Tsuki/Downloads/CatBurglar_david/CatBurglar/Content/TK_Tools/Blockout_Kit/Materials/TK_Blockout_Wall_Grey.uasset" 3772
"../../../../Users/Tsuki/Downloads/CatBurglar_david/CatBurglar/Content/TK_Tools/Shaders/Simple.uasset" 3773
"../../../../Users/Tsuki/Downloads/CatBurglar_david/CatBurglar/Content/TK_Tools/Textures/TK_Blockout_C.uasset" 3774
"../../../../Users/Tsuki/Downloads/CatBurglar_david/CatBurglar/Content/TK_Tools/Textures/TK_Blockout_MRAO.uasset" 3775
"../../../../Users/Tsuki/Downloads/CatBurglar_david/CatBurglar/Content/TK_Tools/Textures/TK_Blockout_N.uasset" 3776
"../../../../Users/Tsuki/Downloads/CatBurglar_david/CatBurglar/Content/TK_Tools/Shaders/Functions/UV_Tools.uasset" 3777
"../../../../Users/Tsuki/Downloads/CatBurglar_david/CatBurglar/Content/TK_Tools/Textures/Flat_E.uasset" 3778
"../../../../Users/Tsuki/Downloads/CatBurglar_david/CatBurglar/Content/TK_Tools/Textures/Flat_MRAO.uasset" 3779
"/Game/DavidFolder/Assets/Blueprints/BP_Loot_Master" 3780
"../../../Engine/Content/EditorBlueprintResources/StandardMacros.uasset" 3781
"../../../../Users/Tsuki/Downloads/CatBurglar_david/CatBurglar/Content/ThirdPerson/Blueprints/BP_ThirdPersonCharacter.uasset" 3782
"../../../../Users/Tsuki/Downloads/CatBurglar_david/CatBurglar/Content/DavidFolder/Materials/M_Emmisive_Master.uasset" 3783
"../../../../Users/Tsuki/Downloads/CatBurglar_david/CatBurglar/Content/_CaBurglar/Cat/Animations/ABP_Cat.uasset" 3784
"../../../../Users/Tsuki/Downloads/CatBurglar_david/CatBurglar/Content/StylizedCreaturesBundle/Animations/Cat/A_Cat_idle.uasset" 3785
"../../../../Users/Tsuki/Downloads/CatBurglar_david/CatBurglar/Content/_CaBurglar/BPI_Interact.uasset" 3786
"../../../../Users/Tsuki/Downloads/CatBurglar_david/CatBurglar/Content/_CaBurglar/Cat/Blueprints/BP_Sonar.uasset" 3787
"../../../../Users/Tsuki/Downloads/CatBurglar_david/CatBurglar/Content/Input/Touch/BPI_TouchInterface.uasset" 3788
"../../../../Users/Tsuki/Downloads/CatBurglar_david/CatBurglar/Content/Input/Actions/IA_Jump.uasset" 3789
"../../../../Users/Tsuki/Downloads/CatBurglar_david/CatBurglar/Content/Input/Actions/IA_Look.uasset" 3790
"../../../../Users/Tsuki/Downloads/CatBurglar_david/CatBurglar/Content/Input/Actions/IA_Meow.uasset" 3791
"../../../../Users/Tsuki/Downloads/CatBurglar_david/CatBurglar/Content/Input/Actions/IA_MouseLook.uasset" 3792
"../../../../Users/Tsuki/Downloads/CatBurglar_david/CatBurglar/Content/Input/Actions/IA_Move.uasset" 3793
"../../../../Users/Tsuki/Downloads/CatBurglar_david/CatBurglar/Content/Input/Actions/IA_Shadowball_Grenade.uasset" 3794
"../../../../Users/Tsuki/Downloads/CatBurglar_david/CatBurglar/Content/Input/Actions/IA_Speed_Grenade.uasset" 3795
"../../../../Users/Tsuki/Downloads/CatBurglar_david/CatBurglar/Content/DavidFolder/Materials/Shaders/MI_Assets_Cat.uasset" 3796
"../../../../Users/Tsuki/Downloads/CatBurglar_david/CatBurglar/Content/DavidFolder/Materials/Shaders/MI_Outline.uasset" 3797
"../../../../Users/Tsuki/Downloads/CatBurglar_david/CatBurglar/Content/DavidFolder/Materials/Shaders/MI_TranslucentShadow.uasset" 3798
"../../../../Users/Tsuki/Downloads/CatBurglar_david/CatBurglar/Content/Free_Magic/VFX_Niagara/NS_Shadow_Grenade.uasset" 3799
"../../../../Users/Tsuki/Downloads/CatBurglar_david/CatBurglar/Content/Free_Magic/VFX_Niagara/NS_Speed_Boost.uasset" 3800
"../../../../Users/Tsuki/Downloads/CatBurglar_david/CatBurglar/Content/_CaBurglar/Cat/SFX/SC_Countdown.uasset" 3801
"../../../../Users/Tsuki/Downloads/CatBurglar_david/CatBurglar/Content/_CaBurglar/Cat/SFX/SC_Meow.uasset" 3802
"../../../../Users/Tsuki/Downloads/CatBurglar_david/CatBurglar/Content/_CaBurglar/Cat/SFX/Shadows_002.uasset" 3803
"../../../../Users/Tsuki/Downloads/CatBurglar_david/CatBurglar/Content/_CaBurglar/Cat/SFX/Shadows_003.uasset" 3804
"../../../../Users/Tsuki/Downloads/CatBurglar_david/CatBurglar/Content/_CaBurglar/Cat/SFX/woosh_low_01.uasset" 3805
"../../../../Users/Tsuki/Downloads/CatBurglar_david/CatBurglar/Content/_CaBurglar/Cat/SFX/woosh_low_03.uasset" 3806
"../../../../Users/Tsuki/Downloads/CatBurglar_david/CatBurglar/Content/_CaBurglar/Widgets/WB_TreatCount.uasset" 3807
"../../../../Users/Tsuki/Downloads/CatBurglar_david/CatBurglar/Content/_CaBurglar/Widgets/WB_Tutorial.uasset" 3808
"../../../../Users/Tsuki/Downloads/CatBurglar_david/CatBurglar/Content/_CaBurglar/Widgets/WB_UI.uasset" 3809
"../../../../Users/Tsuki/Downloads/CatBurglar_david/CatBurglar/Content/StylizedCreaturesBundle/Meshes/Cat/SK_Cat.uasset" 3810
"../../../../Users/Tsuki/Downloads/CatBurglar_david/CatBurglar/Content/StylizedCreaturesBundle/Animations/Cat/A_Cat_Jump_End.uasset" 3811
"../../../../Users/Tsuki/Downloads/CatBurglar_david/CatBurglar/Content/StylizedCreaturesBundle/Animations/Cat/A_Cat_Jump_Loop.uasset" 3812
"../../../../Users/Tsuki/Downloads/CatBurglar_david/CatBurglar/Content/StylizedCreaturesBundle/Animations/Cat/A_Cat_Jump_Start.uasset" 3813
"../../../../Users/Tsuki/Downloads/CatBurglar_david/CatBurglar/Content/_CaBurglar/Cat/Animations/ABS_Cat.uasset" 3814
"../../../../Users/Tsuki/Downloads/CatBurglar_david/CatBurglar/Content/StylizedCreaturesBundle/Meshes/Cat/SKEL_Cat.uasset" 3815
"../../../../Users/Tsuki/Downloads/CatBurglar_david/CatBurglar/Content/_CaBurglar/Guards/BP_Spline_Guard_Parent.uasset" 3816
"../../../Engine/Content/TemplateResources/MI_Template_BaseBlue.uasset" 3817
"../../../Engine/Content/InteractiveToolsFramework/Meshes/GizmoFullCircleHandle.uasset" 3818
"../../../../Users/Tsuki/Downloads/CatBurglar_david/CatBurglar/Content/DavidFolder/Materials/Shaders/M_Assets.uasset" 3819
"../../../../Users/Tsuki/Downloads/CatBurglar_david/CatBurglar/Content/StylizedCreaturesBundle/Textures/Cat/T_Cat_BkWh_D.uasset" 3820
"../../../../Users/Tsuki/Downloads/CatBurglar_david/CatBurglar/Content/StylizedCreaturesBundle/Textures/Cat/T_Cat_E.uasset" 3821
"../../../../Users/Tsuki/Downloads/CatBurglar_david/CatBurglar/Content/StylizedCreaturesBundle/Textures/Cat/T_Cat_N.uasset" 3822
"../../../../Users/Tsuki/Downloads/CatBurglar_david/CatBurglar/Content/StylizedCreaturesBundle/Textures/Cat/T_Cat_ORM.uasset" 3823
"../../../../Users/Tsuki/Downloads/CatBurglar_david/CatBurglar/Content/DavidFolder/Materials/Shaders/M_Outline.uasset" 3824
"../../../../Users/Tsuki/Downloads/CatBurglar_david/CatBurglar/Content/DavidFolder/Materials/Shaders/M_Translucent.uasset" 3825
"../../../../Users/Tsuki/Downloads/CatBurglar_david/CatBurglar/Content/Free_Magic/Materials/M_Free_Magic_Slash.uasset" 3826
"../../../../Users/Tsuki/Downloads/CatBurglar_david/CatBurglar/Content/Free_Magic/Materials/M_Free_Magic_Smoke.uasset" 3827
"../../../../Users/Tsuki/Downloads/CatBurglar_david/CatBurglar/Content/Free_Magic/Materials/M_Free_Magic_Sparks.uasset" 3828
"../../../../Users/Tsuki/Downloads/CatBurglar_david/CatBurglar/Content/Free_Magic/Materials/M_Free_Magic_Star.uasset" 3829
"../../Plugins/FX/Niagara/Content/DynamicInputs/Multiply/Multiply_Float.uasset" 3830
"../../Plugins/FX/Niagara/Content/DynamicInputs/TypeConversions/VectorFromFloat.uasset" 3831
"../../Plugins/FX/Niagara/Content/DynamicInputs/UniformRange/V2/RandomRangeFloat.uasset" 3832
"../../Plugins/FX/Niagara/Content/DynamicInputs/UniformRange/V2/RandomRangeVector.uasset" 3833
"../../Plugins/FX/Niagara/Content/DynamicInputs/ValueFromCurve/FloatFromCurve.uasset" 3834
"../../Plugins/FX/Niagara/Content/Modules/Emitter/EmitterState.uasset" 3835
"../../Plugins/FX/Niagara/Content/Modules/Emitter/SpawnBurst_Instantaneous.uasset" 3836
"../../Plugins/FX/Niagara/Content/Modules/Solvers/SolveForcesAndVelocity.uasset" 3837
"../../Plugins/FX/Niagara/Content/Modules/Spawn/Initialization/V2/InitializeParticle.uasset" 3838
"../../Plugins/FX/Niagara/Content/Modules/Spawn/Location/V2/ShapeLocation.uasset" 3839
"../../Plugins/FX/Niagara/Content/Modules/Spawn/Orientation/V3/InitialMeshOrientation.uasset" 3840
"../../Plugins/FX/Niagara/Content/Modules/Spawn/Velocity/AddVelocity.uasset" 3841
"../../Plugins/FX/Niagara/Content/Modules/System/SystemState.uasset" 3842
"../../Plugins/FX/Niagara/Content/Modules/Update/Color/ScaleColor.uasset" 3843
"../../Plugins/FX/Niagara/Content/Modules/Update/Forces/Drag.uasset" 3844
"../../Plugins/FX/Niagara/Content/Modules/Update/Forces/V2/CurlNoiseForce.uasset" 3845
"../../Plugins/FX/Niagara/Content/Modules/Update/Forces/VortexForce.uasset" 3846
"../../Plugins/FX/Niagara/Content/Modules/Update/Lifetime/ParticleState.uasset" 3847
"../../Plugins/FX/Niagara/Content/Modules/Update/Material/DynamicMaterialParameters.uasset" 3848
"../../Plugins/FX/Niagara/Content/Modules/Update/Orientation/SpriteRotationRate.uasset" 3849
"../../Plugins/FX/Niagara/Content/Modules/Update/Orientation/V3/UpdateMeshOrientation.uasset" 3850
"../../Plugins/FX/Niagara/Content/Modules/Update/Size/ScaleMeshSize.uasset" 3851
"../../Plugins/FX/Niagara/Content/Modules/Update/Size/ScaleSpriteSize.uasset" 3852
"../../Plugins/FX/Niagara/Content/Modules/Update/SubUV/V2/SubUVAnimation.uasset" 3853
"../../../../Users/Tsuki/Downloads/CatBurglar_david/CatBurglar/Content/Free_Magic/Mesh/SM_Free_Magic_Slash1.uasset" 3854
"../../Plugins/FX/Niagara/Content/Enums/Angles/ENiagara_AngleInput.uasset" 3855
"../../Plugins/FX/Niagara/Content/Enums/ENiagara_AttributeSamplingApplyOutput.uasset" 3856
"../../Plugins/FX/Niagara/Content/Enums/ENiagara_ColorInitializationMode.uasset" 3857
"../../Plugins/FX/Niagara/Content/Enums/ENiagara_EmitterStateOptions.uasset" 3858
"../../Plugins/FX/Niagara/Content/Enums/ENiagara_InfiniteLoopDuration.uasset" 3859
"../../Plugins/FX/Niagara/Content/Enums/ENiagara_LifetimeMode.uasset" 3860
"../../Plugins/FX/Niagara/Content/Enums/ENiagara_MassInitializationMode.uasset" 3861
"../../Plugins/FX/Niagara/Content/Enums/ENiagara_PositionInitializationMode.uasset" 3862
"../../Plugins/FX/Niagara/Content/Enums/ENiagara_SizeScaleMode.uasset" 3863
"../../Plugins/FX/Niagara/Content/Enums/ENiagara_SpriteRotationMode.uasset" 3864
"../../Plugins/FX/Niagara/Content/Enums/ENiagara_SubUVLookupMode.uasset" 3865
"../../Plugins/FX/Niagara/Content/Enums/ENiagara_UVFlippingMode.uasset" 3866
"../../Plugins/FX/Niagara/Content/Enums/ENiagaraCalculateRadiusOptions.uasset" 3867
"../../Plugins/FX/Niagara/Content/Enums/ENiagaraChannelCorrelation.uasset" 3868
"../../Plugins/FX/Niagara/Content/Enums/ENiagaraCurlNoiseQuality.uasset" 3869
"../../Plugins/FX/Niagara/Content/Enums/ENiagaraEmitterLifeCycleMode.uasset" 3870
"../../Plugins/FX/Niagara/Content/Enums/ENiagaraEmitterScalabilityMode_Limited.uasset" 3871
"../../Plugins/FX/Niagara/Content/Enums/ENiagaraInactiveMode.uasset" 3872
"../../Plugins/FX/Niagara/Content/Enums/ENiagaraMeshTransforms.uasset" 3873
"../../Plugins/FX/Niagara/Content/Enums/ENiagaraRandomnessEvaluation.uasset" 3874
"../../Plugins/FX/Niagara/Content/Enums/ENiagaraRandomnessMode.uasset" 3875
"../../Plugins/FX/Niagara/Content/Enums/ENiagaraScaleColorMode.uasset" 3876
"../../Plugins/FX/Niagara/Content/Enums/ENiagaraShapeTorusMode.uasset" 3877
"../../Plugins/FX/Niagara/Content/Enums/ENiagaraSphereDistributionMode.uasset" 3878
"../../Plugins/FX/Niagara/Content/Enums/ENiagaraSystemInactiveMode.uasset" 3879
"../../Plugins/FX/Niagara/Content/Enums/ENiagaraTorusDistributionMode.uasset" 3880
"../../Plugins/FX/Niagara/Content/Enums/Location/ENiagara_BoxPlaneMode.uasset" 3881
"../../Plugins/FX/Niagara/Content/Enums/Location/ENiagara_ConeMode.uasset" 3882
"../../Plugins/FX/Niagara/Content/Enums/Location/ENiagara_CylinderMode.uasset" 3883
"../../Plugins/FX/Niagara/Content/Enums/Location/ENiagara_LocationShapes.uasset" 3884
"../../Plugins/FX/Niagara/Content/Enums/Location/ENiagaraRingDiscMode.uasset" 3885
"../../Plugins/FX/Niagara/Content/Enums/Ribbons/ENiagara_UnsetDirectSet.uasset" 3886
"../../Plugins/FX/Niagara/Content/Enums/Ribbons/ENiagara_UnsetDirectSetRandom.uasset" 3887
"../../Plugins/FX/Niagara/Content/Enums/SpriteRenderer/ENiagara_ScaleSpriteSize.uasset" 3888
"../../Plugins/FX/Niagara/Content/Enums/Transforms/ENiagara_MeshOrientationOptions.uasset" 3889
"../../Plugins/FX/Niagara/Content/Enums/Transforms/ENiagara_OffsetMode.uasset" 3890
"../../Plugins/FX/Niagara/Content/Enums/Transforms/ENiagara_RotationMode.uasset" 3891
"../../Plugins/FX/Niagara/Content/Enums/Transforms/ENiagara_ScaleMode.uasset" 3892
"../../Plugins/FX/Niagara/Content/Enums/Transforms/ENiagara_TransformOrder.uasset" 3893
"../../Plugins/FX/Niagara/Content/Enums/Transforms/ENiagara_TransformType.uasset" 3894
"../../Plugins/FX/Niagara/Content/Enums/Utility/ENiagara_OrientVectorCount.uasset" 3895
"../../Plugins/FX/Niagara/Content/Enums/Utility/ENiagara_UpdateMeshOrientationMode.uasset" 3896
"../../Plugins/FX/Niagara/Content/Enums/Utility/ENiagara_VelocityMode.uasset" 3897
"../../Plugins/FX/Niagara/Content/VectorFields/Assets/TilingCurl32.uasset" 3898
"../../../../Users/Tsuki/Downloads/CatBurglar_david/CatBurglar/Content/_CaBurglar/Cat/SFX/Countdown.uasset" 3899
"../../../../Users/Tsuki/Downloads/CatBurglar_david/CatBurglar/Content/_CaBurglar/Cat/SFX/Meow.uasset" 3900
"../../../../Users/Tsuki/Downloads/CatBurglar_david/CatBurglar/Content/_CaBurglar/Cat/SFX/Meow_003.uasset" 3901
"../../../../Users/Tsuki/Downloads/CatBurglar_david/CatBurglar/Content/_CaBurglar/Cat/SFX/Meow_004.uasset" 3902
"../../../../Users/Tsuki/Downloads/CatBurglar_david/CatBurglar/Content/_CaBurglar/Cat/SFX/Meow_Funny_001.uasset" 3903
"../../../../Users/Tsuki/Downloads/CatBurglar_david/CatBurglar/Content/_CaBurglar/Images/UI/E_icon.uasset" 3904
"../../../../Users/Tsuki/Downloads/CatBurglar_david/CatBurglar/Content/_CaBurglar/Images/UI/Meow_icon.uasset" 3905
"../../../../Users/Tsuki/Downloads/CatBurglar_david/CatBurglar/Content/_CaBurglar/Images/UI/Q_Icon.uasset" 3906
"../../../../Users/Tsuki/Downloads/CatBurglar_david/CatBurglar/Content/_CaBurglar/Images/UI/Shift_icon.uasset" 3907
"../../../../Users/Tsuki/Downloads/CatBurglar_david/CatBurglar/Content/_CaBurglar/Images/UI/Smoke_bomb.uasset" 3908
"../../../../Users/Tsuki/Downloads/CatBurglar_david/CatBurglar/Content/_CaBurglar/Images/UI/Sprint_Dash.uasset" 3909
"../../../../Users/Tsuki/Downloads/CatBurglar_david/CatBurglar/Content/StylizedCreaturesBundle/Materials/Instances/Cat/MI_Cat_Rd.uasset" 3910
"../../../../Users/Tsuki/Downloads/CatBurglar_david/CatBurglar/Content/StylizedCreaturesBundle/Meshes/Cat/PA_Cat.uasset" 3911
"../../../../Users/Tsuki/Downloads/CatBurglar_david/CatBurglar/Content/StylizedCreaturesBundle/Animations/Cat/A_Cat_Run_Forward.uasset" 3912
"../../../../Users/Tsuki/Downloads/CatBurglar_david/CatBurglar/Content/_CaBurglar/Guards/Animations/ABP_Guard.uasset" 3913
"../../../../Users/Tsuki/Downloads/CatBurglar_david/CatBurglar/Content/_CaBurglar/Guards/Animations/Run_To_Stop.uasset" 3914
"../../../../Users/Tsuki/Downloads/CatBurglar_david/CatBurglar/Content/StylizedCreaturesBundle/Animations/Cat/A_Cat_Idle01.uasset" 3915
"../../../../Users/Tsuki/Downloads/CatBurglar_david/CatBurglar/Content/_CaBurglar/Guards/BP_Spline_Parent.uasset" 3916
"../../../../Users/Tsuki/Downloads/CatBurglar_david/CatBurglar/Content/_CaBurglar/Cat/SFX/SC_Caught.uasset" 3917
"../../../../Users/Tsuki/Downloads/CatBurglar_david/CatBurglar/Content/_CaBurglar/Guards/Animations/Brutal_To_Happy_Walking.uasset" 3918
"../../../../Users/Tsuki/Downloads/CatBurglar_david/CatBurglar/Content/_CaBurglar/Guards/Enum_GuardState.uasset" 3919
"../../../../Users/Tsuki/Downloads/CatBurglar_david/CatBurglar/Content/_CaBurglar/Guards/SFX/Caught.uasset" 3920
"../../../../Users/Tsuki/Downloads/CatBurglar_david/CatBurglar/Content/_CaBurglar/Guards/SFX/SC_Guard.uasset" 3921
"../../../Engine/Content/TemplateResources/M_Template_Master.uasset" 3922
"../../../../Users/Tsuki/Downloads/CatBurglar_david/CatBurglar/Content/TK_Tools/Textures/Flat_M.uasset" 3923
"../../../../Users/Tsuki/Downloads/CatBurglar_david/CatBurglar/Content/DavidFolder/Materials/Shaders/goegap_4k.uasset" 3924
"../../../../Users/Tsuki/Downloads/CatBurglar_david/CatBurglar/Content/Free_Magic/Textures/T_Free_Magic_Noise1.uasset" 3925
"../../../../Users/Tsuki/Downloads/CatBurglar_david/CatBurglar/Content/Free_Magic/Textures/T_Free_Magic_Noise2.uasset" 3926
"../../../../Users/Tsuki/Downloads/CatBurglar_david/CatBurglar/Content/Free_Magic/Textures/T_Free_Magic_Smoke.uasset" 3927
"../../../Engine/Content/Functions/Engine_MaterialFunctions01/Gradient/RadialGradientExponential.uasset" 3928
"../../../../Users/Tsuki/Downloads/CatBurglar_david/CatBurglar/Content/Free_Magic/Materials/M_Free_Magic_Flash.uasset" 3929
"../../../../Users/Tsuki/Downloads/CatBurglar_david/CatBurglar/Content/Free_Magic/Textures/T_Free_Magic_Star.uasset" 3930
"../../Plugins/FX/Niagara/Content/Functions/V2/CalculateRandomRangeFloat.uasset" 3931
"../../Plugins/FX/Niagara/Content/Functions/V2/CalculateRandomRange.uasset" 3932
"../../Plugins/FX/Niagara/Content/Functions/Emitter/EmitterChangeState.uasset" 3933
"../../Plugins/FX/Niagara/Content/Icons/Modules/T_Icon_Scalability_Emitter.uasset" 3934
"../../Plugins/FX/Niagara/Content/Icons/Modules/T_Icon_Scalability_System.uasset" 3935
"../../Plugins/FX/Niagara/Content/Functions/DirectionAndLengthSafe.uasset" 3936
"../../Plugins/FX/Niagara/Content/Functions/Drag/DragVelocity.uasset" 3937
"../../Plugins/FX/Niagara/Content/Functions/Math/CentimeterMeterConversion.uasset" 3938
"../../Plugins/FX/Niagara/Content/Functions/Rotation/MultiplyVectorWithQuaternion.uasset" 3939
"../../Plugins/FX/Niagara/Content/Modules/Solvers/ApplyRotationVector.uasset" 3940
"../../Plugins/FX/Niagara/Content/Icons/Modules/T_Icon_Solver_LimitAccel.uasset" 3941
"../../Plugins/FX/Niagara/Content/Icons/Modules/T_Icon_Solver_LimitSpeed.uasset" 3942
"../../Plugins/FX/Niagara/Content/Icons/Modules/T_Icon_Solver_RotationalSolve.uasset" 3943
"../../Plugins/FX/Niagara/Content/Functions/LinearColor/HueShiftLinearColor.uasset" 3944
"../../Plugins/FX/Niagara/Content/Functions/Localspace/SimulationPosition.uasset" 3945
"../../Plugins/FX/Niagara/Content/Functions/Localspace/TransformVector.uasset" 3946
"../../Plugins/FX/Niagara/Content/Functions/V2/CalculateRandomBool.uasset" 3947
"../../Plugins/FX/Niagara/Content/Functions/V2/CalculateRandomRangeInteger.uasset" 3948
"../../Plugins/FX/Niagara/Content/Functions/Localspace/TransformPosition.uasset" 3949
"../../Plugins/FX/Niagara/Content/Functions/Math/CalculateRandomPointInConeSphereIntersection.uasset" 3950
"../../Plugins/FX/Niagara/Content/Functions/Math/SaturateFloat.uasset" 3951
"../../Plugins/FX/Niagara/Content/Functions/NormalizedExecutionIndex.uasset" 3952
"../../Plugins/FX/Niagara/Content/Functions/ParametricTorus.uasset" 3953
"../../Plugins/FX/Niagara/Content/Functions/ParametricTorusKnot.uasset" 3954
"../../Plugins/FX/Niagara/Content/Functions/PolarToCartesianCoordinates.uasset" 3955
"../../Plugins/FX/Niagara/Content/Functions/RandomPointInBox.uasset" 3956
"../../Plugins/FX/Niagara/Content/Functions/Rotation/AngleUnitConverter.uasset" 3957
"../../Plugins/FX/Niagara/Content/Functions/Rotation/RotateVector2D.uasset" 3958
"../../Plugins/FX/Niagara/Content/Functions/Rotation/TransformStack/TransformStack_Rotation.uasset" 3959
"../../Plugins/FX/Niagara/Content/Functions/SphericalToCartesianCoordinates.uasset" 3960
"../../Plugins/FX/Niagara/Content/Functions/V2/RemapRange.uasset" 3961
"../../Plugins/FX/Niagara/Content/Enums/ENiagaraExpansionMode.uasset" 3962
"../../Plugins/FX/Niagara/Content/Functions/Rotation/FindQuatBetween.uasset" 3963
"../../Plugins/FX/Niagara/Content/Functions/Rotation/MatrixToQuaternion.uasset" 3964
"../../Plugins/FX/Niagara/Content/Functions/Rotation/MultiplyQuaternion.uasset" 3965
"../../Plugins/FX/Niagara/Content/Functions/Rotation/RandomQuaternion.uasset" 3966
"../../Plugins/FX/Niagara/Content/Functions/Rotation/AxisAngleToQuaternion.uasset" 3967
"../../Plugins/FX/Niagara/Content/Functions/Rotation/InvertQuaternion.uasset" 3968
"../../Plugins/FX/Niagara/Content/Functions/Rotation/MakeQuaternionFrom3BasisVectors.uasset" 3969
"../../Plugins/FX/Niagara/Content/Functions/Rotation/XYZRotationToQuaternion.uasset" 3970
"../../Plugins/FX/Niagara/Content/Functions/V2/CalculateRandomUnitVector.uasset" 3971
"../../Plugins/FX/Niagara/Content/Functions/V2/DistanceBasedFalloff.uasset" 3972
"../../Plugins/FX/Niagara/Content/Functions/System/SystemChangeState.uasset" 3973
"../../Plugins/FX/Niagara/Content/Functions/Localspace/PositionToVector.uasset" 3974
"../../Plugins/FX/Niagara/Content/Functions/V2/ConeMask.uasset" 3975
"../../Plugins/FX/Niagara/Content/VectorFields/Assets/TilingCurl16.uasset" 3976
"../../Plugins/FX/Niagara/Content/VectorFields/Assets/TilingCurl64.uasset" 3977
"../../Plugins/FX/Niagara/Content/Functions/NormalizeDistanceRange.uasset" 3978
"../../Plugins/FX/Niagara/Content/Functions/ProjectVectorOnPlane.uasset" 3979
"../../Plugins/FX/Niagara/Content/Icons/Modules/T_Icon_Particle_InfiniteLife.uasset" 3980
"../../Plugins/FX/Niagara/Content/Enums/Utility/ENiagara_DynamicMaterialParametersInputMode.uasset" 3981
"../../Plugins/FX/Niagara/Content/Functions/CalculateMeshRadius.uasset" 3982
"../../Plugins/FX/Niagara/Content/Functions/DeriveThirdOrthogonalVector.uasset" 3983
"../../Plugins/FX/Niagara/Content/Functions/Helpers/DoOnce_fn.uasset" 3984
"../../Plugins/FX/Niagara/Content/Functions/Helpers/FN_FirstFrame_Numeric.uasset" 3985
"../../Plugins/FX/Niagara/Content/Functions/MakeVectorsOrthogonal.uasset" 3986
"../../Plugins/FX/Niagara/Content/Functions/Math/InterpolateOverTime_V3_.uasset" 3987
"../../Plugins/FX/Niagara/Content/Functions/Math/V2/SmoothLerpOverTime.uasset" 3988
"../../Plugins/FX/Niagara/Content/Functions/Rotation/LerpQuaternion.uasset" 3989
"../../Plugins/FX/Niagara/Content/Functions/Rotation/MakeQuaternionFromXAndYVectors.uasset" 3990
"../../Plugins/FX/Niagara/Content/Functions/Rotation/MakeQuaternionFromXAndZVectors.uasset" 3991
"../../Plugins/FX/Niagara/Content/Functions/Rotation/RotateAngleOnAxis.uasset" 3992
"../../Plugins/FX/Niagara/Content/Functions/Rotation/TwoVectorsToQuaternion.uasset" 3993
"../../Plugins/FX/Niagara/Content/Functions/Helpers/SetBoolByTimer.uasset" 3994
"../../Plugins/FX/Niagara/Content/Functions/RandomRangeInteger.uasset" 3995
"../../Plugins/FX/Niagara/Content/Enums/ENiagara_SubUVLookupModeV2.uasset" 3996
"../../Plugins/FX/Niagara/Content/Enums/ENiagara_WrapClamp.uasset" 3997
"../../Plugins/FX/Niagara/Content/Enums/ENiagaraMeshOrSprite.uasset" 3998
"../../Plugins/FX/Niagara/Content/Enums/SpriteRenderer/ENiagara_AutomaticManual.uasset" 3999
"../../Plugins/FX/Niagara/Content/Enums/SpriteRenderer/ENiagara_FPSPlayrate.uasset" 4000
"../../../../Users/Tsuki/Downloads/CatBurglar_david/CatBurglar/Content/StylizedCreaturesBundle/Materials/M_Base_Master.uasset" 4001
"../../../../Users/Tsuki/Downloads/CatBurglar_david/CatBurglar/Content/StylizedCreaturesBundle/Textures/Cat/T_Cat_Rd_D.uasset" 4002
"../../../../Users/Tsuki/Downloads/CatBurglar_david/CatBurglar/Content/_CaBurglar/Guards/Animations/BS_Guard.uasset" 4003
"../../../../Users/Tsuki/Downloads/CatBurglar_david/CatBurglar/Content/_CaBurglar/Guards/Animations/Brutal_To_Happy_Walking_Skeleton.uasset" 4004
"../../../../Users/Tsuki/Downloads/CatBurglar_david/CatBurglar/Content/_CaBurglar/Cat/SFX/Purr_001.uasset" 4005
"../../../../Users/Tsuki/Downloads/CatBurglar_david/CatBurglar/Content/_CaBurglar/Cat/SFX/Purr_003.uasset" 4006
"../../../../Users/Tsuki/Downloads/CatBurglar_david/CatBurglar/Content/_CaBurglar/Guards/Animations/Beta_HighLimbsGeoSG3.uasset" 4007
"../../../../Users/Tsuki/Downloads/CatBurglar_david/CatBurglar/Content/_CaBurglar/Guards/Animations/Beta_Joints_MAT1.uasset" 4008
"../../../../Users/Tsuki/Downloads/CatBurglar_david/CatBurglar/Content/_CaBurglar/Guards/Animations/Brutal_To_Happy_Walking_PhysicsAsset.uasset" 4009
"../../../../Users/Tsuki/Downloads/CatBurglar_david/CatBurglar/Content/_CaBurglar/Guards/SFX/F_Suprise_001.uasset" 4010
"../../../../Users/Tsuki/Downloads/CatBurglar_david/CatBurglar/Content/_CaBurglar/Guards/SFX/F_Suprise_002.uasset" 4011
"../../../../Users/Tsuki/Downloads/CatBurglar_david/CatBurglar/Content/_CaBurglar/Guards/SFX/M_Surprise_001.uasset" 4012
"../../../../Users/Tsuki/Downloads/CatBurglar_david/CatBurglar/Content/_CaBurglar/Guards/SFX/M_Surprise_002.uasset" 4013
"../../../../Users/Tsuki/Downloads/CatBurglar_david/CatBurglar/Content/_CaBurglar/Guards/SFX/M_Surprise_003.uasset" 4014
"../../../../Users/Tsuki/Downloads/CatBurglar_david/CatBurglar/Content/_CaBurglar/Guards/SFX/M_Surprise_004.uasset" 4015
"../../../Engine/Content/Functions/Engine_MaterialFunctions01/Density/ExponentialDensity.uasset" 4016
"../../../../Users/Tsuki/Downloads/CatBurglar_david/CatBurglar/Content/Free_Magic/Textures/T_Free_Magic_Flash.uasset" 4017
"../../Plugins/FX/Niagara/Content/Functions/Localspace/TransformBase.uasset" 4018
"../../Plugins/FX/Niagara/Content/Functions/RandomRangeFloat.uasset" 4019
"../../Plugins/FX/Niagara/Content/Functions/IsolateLongestVectorComponent.uasset" 4020
"../../Plugins/FX/Niagara/Content/Functions/ChannelMasks/SelectV4Channel.uasset" 4021
"../../Plugins/FX/Niagara/Content/Enums/ENiagaraVector4_Channels.uasset" 4022
"../../Plugins/FX/Niagara/Content/Functions/FindAngleBetweenVectors.uasset" 4023
"../../Plugins/FX/Niagara/Content/Functions/GetRandomInfo.uasset" 4024
"../../../Engine/Content/Functions/Engine_MaterialFunctions01/Gradient/LinearGradient.uasset" 4025
"../../../Engine/Content/Functions/Engine_MaterialFunctions01/ImageAdjustment/CheapContrast.uasset" 4026
"../../../Engine/Content/Functions/Engine_MaterialFunctions01/ImageAdjustment/Contrast_Preserve_Color.uasset" 4027
"../../../Engine/Content/Functions/Engine_MaterialFunctions02/HueShift.uasset" 4028
"../../../Engine/Content/ArtTools/RenderToTexture/Textures/127grey.uasset" 4029
"../../../Engine/Content/EngineMaterials/T_Default_Normal.uasset" 4030
"../../../../Users/Tsuki/Downloads/CatBurglar_david/CatBurglar/Content/_CaBurglar/Guards/Animations/Idle.uasset" 4031
"../../../../Users/Tsuki/Downloads/CatBurglar_david/CatBurglar/Content/_CaBurglar/Guards/Animations/Running.uasset" 4032
"../../../../Users/Tsuki/Downloads/CatBurglar_david/CatBurglar/Content/_CaBurglar/Guards/Animations/Running_02.uasset" 4033
"../../../../Users/Tsuki/Downloads/CatBurglar_david/CatBurglar/Content/_CaBurglar/Guards/Animations/Walking.uasset" 4034
"/Game/DavidFolder/Assets/Blueprints/BP_NewAbility" 4035
"/Game/DavidFolder/Assets/LevelEnvironment/DoorB" 4036
"/Game/TK_Tools/Blockout_Kit/Mesh/TK_Blockout_Window_01" 4037
"/Game/DavidFolder/Assets/LevelEnvironment/Floor" 4038
"/Game/DavidFolder/Assets/LevelEnvironment/GalleryCornerWallA1" 4039
"/Game/DavidFolder/Assets/LevelEnvironment/GalleryRoof" 4040
"/Game/DavidFolder/Assets/LevelEnvironment/GalleryWallA1" 4041
"/Game/DavidFolder/Assets/LevelEnvironment/SmallShowcaseStandB1" 4042
"/Game/DavidFolder/Assets/LevelEnvironment/SmallShowcaseStandB2" 4043
"/Game/DavidFolder/Assets/LevelEnvironment/ThinGalleryWallA1" 4044
"/Game/DavidFolder/Assets/LevelEnvironment/Wall" 4045
"/Game/DavidFolder/Assets/Props/RegularPainting" 4046
"/Game/DavidFolder/Materials/Paintings/MICat1" 4047
"/Game/DavidFolder/Materials/Paintings/MI_Cat3" 4048
"/Game/DavidFolder/Materials/Paintings/MI_CatBread" 4049
"/Game/DavidFolder/Materials/Paintings/MI_CatCapy2" 4050
"C:/Users/Tsuki/Downloads/CatBurglar_david/CatBurglar/Content/TK_Tools/Blockout_Kit/Mesh/TK_Blockout_Stairs_01_4x2.uasset" 4051
"C:/Users/Tsuki/Downloads/CatBurglar_david/CatBurglar/Content/TK_Tools/Blockout_Kit/Materials/TK_Blockout_Floor_DarkGrey.uasset" 4052
"C:/Users/Tsuki/Downloads/CatBurglar_david/CatBurglar/Content/TK_Tools/Blockout_Kit/Mesh/Scale_Ref.uasset" 4053
"C:/Users/Tsuki/Downloads/CatBurglar_david/CatBurglar/Content/TK_Tools/Blockout_Kit/Mesh/TK_Blockout_Wall_Str_4x4.uasset" 4054
"C:/Users/Tsuki/Downloads/CatBurglar_david/CatBurglar/Content/TK_Tools/Blockout_Kit/Materials/TK_Blockout_SideWall_Grey.uasset" 4055
"C:/Users/Tsuki/Downloads/CatBurglar_david/CatBurglar/Content/TK_Tools/Blockout_Kit/Mesh/TK_Blockout_Cylinder_01.uasset" 4056
"C:/Users/Tsuki/Downloads/CatBurglar_david/CatBurglar/Content/DavidFolder/Materials/Shaders/M_CelShader.uasset" 4057
"C:/Users/Tsuki/Downloads/CatBurglar_david/CatBurglar/Content/TK_Tools/Blockout_Kit/Mesh/TK_Blockout_Cube_4x4.uasset" 4058
"C:/Users/Tsuki/Downloads/CatBurglar_david/CatBurglar/Content/TK_Tools/Blockout_Kit/Mesh/TK_Blockout_Door_Simple_01.uasset" 4059
"C:/Users/Tsuki/Downloads/CatBurglar_david/CatBurglar/Content/TK_Tools/Blockout_Kit/Mesh/TK_Blockout_Floor_01_4x4.uasset" 4060
"C:/Users/Tsuki/Downloads/CatBurglar_david/CatBurglar/Content/DavidFolder/Assets/Blueprints/BP_Spotlight_Master.uasset" 4061
"C:/Users/Tsuki/Downloads/CatBurglar_david/CatBurglar/Content/DavidFolder/Assets/Props/Spotlight.uasset" 4062
"C:/Users/Tsuki/Downloads/CatBurglar_david/CatBurglar/Content/DavidFolder/Assets/Blueprints/BPC_Spotlight.uasset" 4063
"C:/Users/Tsuki/Downloads/CatBurglar_david/CatBurglar/Content/DavidFolder/Materials/Shaders/MI_CelShader.uasset" 4064
"C:/Users/Tsuki/Downloads/CatBurglar_david/CatBurglar/Content/DavidFolder/Materials/MI_Spotlights.uasset" 4065
"C:/Users/Tsuki/Downloads/CatBurglar_david/CatBurglar/Content/DavidFolder/Materials/M_Floor_Master.uasset" 4066
"C:/Users/Tsuki/Downloads/CatBurglar_david/CatBurglar/Content/DavidFolder/Materials/MI_Floor_Gallery.uasset" 4067
"C:/Users/Tsuki/Downloads/CatBurglar_david/CatBurglar/Content/DavidFolder/Materials/Textures/Marble.uasset" 4068
"../../../Engine/Content/EngineSky/VolumetricClouds/T_Profile_08.uasset" 4069
"../../../Engine/Content/EngineSky/VolumetricClouds/T_CloudMask.uasset" 4070
"../../../Engine/Content/Functions/Engine_MaterialFunctions02/Utility/BreakOutFloat4Components.uasset" 4071
"../../../Engine/Content/EngineSky/VolumetricClouds/m_SimpleVolumetricCloud.uasset" 4072
"C:/Users/Tsuki/Downloads/CatBurglar_david/CatBurglar/Content/DavidFolder/Materials/Paintings/MI_CatCapy1.uasset" 4073
"../../../Engine/Content/Functions/Engine_MaterialFunctions01/Units/Km-to-Cm.uasset" 4074
"../../../Engine/Content/MobileResources/HUD/VirtualJoystick_Background.uasset" 4075
"../../../Engine/Content/EngineSky/VolumetricClouds/VT_PerlinWorley_Balanced.uasset" 4076
"../../../Engine/Content/EngineSky/VolumetricClouds/VT_Lightning.uasset" 4077
"C:/Users/Tsuki/Downloads/CatBurglar_david/CatBurglar/Content/Input/Touch/UI_Thumbstick.uasset" 4078
"../../../Engine/Content/EngineSky/VolumetricClouds/T_CloudPattern.uasset" 4079
"../../../Engine/Content/Functions/Engine_MaterialFunctions02/Utility/MakeFloat4.uasset" 4080
"../../../Engine/Content/EngineSky/VolumetricClouds/m_SimpleVolumetricCloud_Inst.uasset" 4081
"C:/Users/Tsuki/Downloads/CatBurglar_david/CatBurglar/Content/_CaBurglar/Level/Lvl_Museum.umap" 4082
"/Game/DavidFolder/Assets/Blueprints/BP_Spotlight_Master" 4083
"/Game/DavidFolder/Materials/Shaders/MI_CelShader" 4084
"/Game/TK_Tools/Blockout_Kit/Mesh/Scale_Ref" 4085
"/Game/TK_Tools/Blockout_Kit/Mesh/TK_Blockout_Cube_4x4" 4086
"/Game/TK_Tools/Blockout_Kit/Mesh/TK_Blockout_Cylinder_01" 4087
"/Game/TK_Tools/Blockout_Kit/Mesh/TK_Blockout_Door_Simple_01" 4088
"/Game/TK_Tools/Blockout_Kit/Mesh/TK_Blockout_Floor_01_4x4" 4089
"/Game/TK_Tools/Blockout_Kit/Mesh/TK_Blockout_Stairs_01_4x2" 4090
"/Game/TK_Tools/Blockout_Kit/Mesh/TK_Blockout_Wall_Str_4x4" 4091
"/Game/DavidFolder/Materials/MI_Spotlights" 4092
"/Game/DavidFolder/Materials/Textures/Marble" 4093
"/Game/DavidFolder/Materials/M_Floor_Master" 4094
"/Game/DavidFolder/Materials/MI_Floor_Gallery" 4095
"/Game/DavidFolder/Materials/Paintings/MI_CatCapy1" 4096
"/Engine/EngineSky/VolumetricClouds/T_Profile_08" 4097
"/Engine/EngineSky/VolumetricClouds/T_CloudPattern" 4098
"/Engine/EngineSky/VolumetricClouds/T_CloudMask" 4099
"/Engine/Functions/Engine_MaterialFunctions01/Units/Km-to-Cm" 4100
"/Engine/EngineSky/VolumetricClouds/VT_Lightning" 4101
"/Engine/Functions/Engine_MaterialFunctions02/Utility/MakeFloat4" 4102
"/Engine/Functions/Engine_MaterialFunctions02/Utility/BreakOutFloat4Components" 4103
"/Engine/EngineSky/VolumetricClouds/m_SimpleVolumetricCloud" 4104
"/Engine/MobileResources/HUD/VirtualJoystick_Background" 4105
"/Game/Input/Touch/UI_Thumbstick" 4106
"../../../Engine/Content/MobileResources/HUD/VirtualJoystick_Thumb.uasset" 4107
"C:/Users/Tsuki/Downloads/CatBurglar_david/CatBurglar/Content/Input/IMC_MouseLook.uasset" 4108
"C:/Users/Tsuki/Downloads/CatBurglar_david/CatBurglar/Content/ThirdPerson/Blueprints/BP_ThirdPersonPlayerController.uasset" 4109
"C:/Users/Tsuki/Downloads/CatBurglar_david/CatBurglar/Content/ThirdPerson/Blueprints/BP_ThirdPersonGameMode.uasset" 4110
"../../../Engine/Content/EngineSounds/Submixes/MasterReverbEffectPreset.uasset" 4111
"../../../Engine/Content/EngineSounds/Submixes/MasterEQSubmixDefault.uasset" 4112
"C:/Users/Tsuki/Downloads/CatBurglar_david/CatBurglar/Content/Input/Touch/UI_TouchSimple.uasset" 4113
"/Game/DavidFolder/Assets/Blueprints/BPC_Spotlight" 4114
"../../../Engine/Content/EngineSounds/Submixes/MasterReverbSubmixDefault.uasset" 4115
"C:/Users/Tsuki/Downloads/CatBurglar_david/CatBurglar/Content/Input/IMC_Default.uasset" 4116
"../../../Engine/Plugins/Interchange/Assets/Content/gltf/Textures/T_Anisotropy_Direction_Linear.uasset" 4117
"../../../Engine/Content/EngineSounds/Submixes/MasterSubmixDefault.uasset" 4118
"../../../Engine/Content/EngineSounds/Submixes/MasterEQEffectPreset.uasset" 4119
"../../../Engine/Plugins/Interchange/Assets/Content/Functions/MF_IridescenceNoLUT.uasset" 4120
"../../../Engine/Plugins/Interchange/Assets/Content/gltf/MaterialFunctions/MF_Specular.uasset" 4121
"../../../Engine/Plugins/Interchange/Assets/Content/gltf/MaterialFunctions/MF_Normals.uasset" 4122
"../../../Engine/Plugins/Interchange/Assets/Content/gltf/MaterialFunctions/MF_SpecularAnisotropy.uasset" 4123
"../../../Engine/Plugins/Interchange/Assets/Content/gltf/MaterialFunctions/MF_RotateV2.uasset" 4124
"../../../Engine/Plugins/Interchange/Assets/Content/gltf/MaterialFunctions/MF_Occlusion.uasset" 4125
"../../../Engine/Plugins/Interchange/Assets/Content/gltf/MaterialFunctions/MF_ScaleNormal.uasset" 4126
"../../../Engine/Plugins/Interchange/Assets/Content/gltf/MaterialFunctions/MF_MetallicRoughness.uasset" 4127
"../../../Engine/Plugins/Interchange/Assets/Content/gltf/MaterialFunctions/MF_Iridescence.uasset" 4128
"../../../Engine/Plugins/Interchange/Assets/Content/gltf/MaterialFunctions/MF_IOR.uasset" 4129
"../../../Engine/Plugins/Interchange/Assets/Content/gltf/MaterialFunctions/MF_TransformUVs.uasset" 4130
"../../../Engine/Plugins/Interchange/Assets/Content/gltf/MaterialFunctions/MF_Emissive.uasset" 4131
"../../../Engine/Plugins/Interchange/Assets/Content/gltf/Textures/T_Generic_N.uasset" 4132
"../../../Engine/Plugins/Interchange/Assets/Content/gltf/MaterialFunctions/MF_RotateNormals_TS.uasset" 4133
"../../../Engine/Plugins/Interchange/Assets/Content/gltf/Textures/T_White_Linear.uasset" 4134
"../../../Engine/Plugins/Interchange/Assets/Content/gltf/MaterialFunctions/MF_Clearcoat.uasset" 4135
"/Engine/EngineSky/VolumetricClouds/VT_PerlinWorley_Balanced" 4136
"/Engine/EngineSky/VolumetricClouds/m_SimpleVolumetricCloud_Inst" 4137
"/Game/_CaBurglar/Level/Lvl_Museum" 4138
"../../../../Users/Tsuki/Downloads/CatBurglar_david/CatBurglar/Content/_CaBurglar/Level/Lvl_Museum.umap" 4139
"../../../Engine/Plugins/Interchange/Assets/Content/gltf/Textures/T_White_srgb.uasset" 4140
"../../../Engine/Plugins/Interchange/Assets/Content/Utilities/New_LUT.uasset" 4141
"../../../Engine/Plugins/Interchange/Assets/Content/gltf/MaterialFunctions/MF_BaseColor.uasset" 4142
"../../../Engine/Content/Functions/Engine_MaterialFunctions03/Math/RemapValueRange.uasset" 4143
"../../../Engine/Plugins/Interchange/Assets/Content/gltf/MaterialBodies/MF_ClearCoat_Body.uasset" 4144
"/InterchangeAssets/gltf/MaterialFunctions/MF_Clearcoat" 4145
"../../../Engine/Content/Functions/Engine_MaterialFunctions01/Texturing/FlattenNormal.uasset" 4146
"/InterchangeAssets/gltf/MaterialFunctions/MF_IOR" 4147
"/InterchangeAssets/Functions/MF_IridescenceNoLUT" 4148
"/InterchangeAssets/gltf/MaterialFunctions/MF_MetallicRoughness" 4149
"/InterchangeAssets/gltf/MaterialFunctions/MF_Normals" 4150
"/InterchangeAssets/gltf/MaterialFunctions/MF_Occlusion" 4151
"/InterchangeAssets/gltf/MaterialFunctions/MF_SpecularAnisotropy" 4152
"/InterchangeAssets/gltf/MaterialFunctions/MF_TransformUVs" 4153
"/Engine/EngineSounds/Submixes/MasterReverbSubmixDefault" 4154
"/Game/ThirdPerson/Blueprints/BP_ThirdPersonGameMode" 4155
"../../../Engine/Plugins/Interchange/Assets/Content/gltf/M_ClearCoat.uasset" 4156
"../../../Engine/Plugins/Interchange/Assets/Content/gltf/MaterialBodies/MF_Default_Body.uasset" 4157
"../../../Engine/Plugins/Interchange/Assets/Content/Functions/MF_Iridescence.uasset" 4158
"../../../Engine/Plugins/Interchange/Assets/Content/gltf/M_Default.uasset" 4159
"/InterchangeAssets/Utilities/New_LUT" 4160
"../../../Engine/Plugins/Interchange/Assets/Content/gltf/MaterialInstances/MI_ClearCoat_Mask_DS.uasset" 4161
"../../../Engine/Plugins/Interchange/Assets/Content/gltf/MaterialInstances/MI_ClearCoat_Blend_DS.uasset" 4162
"../../../Engine/Plugins/Interchange/Assets/Content/gltf/MaterialInstances/MI_Default_Opaque_DS.uasset" 4163
"../../../Engine/Plugins/Interchange/Assets/Content/gltf/MaterialInstances/MI_ClearCoat_Blend.uasset" 4164
"../../../Engine/Plugins/Interchange/Assets/Content/gltf/MaterialInstances/MI_Default_Mask.uasset" 4165
"../../../Engine/Plugins/Interchange/Assets/Content/gltf/MaterialInstances/MI_ClearCoat_Opaque_DS.uasset" 4166
"../../../Engine/Plugins/Interchange/Assets/Content/gltf/MaterialInstances/MI_Default_Opaque.uasset" 4167
"../../../Engine/Plugins/Interchange/Assets/Content/gltf/MaterialInstances/MI_ClearCoat_Opaque.uasset" 4168
"../../../Engine/Plugins/Interchange/Assets/Content/gltf/MaterialInstances/MI_Default_Blend.uasset" 4169
"../../../Engine/Plugins/Interchange/Assets/Content/gltf/MaterialInstances/MI_ClearCoat_Mask.uasset" 4170
"../../../Engine/Plugins/Interchange/Assets/Content/gltf/MaterialInstances/MI_Default_Mask_DS.uasset" 4171
"../../../Engine/Plugins/Interchange/Assets/Content/gltf/MaterialInstances/MI_Default_Blend_DS.uasset" 4172
"../../../Engine/Plugins/Interchange/Assets/Content/gltf/M_Sheen.uasset" 4173
"../../../Engine/Plugins/Interchange/Assets/Content/gltf/MaterialInstances/MI_Sheen_Blend.uasset" 4174
"../../../Engine/Plugins/Interchange/Assets/Content/gltf/MaterialBodies/MF_Sheen_Body.uasset" 4175
"../../../Engine/Plugins/Interchange/Assets/Content/gltf/MaterialFunctions/MF_Sheen.uasset" 4176
"../../../Engine/Plugins/Interchange/Assets/Content/gltf/MaterialInstances/MI_Sheen_Opaque.uasset" 4177
"../../../Engine/Plugins/Interchange/Assets/Content/gltf/MaterialInstances/MI_Sheen_Opaque_DS.uasset" 4178
"../../../Engine/Plugins/Interchange/Assets/Content/gltf/MaterialInstances/MI_Sheen_Mask.uasset" 4179
"../../../Engine/Plugins/Interchange/Assets/Content/gltf/MaterialInstances/MI_Sheen_Mask_DS.uasset" 4180
"/InterchangeAssets/gltf/MaterialFunctions/MF_Emissive" 4181
"/InterchangeAssets/gltf/MaterialFunctions/MF_Iridescence" 4182
"/InterchangeAssets/gltf/MaterialFunctions/MF_Specular" 4183
"/Engine/Functions/Engine_MaterialFunctions03/Math/RemapValueRange" 4184
"/InterchangeAssets/gltf/MaterialBodies/MF_ClearCoat_Body" 4185
"../../../Engine/Plugins/Interchange/Assets/Content/gltf/MaterialFunctions/MF_Temporal_Blur.uasset" 4186
"../../../Engine/Plugins/Interchange/Assets/Content/gltf/MaterialFunctions/MF_Transmission.uasset" 4187
"../../../Engine/Plugins/Interchange/Assets/Content/gltf/MaterialBodies/MF_Transmission_Body.uasset" 4188
"../../../Engine/Plugins/Interchange/Assets/Content/gltf/M_Transmission.uasset" 4189
"../../../Engine/Plugins/Interchange/Assets/Content/gltf/MaterialFunctions/MF_Fresnel_DS.uasset" 4190
"/InterchangeAssets/gltf/MaterialInstances/MI_Sheen_Mask_DS" 4191
"../../../Engine/Plugins/Interchange/Assets/Content/gltf/MaterialInstances/MI_Sheen_Blend_DS.uasset" 4192
"../../../Engine/Content/Functions/Engine_MaterialFunctions02/Texturing/ScreenAlignedPixelToPixelUVs.uasset" 4193
"../../../Engine/Plugins/Interchange/Assets/Content/gltf/MaterialInstances/MI_Transmission.uasset" 4194
"/InterchangeAssets/gltf/MaterialInstances/MI_Sheen_Opaque_DS" 4195
"/InterchangeAssets/gltf/MaterialInstances/MI_Sheen_Blend" 4196
"/InterchangeAssets/gltf/MaterialInstances/MI_Sheen_Mask" 4197
"/InterchangeAssets/gltf/MaterialInstances/MI_Sheen_Opaque" 4198
"/Engine/EditorResources/EmptyActor" 4199
"../../../Engine/Content/EditorResources/EmptyActor.uasset" 4200
"/Engine/EngineMaterials/LineSetComponentMaterial" 4201
"../../../Engine/Content/EngineMaterials/LineSetComponentMaterial.uasset" 4202
"../../../Engine/Content/Functions/Engine_MaterialFunctions02/Math/ProjectVectorOntoPlane.uasset" 4203
"/Engine/EngineSounds/Submixes/MasterSubmixDefault" 4204
"/Engine/EngineSounds/Submixes/MasterEQSubmixDefault" 4205
"../../../Engine/Plugins/Interchange/Assets/Shaders/ThinFilmFunctions.usf" 4206
"/InterchangeAssets/gltf/MaterialInstances/MI_Default_Blend_DS" 4207
"/InterchangeAssets/gltf/MaterialInstances/MI_Default_Mask_DS" 4208
"/InterchangeAssets/gltf/MaterialInstances/MI_Default_Opaque_DS" 4209
"/InterchangeAssets/gltf/MaterialInstances/MI_Default_Blend" 4210
"/InterchangeAssets/gltf/MaterialInstances/MI_Default_Mask" 4211
"/InterchangeAssets/gltf/MaterialInstances/MI_Default_Opaque" 4212
"/InterchangeAssets/gltf/MaterialInstances/MI_ClearCoat_Blend_DS" 4213
"/InterchangeAssets/gltf/MaterialInstances/MI_ClearCoat_Mask_DS" 4214
"/InterchangeAssets/gltf/MaterialInstances/MI_ClearCoat_Opaque_DS" 4215
"/InterchangeAssets/gltf/MaterialInstances/MI_ClearCoat_Blend" 4216
"/InterchangeAssets/gltf/MaterialInstances/MI_ClearCoat_Mask" 4217
"/InterchangeAssets/gltf/MaterialInstances/MI_ClearCoat_Opaque" 4218
"../../../Engine/Plugins/Interchange/Assets/Content/gltf/MaterialFunctions/MF_PerceivedBrightness.uasset" 4219
"../../../Engine/Plugins/Interchange/Assets/Content/gltf/MaterialFunctions/MF_SpecGlossToMetalRoughness.uasset" 4220
"../../../Engine/Plugins/Interchange/Assets/Content/gltf/MaterialInstances/MI_SpecularGlossiness_Opaque.uasset" 4221
"../../../Engine/Plugins/Interchange/Assets/Content/gltf/MaterialInstances/MI_SpecularGlossiness_Mask.uasset" 4222
"../../../Engine/Plugins/Interchange/Assets/Content/gltf/MaterialFunctions/MF_MaxComponentValue.uasset" 4223
"../../../Engine/Plugins/Interchange/Assets/Content/gltf/MaterialFunctions/MF_DiffuseSpecGloss.uasset" 4224
"../../../Engine/Content/Functions/Engine_MaterialFunctions02/Math/AddComponents.uasset" 4225
"../../../Engine/Plugins/Interchange/Assets/Content/gltf/MaterialBodies/MF_SpecularGlossiness_Body.uasset" 4226
"../../../Engine/Plugins/Interchange/Assets/Content/gltf/MaterialInstances/MI_Transmission_DS.uasset" 4227
"../../../Engine/Plugins/Interchange/Assets/Content/gltf/MaterialInstances/MI_SpecularGlossiness_Blend.uasset" 4228
"../../../Engine/Plugins/Interchange/Assets/Content/gltf/MaterialInstances/MI_SpecularGlossiness_Blend_DS.uasset" 4229
"../../../Engine/Plugins/Interchange/Assets/Content/gltf/MaterialInstances/MI_SpecularGlossiness_Mask_DS.uasset" 4230
"../../../Engine/Plugins/Interchange/Assets/Content/gltf/MaterialBodies/MF_Unlit_Body.uasset" 4231
"../../../Engine/Plugins/Interchange/Assets/Content/gltf/MaterialInstances/MI_SpecularGlossiness_Opaque_DS.uasset" 4232
"../../../Engine/Plugins/Interchange/Assets/Content/gltf/M_Unlit.uasset" 4233
"../../../Engine/Plugins/Interchange/Assets/Content/gltf/MaterialInstances/MI_Unlit_Opaque.uasset" 4234
"../../../Engine/Plugins/Interchange/Assets/Content/gltf/MaterialInstances/MI_Unlit_Mask.uasset" 4235
"../../../Engine/Plugins/Interchange/Assets/Content/gltf/MaterialInstances/MI_Unlit_Blend.uasset" 4236
"../../../Engine/Plugins/Interchange/Assets/Content/gltf/MaterialInstances/MI_Unlit_Opaque_DS.uasset" 4237
"../../../Engine/Plugins/Interchange/Assets/Content/gltf/MaterialInstances/MI_Unlit_Mask_DS.uasset" 4238
"../../../Engine/Plugins/Interchange/Assets/Content/gltf/M_SpecularGlossiness.uasset" 4239
"../../../Engine/Plugins/Interchange/Assets/Content/gltf/MaterialInstances/MI_Unlit_Blend_DS.uasset" 4240
"/InterchangeAssets/gltf/MaterialInstances/MI_Transmission" 4241
"/InterchangeAssets/gltf/MaterialInstances/MI_Sheen_Blend_DS" 4242
"../../../Engine/Plugins/Interchange/Assets/Content/Functions/MF_OrenNayerView.uasset" 4243
"../../../Engine/Plugins/Interchange/Assets/Content/Functions/MX_TransmissionSurface.uasset" 4244
"../../../Engine/Plugins/Interchange/Assets/Content/Functions/MX_OpenPBR_Translucent.uasset" 4245
"../../../Engine/Plugins/Interchange/Assets/Content/Functions/MX_Transmission.uasset" 4246
"../../../Engine/Plugins/Interchange/Assets/Content/Functions/MX_StandardSurface.uasset" 4247
"../../../Engine/Content/Functions/Substrate/MF_SchlickInternal.uasset" 4248
"../../../Engine/Content/Functions/Engine_MaterialFunctions01/Volumetrics/BeersLaw.uasset" 4249
"/InterchangeAssets/gltf/MaterialInstances/MI_Unlit_Blend_DS" 4250
"/InterchangeAssets/gltf/MaterialInstances/MI_Unlit_Mask_DS" 4251
"/InterchangeAssets/gltf/MaterialInstances/MI_Unlit_Opaque_DS" 4252
"/InterchangeAssets/gltf/MaterialInstances/MI_Unlit_Blend" 4253
"/InterchangeAssets/gltf/MaterialInstances/MI_Unlit_Mask" 4254
"/InterchangeAssets/gltf/MaterialInstances/MI_Unlit_Opaque" 4255
"/InterchangeAssets/gltf/MaterialInstances/MI_SpecularGlossiness_Blend_DS" 4256
"/InterchangeAssets/gltf/MaterialInstances/MI_SpecularGlossiness_Mask_DS" 4257
"/InterchangeAssets/gltf/MaterialInstances/MI_SpecularGlossiness_Opaque_DS" 4258
"/InterchangeAssets/gltf/MaterialInstances/MI_SpecularGlossiness_Blend" 4259
"/InterchangeAssets/gltf/MaterialInstances/MI_SpecularGlossiness_Mask" 4260
"/InterchangeAssets/gltf/MaterialInstances/MI_SpecularGlossiness_Opaque" 4261
"/InterchangeAssets/gltf/MaterialInstances/MI_Transmission_DS" 4262
"../../../Engine/Plugins/Interchange/Assets/Content/Functions/MX_OpenPBR_Opaque.uasset" 4263
"/InterchangeAssets/Functions/MX_OpenPBR_Translucent" 4264
"../../../Engine/Plugins/Animation/ControlRig/Content/Controls/ControlRig_Sphere_solid.uasset" 4265
"../../../Engine/Plugins/Animation/ControlRig/Content/Controls/ControlRig_Arrow2_3mm.uasset" 4266
"../../../Engine/Plugins/Animation/ControlRig/Content/Controls/ControlRig_Arrow2_1mm.uasset" 4267
"../../../Engine/Plugins/Animation/ControlRig/Content/Controls/ControlRig_Arrow2_solid.uasset" 4268
"../../../Engine/Plugins/Animation/ControlRig/Content/Controls/ControlRig_Arrow4_1mm.uasset" 4269
"../../../Engine/Plugins/Animation/ControlRig/Content/Controls/ControlRig_Arrow4_3mm.uasset" 4270
"../../../Engine/Plugins/Animation/ControlRig/Content/Controls/ControlRig_Arrow4_solid.uasset" 4271
"../../../Engine/Plugins/Animation/ControlRig/Content/Controls/ControlRig_Arrow_solid.uasset" 4272
"../../../Engine/Plugins/Animation/ControlRig/Content/Controls/ControlRig_Box_1mm.uasset" 4273
"../../../Engine/Plugins/Animation/ControlRig/Content/Controls/ControlRig_Arrow_3mm.uasset" 4274
"../../../Engine/Plugins/Animation/ControlRig/Content/Controls/ControlRig_Arrow_1mm.uasset" 4275
"../../../Engine/Plugins/Animation/ControlRig/Content/Controls/ControlRig_Box_3mm.uasset" 4276
"../../../Engine/Plugins/Animation/ControlRig/Content/Controls/ControlRig_Circle_1mm.uasset" 4277
"../../../Engine/Plugins/Animation/ControlRig/Content/Controls/ControlRig_Circle_solid.uasset" 4278
"../../../Engine/Plugins/Animation/ControlRig/Content/Controls/ControlRig_Circle_3mm.uasset" 4279
"../../../Engine/Plugins/Animation/ControlRig/Content/Controls/ControlRig_Diamond_1mm.uasset" 4280
"../../../Engine/Plugins/Animation/ControlRig/Content/Controls/ControlRig_Diamond_solid.uasset" 4281
"../../../Engine/Plugins/Animation/ControlRig/Content/Controls/ControlRig_Diamond_3mm.uasset" 4282
"../../../Engine/Plugins/Animation/ControlRig/Content/Controls/ControlRig_HalfCircle_1mm.uasset" 4283
"../../../Engine/Plugins/Animation/ControlRig/Content/Controls/ControlRig_HalfCircle_3mm.uasset" 4284
"../../../Engine/Plugins/Animation/ControlRig/Content/Controls/ControlRig_HalfCircle_solid.uasset" 4285
"../../../Engine/Plugins/Animation/ControlRig/Content/Controls/ControlRig_Box_solid.uasset" 4286
"/InterchangeAssets/Functions/MX_OpenPBR_Opaque" 4287
"/ControlRig/Controls/ControlRig_Arrow4_3mm" 4288
"/ControlRig/Controls/ControlRig_HalfCircle_solid" 4289
"/ControlRig/Controls/ControlRig_HalfCircle_3mm" 4290
"/ControlRig/Controls/ControlRig_HalfCircle_1mm" 4291
"/ControlRig/Controls/ControlRig_Diamond_solid" 4292
"/ControlRig/Controls/ControlRig_Arrow4_1mm" 4293
"/ControlRig/Controls/ControlRig_Diamond_3mm" 4294
"/ControlRig/Controls/ControlRig_Diamond_1mm" 4295
"/ControlRig/Controls/ControlRig_Circle_solid" 4296
"/ControlRig/Controls/ControlRig_Circle_3mm" 4297
"/ControlRig/Controls/ControlRig_Circle_1mm" 4298
"/ControlRig/Controls/ControlRig_Arrow2_solid" 4299
"/ControlRig/Controls/ControlRig_Box_solid" 4300
"/ControlRig/Controls/ControlRig_Box_3mm" 4301
"/ControlRig/Controls/ControlRig_Box_1mm" 4302
"/ControlRig/Controls/ControlRig_Arrow_solid" 4303
"/ControlRig/Controls/ControlRig_Arrow_3mm" 4304
"/ControlRig/Controls/ControlRig_Arrow_1mm" 4305
"/ControlRig/Controls/ControlRig_Arrow4_solid" 4306
"/ControlRig/Controls/ControlRig_Arrow2_3mm" 4307
"/ControlRig/Controls/ControlRig_Arrow2_1mm" 4308
"/ControlRig/Controls/ControlRig_Sphere_solid" 4309
"../../../Engine/Plugins/Animation/ControlRig/Content/Controls/ControlRig_Hexagon_3mm.uasset" 4310
"../../../Engine/Plugins/Animation/ControlRig/Content/Controls/ControlRig_Hexagon_1mm.uasset" 4311
"../../../Engine/Plugins/Animation/ControlRig/Content/Controls/ControlRig_Hexagon_solid.uasset" 4312
"../../../Engine/Plugins/Animation/ControlRig/Content/Controls/ControlRig_Octagon_1mm.uasset" 4313
"../../../Engine/Plugins/Animation/ControlRig/Content/Controls/ControlRig_Octagon_3mm.uasset" 4314
"../../../Engine/Plugins/Animation/ControlRig/Content/Controls/ControlRig_Octagon_solid.uasset" 4315
"../../../Engine/Plugins/Animation/ControlRig/Content/Controls/ControlRig_Pyramid_1mm.uasset" 4316
"../../../Engine/Plugins/Animation/ControlRig/Content/Controls/ControlRig_Pyramid_3mm.uasset" 4317
"../../../Engine/Plugins/Animation/ControlRig/Content/Controls/ControlRig_Pyramid_solid.uasset" 4318
"../../../Engine/Plugins/Animation/ControlRig/Content/Controls/ControlRig_QuarterCircle_1mm.uasset" 4319
"../../../Engine/Plugins/Animation/ControlRig/Content/Controls/ControlRig_QuarterCircle_3mm.uasset" 4320
"../../../Engine/Plugins/Animation/ControlRig/Content/Controls/ControlRig_QuarterCircle_solid.uasset" 4321
"../../../Engine/Plugins/Animation/ControlRig/Content/Controls/ControlRig_RoundedSquare_1mm.uasset" 4322
"../../../Engine/Plugins/Animation/ControlRig/Content/Controls/ControlRig_RoundedSquare_3mm.uasset" 4323
"../../../Engine/Plugins/Animation/ControlRig/Content/Controls/ControlRig_RoundedSquare_solid.uasset" 4324
"/ControlRig/Controls/ControlRig_RoundedSquare_1mm" 4325
"../../../Engine/Plugins/Animation/ControlRig/Content/Controls/ControlRig_RoundedTriangle_1mm.uasset" 4326
"../../../Engine/Plugins/Animation/ControlRig/Content/Controls/ControlRig_RoundedTriangle_3mm.uasset" 4327
"../../../Engine/Plugins/Animation/ControlRig/Content/Controls/ControlRig_RoundedTriangle_solid.uasset" 4328
"../../../Engine/Plugins/Animation/ControlRig/Content/Controls/ControlRig_Sphere_1mm.uasset" 4329
"../../../Engine/Plugins/Animation/ControlRig/Content/Controls/ControlRig_Sphere_3mm.uasset" 4330
"../../../Engine/Plugins/Animation/ControlRig/Content/Controls/ControlRig_Square_1mm.uasset" 4331
"/ControlRig/Controls/ControlRig_QuarterCircle_solid" 4332
"../../../Engine/Plugins/Animation/ControlRig/Content/Controls/ControlRig_Square_3mm.uasset" 4333
"../../../Engine/Plugins/Animation/ControlRig/Content/Controls/ControlRig_Square_solid.uasset" 4334
"../../../Engine/Plugins/Animation/ControlRig/Content/Controls/ControlRig_Star4_1mm.uasset" 4335
"../../../Engine/Plugins/Animation/ControlRig/Content/Controls/ControlRig_Star4_3mm.uasset" 4336
"/ControlRig/Controls/ControlRig_QuarterCircle_3mm" 4337
"../../../Engine/Plugins/Animation/ControlRig/Content/Controls/ControlRig_Triangle_3mm.uasset" 4338
"../../../Engine/Plugins/Animation/ControlRig/Content/Controls/ControlRig_Triangle_1mm.uasset" 4339
"../../../Engine/Plugins/Animation/ControlRig/Content/Controls/ControlRig_Star4_solid.uasset" 4340
"../../../Engine/Plugins/Animation/ControlRig/Content/Controls/ControlRig_Wedge_1mm.uasset" 4341
"../../../Engine/Plugins/Animation/ControlRig/Content/Controls/ControlRig_Wedge_3mm.uasset" 4342
"../../../Engine/Plugins/Animation/ControlRig/Content/Controls/ControlRig_Triangle_solid.uasset" 4343
"/ControlRig/Controls/ControlRig_QuarterCircle_1mm" 4344
"../../../Engine/Plugins/Animation/ControlRig/Content/Controls/ControlRig_Wedge_solid.uasset" 4345
"/ControlRig/Controls/ControlRig_Pyramid_solid" 4346
"/ControlRig/Controls/ControlRig_Pyramid_3mm" 4347
"/ControlRig/Controls/ControlRig_Pyramid_1mm" 4348
"/ControlRig/Controls/ControlRig_Octagon_solid" 4349
"/ControlRig/Controls/ControlRig_Octagon_3mm" 4350
"/ControlRig/Controls/ControlRig_Octagon_1mm" 4351
"/ControlRig/Controls/ControlRig_Hexagon_solid" 4352
"/ControlRig/Controls/ControlRig_Hexagon_3mm" 4353
"/ControlRig/Controls/ControlRig_Hexagon_1mm" 4354
"/ControlRig/Controls/ControlRig_Wedge_solid" 4355
"/ControlRig/Controls/ControlRig_Wedge_3mm" 4356
"/ControlRig/Controls/ControlRig_Triangle_solid" 4357
"/ControlRig/Controls/ControlRig_Triangle_3mm" 4358
"/ControlRig/Controls/ControlRig_Triangle_1mm" 4359
"/ControlRig/Controls/ControlRig_Wedge_1mm" 4360
"/ControlRig/Controls/ControlRig_Star4_solid" 4361
"/ControlRig/Controls/ControlRig_Square_solid" 4362
"/ControlRig/Controls/ControlRig_Star4_3mm" 4363
"/ControlRig/Controls/ControlRig_Square_3mm" 4364
"/ControlRig/Controls/ControlRig_Square_1mm" 4365
"/ControlRig/Controls/ControlRig_Sphere_3mm" 4366
"/ControlRig/Controls/ControlRig_Sphere_1mm" 4367
"/ControlRig/Controls/ControlRig_RoundedTriangle_solid" 4368
"/ControlRig/Controls/ControlRig_RoundedTriangle_3mm" 4369
"/ControlRig/Controls/ControlRig_RoundedTriangle_1mm" 4370
"/ControlRig/Controls/ControlRig_RoundedSquare_solid" 4371
"/ControlRig/Controls/ControlRig_RoundedSquare_3mm" 4372
"/ControlRig/Controls/ControlRig_Star4_1mm" 4373
"../../../Engine/Content/Maps/Entry_BuiltData.uasset" 4374
"../../../Engine/Content/Maps/Entry.umap" 4375
"/Engine/Maps/Entry" 4376
"../../../Engine/Content/EditorMaterials/PreviewShadowIndicatorMaterial.uasset" 4377
"../../../Engine/Content/EditorMaterials/PreviewShadowIndicator.uasset" 4378
"../../../Engine/Content/EngineMaterials/Substrate/GLints/dict_16_192_64_0p5_0p02_0063_0015.uasset" 4379
"../../../Engine/Content/EngineMaterials/Substrate/GLints/dict_16_192_64_0p5_0p02_0063_0014.uasset" 4380
"../../../Engine/Content/EngineMaterials/Substrate/GLints/dict_16_192_64_0p5_0p02_0063_0013.uasset" 4381
"../../../Engine/Content/EngineMaterials/Substrate/GLints/dict_16_192_64_0p5_0p02_0063_0012.uasset" 4382
"../../../Engine/Content/EngineMaterials/Substrate/GLints/dict_16_192_64_0p5_0p02_0063_0011.uasset" 4383
"../../../Engine/Content/EngineMaterials/Substrate/GLints/dict_16_192_64_0p5_0p02_0063_0010.uasset" 4384
"../../../Engine/Content/EngineMaterials/Substrate/GLints/dict_16_192_64_0p5_0p02_0063_0009.uasset" 4385
"../../../Engine/Content/EngineMaterials/Substrate/GLints/dict_16_192_64_0p5_0p02_0063_0008.uasset" 4386
"../../../Engine/Content/EngineMaterials/Substrate/GLints/dict_16_192_64_0p5_0p02_0063_0006.uasset" 4387
"../../../Engine/Content/EngineMaterials/Substrate/GLints/dict_16_192_64_0p5_0p02_0063_0007.uasset" 4388
"../../../Engine/Content/EngineMaterials/Substrate/GLints/dict_16_192_64_0p5_0p02_0063_0005.uasset" 4389
"../../../Engine/Content/EngineMaterials/Substrate/GLints/dict_16_192_64_0p5_0p02_0063_0004.uasset" 4390
"../../../Engine/Content/EngineMaterials/Substrate/GLints/dict_16_192_64_0p5_0p02_0063_0003.uasset" 4391
"../../../Engine/Content/EngineMaterials/Substrate/GLints/dict_16_192_64_0p5_0p02_0063_0002.uasset" 4392
"../../../Engine/Content/EngineMaterials/Substrate/GLints/dict_16_192_64_0p5_0p02_0063_0001.uasset" 4393
"../../../Engine/Content/EngineMaterials/Substrate/GLints/dict_16_192_64_0p5_0p02_0063_0000.uasset" 4394
"../../../Engine/Content/EngineMaterials/Substrate/GLints/dict_16_192_64_0p5_0p02_0062_0015.uasset" 4395
"../../../Engine/Content/EngineMaterials/Substrate/GLints/dict_16_192_64_0p5_0p02_0062_0014.uasset" 4396
"../../../Engine/Content/EngineMaterials/Substrate/GLints/dict_16_192_64_0p5_0p02_0062_0013.uasset" 4397
"../../../Engine/Content/EngineMaterials/Substrate/GLints/dict_16_192_64_0p5_0p02_0062_0012.uasset" 4398
"../../../Engine/Content/EngineMaterials/Substrate/GLints/dict_16_192_64_0p5_0p02_0062_0011.uasset" 4399
"../../../Engine/Content/EngineMaterials/Substrate/GLints/dict_16_192_64_0p5_0p02_0062_0010.uasset" 4400
"../../../Engine/Content/EngineMaterials/Substrate/GLints/dict_16_192_64_0p5_0p02_0062_0009.uasset" 4401
"../../../Engine/Content/EngineMaterials/Substrate/GLints/dict_16_192_64_0p5_0p02_0062_0008.uasset" 4402
"../../../Engine/Content/EngineMaterials/Substrate/GLints/dict_16_192_64_0p5_0p02_0062_0007.uasset" 4403
"../../../Engine/Content/EngineMaterials/Substrate/GLints/dict_16_192_64_0p5_0p02_0062_0006.uasset" 4404
"../../../Engine/Content/EngineMaterials/Substrate/GLints/dict_16_192_64_0p5_0p02_0062_0005.uasset" 4405
"../../../Engine/Content/EngineMaterials/Substrate/GLints/dict_16_192_64_0p5_0p02_0062_0004.uasset" 4406
"../../../Engine/Content/EngineMaterials/Substrate/GLints/dict_16_192_64_0p5_0p02_0062_0003.uasset" 4407
"../../../Engine/Content/EngineMaterials/Substrate/GLints/dict_16_192_64_0p5_0p02_0062_0002.uasset" 4408
"/Engine/EngineMaterials/Substrate/GLints/dict_16_192_64_0p5_0p02_0062_0015" 4409
"/Engine/EngineMaterials/Substrate/GLints/dict_16_192_64_0p5_0p02_0063_0000" 4410
"/Engine/EngineMaterials/Substrate/GLints/dict_16_192_64_0p5_0p02_0063_0001" 4411
"/Engine/EngineMaterials/Substrate/GLints/dict_16_192_64_0p5_0p02_0063_0002" 4412
"/Engine/EngineMaterials/Substrate/GLints/dict_16_192_64_0p5_0p02_0063_0003" 4413
"/Engine/EngineMaterials/Substrate/GLints/dict_16_192_64_0p5_0p02_0063_0004" 4414
"/Engine/EngineMaterials/Substrate/GLints/dict_16_192_64_0p5_0p02_0063_0005" 4415
"/Engine/EngineMaterials/Substrate/GLints/dict_16_192_64_0p5_0p02_0063_0006" 4416
"/Engine/EngineMaterials/Substrate/GLints/dict_16_192_64_0p5_0p02_0063_0007" 4417
"/Engine/EngineMaterials/Substrate/GLints/dict_16_192_64_0p5_0p02_0063_0008" 4418
"/Engine/EngineMaterials/Substrate/GLints/dict_16_192_64_0p5_0p02_0063_0009" 4419
"/Engine/EngineMaterials/Substrate/GLints/dict_16_192_64_0p5_0p02_0063_0010" 4420
"/Engine/EngineMaterials/Substrate/GLints/dict_16_192_64_0p5_0p02_0063_0011" 4421
"/Engine/EngineMaterials/Substrate/GLints/dict_16_192_64_0p5_0p02_0063_0012" 4422
"/Engine/EngineMaterials/Substrate/GLints/dict_16_192_64_0p5_0p02_0063_0013" 4423
"/Engine/EngineMaterials/Substrate/GLints/dict_16_192_64_0p5_0p02_0063_0014" 4424
"/Engine/EngineMaterials/Substrate/GLints/dict_16_192_64_0p5_0p02_0063_0015" 4425
"/Engine/EditorMaterials/PreviewShadowIndicatorMaterial" 4426
"/Engine/EngineMaterials/Substrate/GLints/dict_16_192_64_0p5_0p02_0062_0002" 4427
"/Engine/EngineMaterials/Substrate/GLints/dict_16_192_64_0p5_0p02_0062_0003" 4428
"/Engine/EngineMaterials/Substrate/GLints/dict_16_192_64_0p5_0p02_0062_0004" 4429
"/Engine/EngineMaterials/Substrate/GLints/dict_16_192_64_0p5_0p02_0062_0005" 4430
"/Engine/EngineMaterials/Substrate/GLints/dict_16_192_64_0p5_0p02_0062_0006" 4431
"/Engine/EngineMaterials/Substrate/GLints/dict_16_192_64_0p5_0p02_0062_0007" 4432
"/Engine/EngineMaterials/Substrate/GLints/dict_16_192_64_0p5_0p02_0062_0008" 4433
"/Engine/EngineMaterials/Substrate/GLints/dict_16_192_64_0p5_0p02_0062_0009" 4434
"/Engine/EngineMaterials/Substrate/GLints/dict_16_192_64_0p5_0p02_0062_0010" 4435
"/Engine/EngineMaterials/Substrate/GLints/dict_16_192_64_0p5_0p02_0062_0011" 4436
"/Engine/EngineMaterials/Substrate/GLints/dict_16_192_64_0p5_0p02_0062_0012" 4437
"/Engine/EngineMaterials/Substrate/GLints/dict_16_192_64_0p5_0p02_0062_0013" 4438
"/Engine/EngineMaterials/Substrate/GLints/dict_16_192_64_0p5_0p02_0062_0014" 4439
"../../../Engine/Content/EngineMaterials/Substrate/GLints/dict_16_192_64_0p5_0p02_0062_0000.uasset" 4440
"../../../Engine/Content/EngineMaterials/Substrate/GLints/dict_16_192_64_0p5_0p02_0062_0001.uasset" 4441
"../../../Engine/Content/EngineMaterials/Substrate/GLints/dict_16_192_64_0p5_0p02_0061_0015.uasset" 4442
"../../../Engine/Content/EngineMaterials/Substrate/GLints/dict_16_192_64_0p5_0p02_0061_0014.uasset" 4443
"../../../Engine/Content/EngineMaterials/Substrate/GLints/dict_16_192_64_0p5_0p02_0061_0013.uasset" 4444
"../../../Engine/Content/EngineMaterials/Substrate/GLints/dict_16_192_64_0p5_0p02_0061_0012.uasset" 4445
"../../../Engine/Content/EngineMaterials/Substrate/GLints/dict_16_192_64_0p5_0p02_0061_0011.uasset" 4446
"../../../Engine/Content/EngineMaterials/Substrate/GLints/dict_16_192_64_0p5_0p02_0061_0010.uasset" 4447
"../../../Engine/Content/EngineMaterials/Substrate/GLints/dict_16_192_64_0p5_0p02_0061_0009.uasset" 4448
"../../../Engine/Content/EngineMaterials/Substrate/GLints/dict_16_192_64_0p5_0p02_0061_0008.uasset" 4449
"../../../Engine/Content/EngineMaterials/Substrate/GLints/dict_16_192_64_0p5_0p02_0061_0007.uasset" 4450
"../../../Engine/Content/EngineMaterials/Substrate/GLints/dict_16_192_64_0p5_0p02_0061_0006.uasset" 4451
"../../../Engine/Content/EngineMaterials/Substrate/GLints/dict_16_192_64_0p5_0p02_0061_0005.uasset" 4452
"../../../Engine/Content/EngineMaterials/Substrate/GLints/dict_16_192_64_0p5_0p02_0061_0004.uasset" 4453
"../../../Engine/Content/EngineMaterials/Substrate/GLints/dict_16_192_64_0p5_0p02_0061_0003.uasset" 4454
"../../../Engine/Content/EngineMaterials/Substrate/GLints/dict_16_192_64_0p5_0p02_0061_0002.uasset" 4455
"../../../Engine/Content/EngineMaterials/Substrate/GLints/dict_16_192_64_0p5_0p02_0061_0000.uasset" 4456
"../../../Engine/Content/EngineMaterials/Substrate/GLints/dict_16_192_64_0p5_0p02_0061_0001.uasset" 4457
"../../../Engine/Content/EngineMaterials/Substrate/GLints/dict_16_192_64_0p5_0p02_0060_0015.uasset" 4458
"../../../Engine/Content/EngineMaterials/Substrate/GLints/dict_16_192_64_0p5_0p02_0060_0014.uasset" 4459
"../../../Engine/Content/EngineMaterials/Substrate/GLints/dict_16_192_64_0p5_0p02_0060_0013.uasset" 4460
"../../../Engine/Content/EngineMaterials/Substrate/GLints/dict_16_192_64_0p5_0p02_0060_0012.uasset" 4461
"../../../Engine/Content/EngineMaterials/Substrate/GLints/dict_16_192_64_0p5_0p02_0060_0011.uasset" 4462
"../../../Engine/Content/EngineMaterials/Substrate/GLints/dict_16_192_64_0p5_0p02_0060_0010.uasset" 4463
"../../../Engine/Content/EngineMaterials/Substrate/GLints/dict_16_192_64_0p5_0p02_0060_0009.uasset" 4464
"../../../Engine/Content/EngineMaterials/Substrate/GLints/dict_16_192_64_0p5_0p02_0060_0008.uasset" 4465
"../../../Engine/Content/EngineMaterials/Substrate/GLints/dict_16_192_64_0p5_0p02_0060_0007.uasset" 4466
"../../../Engine/Content/EngineMaterials/Substrate/GLints/dict_16_192_64_0p5_0p02_0060_0006.uasset" 4467
"../../../Engine/Content/EngineMaterials/Substrate/GLints/dict_16_192_64_0p5_0p02_0060_0005.uasset" 4468
"../../../Engine/Content/EngineMaterials/Substrate/GLints/dict_16_192_64_0p5_0p02_0060_0004.uasset" 4469
"../../../Engine/Content/EngineMaterials/Substrate/GLints/dict_16_192_64_0p5_0p02_0060_0003.uasset" 4470
"../../../Engine/Content/EngineMaterials/Substrate/GLints/dict_16_192_64_0p5_0p02_0060_0002.uasset" 4471
"../../../Engine/Plugins/Animation/DeformerGraph/Shaders/Private/DataInterfaceCustomComputeKernel.ush" 4472
"../../../Engine/Plugins/Animation/DeformerGraph/Shaders/Private/DataInterfaceCloth.ush" 4473
"../../../Engine/Plugins/Animation/DeformerGraph/Shaders/Private/DataInterfaceSkinnedMeshRead.ush" 4474
"../../../Engine/Plugins/Animation/DeformerGraph/Shaders/Private/DataInterfaceSkeleton.ush" 4475
"../../../Engine/Plugins/Animation/DeformerGraph/Shaders/Private/DataInterfaceSkeletonCommon.ush" 4476
"../../../Engine/Plugins/Animation/DeformerGraph/Shaders/Private/DataInterfaceMorphTarget.ush" 4477
"../../../Engine/Plugins/Animation/DeformerGraph/Shaders/Private/DataInterfaceSkinnedMeshWrite.ush" 4478
"../../../Engine/Plugins/Animation/DeformerGraph/Shaders/Private/DataInterfaceRawBuffer.ush" 4479
"../../../Engine/Plugins/Runtime/ComputeFramework/Shaders/Private/BufferAlias.ush" 4480
"../../../Engine/Plugins/Animation/DeformerGraph/Shaders/Private/DataInterfaceSkinnedMesh.ush" 4481
"../../../Engine/Plugins/Animation/DeformerGraph/Shaders/Private/DataInterfaceHalfEdge.ush" 4482
"/Engine/EngineMaterials/Substrate/GLints/dict_16_192_64_0p5_0p02_0060_0002" 4483
"/Engine/EngineMaterials/Substrate/GLints/dict_16_192_64_0p5_0p02_0060_0003" 4484
"/Engine/EngineMaterials/Substrate/GLints/dict_16_192_64_0p5_0p02_0060_0004" 4485
"/Engine/EngineMaterials/Substrate/GLints/dict_16_192_64_0p5_0p02_0060_0005" 4486
"/Engine/EngineMaterials/Substrate/GLints/dict_16_192_64_0p5_0p02_0060_0006" 4487
"/Engine/EngineMaterials/Substrate/GLints/dict_16_192_64_0p5_0p02_0060_0007" 4488
"/Engine/EngineMaterials/Substrate/GLints/dict_16_192_64_0p5_0p02_0060_0008" 4489
"/Engine/EngineMaterials/Substrate/GLints/dict_16_192_64_0p5_0p02_0060_0009" 4490
"/Engine/EngineMaterials/Substrate/GLints/dict_16_192_64_0p5_0p02_0060_0010" 4491
"/Engine/EngineMaterials/Substrate/GLints/dict_16_192_64_0p5_0p02_0060_0011" 4492
"/Engine/EngineMaterials/Substrate/GLints/dict_16_192_64_0p5_0p02_0060_0012" 4493
"/Engine/EngineMaterials/Substrate/GLints/dict_16_192_64_0p5_0p02_0060_0013" 4494
"/Engine/EngineMaterials/Substrate/GLints/dict_16_192_64_0p5_0p02_0060_0014" 4495
"/Engine/EngineMaterials/Substrate/GLints/dict_16_192_64_0p5_0p02_0060_0015" 4496
"/Engine/EngineMaterials/Substrate/GLints/dict_16_192_64_0p5_0p02_0061_0000" 4497
"/Engine/EngineMaterials/Substrate/GLints/dict_16_192_64_0p5_0p02_0061_0001" 4498
"/Engine/EngineMaterials/Substrate/GLints/dict_16_192_64_0p5_0p02_0061_0002" 4499
"/Engine/EngineMaterials/Substrate/GLints/dict_16_192_64_0p5_0p02_0061_0003" 4500
"/Engine/EngineMaterials/Substrate/GLints/dict_16_192_64_0p5_0p02_0061_0004" 4501
"/Engine/EngineMaterials/Substrate/GLints/dict_16_192_64_0p5_0p02_0061_0005" 4502
"/Engine/EngineMaterials/Substrate/GLints/dict_16_192_64_0p5_0p02_0061_0006" 4503
"/Engine/EngineMaterials/Substrate/GLints/dict_16_192_64_0p5_0p02_0061_0007" 4504
"/Engine/EngineMaterials/Substrate/GLints/dict_16_192_64_0p5_0p02_0061_0008" 4505
"/Engine/EngineMaterials/Substrate/GLints/dict_16_192_64_0p5_0p02_0061_0009" 4506
"/Engine/EngineMaterials/Substrate/GLints/dict_16_192_64_0p5_0p02_0061_0010" 4507
"/Engine/EngineMaterials/Substrate/GLints/dict_16_192_64_0p5_0p02_0061_0011" 4508
"/Engine/EngineMaterials/Substrate/GLints/dict_16_192_64_0p5_0p02_0061_0012" 4509
"/Engine/EngineMaterials/Substrate/GLints/dict_16_192_64_0p5_0p02_0061_0013" 4510
"/Engine/EngineMaterials/Substrate/GLints/dict_16_192_64_0p5_0p02_0061_0014" 4511
"/Engine/EngineMaterials/Substrate/GLints/dict_16_192_64_0p5_0p02_0061_0015" 4512
"/Engine/EngineMaterials/Substrate/GLints/dict_16_192_64_0p5_0p02_0062_0000" 4513
"/Engine/EngineMaterials/Substrate/GLints/dict_16_192_64_0p5_0p02_0062_0001" 4514
"../../../Engine/Content/EngineMaterials/Substrate/GLints/dict_16_192_64_0p5_0p02_0060_0001.uasset" 4515
"../../../Engine/Content/EngineMaterials/Substrate/GLints/dict_16_192_64_0p5_0p02_0060_0000.uasset" 4516
"../../../Engine/Content/EngineMaterials/Substrate/GLints/dict_16_192_64_0p5_0p02_0059_0014.uasset" 4517
"../../../Engine/Content/EngineMaterials/Substrate/GLints/dict_16_192_64_0p5_0p02_0059_0015.uasset" 4518
"../../../Engine/Content/EngineMaterials/Substrate/GLints/dict_16_192_64_0p5_0p02_0059_0013.uasset" 4519
"../../../Engine/Content/EngineMaterials/Substrate/GLints/dict_16_192_64_0p5_0p02_0059_0012.uasset" 4520
"../../../Engine/Content/EngineMaterials/Substrate/GLints/dict_16_192_64_0p5_0p02_0059_0011.uasset" 4521
"../../../Engine/Content/EngineMaterials/Substrate/GLints/dict_16_192_64_0p5_0p02_0059_0010.uasset" 4522
"../../../Engine/Content/EngineMaterials/Substrate/GLints/dict_16_192_64_0p5_0p02_0059_0009.uasset" 4523
"../../../Engine/Content/EngineMaterials/Substrate/GLints/dict_16_192_64_0p5_0p02_0059_0007.uasset" 4524
"../../../Engine/Content/EngineMaterials/Substrate/GLints/dict_16_192_64_0p5_0p02_0059_0008.uasset" 4525
"../../../Engine/Content/EngineMaterials/Substrate/GLints/dict_16_192_64_0p5_0p02_0059_0005.uasset" 4526
"../../../Engine/Content/EngineMaterials/Substrate/GLints/dict_16_192_64_0p5_0p02_0059_0004.uasset" 4527
"../../../Engine/Content/EngineMaterials/Substrate/GLints/dict_16_192_64_0p5_0p02_0059_0006.uasset" 4528
"../../../Engine/Content/EngineMaterials/Substrate/GLints/dict_16_192_64_0p5_0p02_0059_0003.uasset" 4529
"../../../Engine/Content/EngineMaterials/Substrate/GLints/dict_16_192_64_0p5_0p02_0059_0002.uasset" 4530
"../../../Engine/Content/EngineMaterials/Substrate/GLints/dict_16_192_64_0p5_0p02_0059_0001.uasset" 4531
"../../../Engine/Content/EngineMaterials/Substrate/GLints/dict_16_192_64_0p5_0p02_0058_0015.uasset" 4532
"../../../Engine/Content/EngineMaterials/Substrate/GLints/dict_16_192_64_0p5_0p02_0059_0000.uasset" 4533
"../../../Engine/Content/EngineMaterials/Substrate/GLints/dict_16_192_64_0p5_0p02_0058_0014.uasset" 4534
"../../../Engine/Content/EngineMaterials/Substrate/GLints/dict_16_192_64_0p5_0p02_0058_0013.uasset" 4535
"../../../Engine/Content/EngineMaterials/Substrate/GLints/dict_16_192_64_0p5_0p02_0058_0012.uasset" 4536
"../../../Engine/Content/EngineMaterials/Substrate/GLints/dict_16_192_64_0p5_0p02_0058_0009.uasset" 4537
"../../../Engine/Content/EngineMaterials/Substrate/GLints/dict_16_192_64_0p5_0p02_0058_0011.uasset" 4538
"../../../Engine/Content/EngineMaterials/Substrate/GLints/dict_16_192_64_0p5_0p02_0058_0010.uasset" 4539
"../../../Engine/Content/EngineMaterials/Substrate/GLints/dict_16_192_64_0p5_0p02_0058_0008.uasset" 4540
"../../../Engine/Content/EngineMaterials/Substrate/GLints/dict_16_192_64_0p5_0p02_0058_0007.uasset" 4541
"../../../Engine/Content/EngineMaterials/Substrate/GLints/dict_16_192_64_0p5_0p02_0058_0005.uasset" 4542
"../../../Engine/Content/EngineMaterials/Substrate/GLints/dict_16_192_64_0p5_0p02_0058_0004.uasset" 4543
"../../../Engine/Content/EngineMaterials/Substrate/GLints/dict_16_192_64_0p5_0p02_0058_0006.uasset" 4544
"../../../Engine/Content/EngineMaterials/Substrate/GLints/dict_16_192_64_0p5_0p02_0058_0003.uasset" 4545
"../../../Engine/Content/EngineMaterials/Substrate/GLints/dict_16_192_64_0p5_0p02_0058_0002.uasset" 4546
"/Engine/EngineMaterials/Substrate/GLints/dict_16_192_64_0p5_0p02_0058_0002" 4547
"/Engine/EngineMaterials/Substrate/GLints/dict_16_192_64_0p5_0p02_0058_0003" 4548
"/Engine/EngineMaterials/Substrate/GLints/dict_16_192_64_0p5_0p02_0058_0004" 4549
"/Engine/EngineMaterials/Substrate/GLints/dict_16_192_64_0p5_0p02_0058_0005" 4550
"/Engine/EngineMaterials/Substrate/GLints/dict_16_192_64_0p5_0p02_0058_0006" 4551
"/Engine/EngineMaterials/Substrate/GLints/dict_16_192_64_0p5_0p02_0058_0007" 4552
"/Engine/EngineMaterials/Substrate/GLints/dict_16_192_64_0p5_0p02_0058_0008" 4553
"/Engine/EngineMaterials/Substrate/GLints/dict_16_192_64_0p5_0p02_0058_0009" 4554
"/Engine/EngineMaterials/Substrate/GLints/dict_16_192_64_0p5_0p02_0058_0010" 4555
"/Engine/EngineMaterials/Substrate/GLints/dict_16_192_64_0p5_0p02_0058_0011" 4556
"/Engine/EngineMaterials/Substrate/GLints/dict_16_192_64_0p5_0p02_0058_0012" 4557
"/Engine/EngineMaterials/Substrate/GLints/dict_16_192_64_0p5_0p02_0058_0013" 4558
"/Engine/EngineMaterials/Substrate/GLints/dict_16_192_64_0p5_0p02_0058_0014" 4559
"/Engine/EngineMaterials/Substrate/GLints/dict_16_192_64_0p5_0p02_0058_0015" 4560
"/Engine/EngineMaterials/Substrate/GLints/dict_16_192_64_0p5_0p02_0059_0000" 4561
"/Engine/EngineMaterials/Substrate/GLints/dict_16_192_64_0p5_0p02_0059_0001" 4562
"/Engine/EngineMaterials/Substrate/GLints/dict_16_192_64_0p5_0p02_0059_0002" 4563
"/Engine/EngineMaterials/Substrate/GLints/dict_16_192_64_0p5_0p02_0059_0003" 4564
"/Engine/EngineMaterials/Substrate/GLints/dict_16_192_64_0p5_0p02_0059_0004" 4565
"/Engine/EngineMaterials/Substrate/GLints/dict_16_192_64_0p5_0p02_0059_0005" 4566
"/Engine/EngineMaterials/Substrate/GLints/dict_16_192_64_0p5_0p02_0059_0006" 4567
"/Engine/EngineMaterials/Substrate/GLints/dict_16_192_64_0p5_0p02_0059_0007" 4568
"/Engine/EngineMaterials/Substrate/GLints/dict_16_192_64_0p5_0p02_0059_0008" 4569
"/Engine/EngineMaterials/Substrate/GLints/dict_16_192_64_0p5_0p02_0059_0009" 4570
"/Engine/EngineMaterials/Substrate/GLints/dict_16_192_64_0p5_0p02_0059_0010" 4571
"/Engine/EngineMaterials/Substrate/GLints/dict_16_192_64_0p5_0p02_0059_0011" 4572
"/Engine/EngineMaterials/Substrate/GLints/dict_16_192_64_0p5_0p02_0059_0012" 4573
"/Engine/EngineMaterials/Substrate/GLints/dict_16_192_64_0p5_0p02_0059_0013" 4574
"/Engine/EngineMaterials/Substrate/GLints/dict_16_192_64_0p5_0p02_0059_0014" 4575
"/Engine/EngineMaterials/Substrate/GLints/dict_16_192_64_0p5_0p02_0059_0015" 4576
"/Engine/EngineMaterials/Substrate/GLints/dict_16_192_64_0p5_0p02_0060_0000" 4577
"/Engine/EngineMaterials/Substrate/GLints/dict_16_192_64_0p5_0p02_0060_0001" 4578
"../../../Engine/Content/EngineMaterials/Substrate/GLints/dict_16_192_64_0p5_0p02_0058_0001.uasset" 4579
"../../../Engine/Content/EngineMaterials/Substrate/GLints/dict_16_192_64_0p5_0p02_0058_0000.uasset" 4580
"../../../Engine/Content/EngineMaterials/Substrate/GLints/dict_16_192_64_0p5_0p02_0057_0015.uasset" 4581
"../../../Engine/Content/EngineMaterials/Substrate/GLints/dict_16_192_64_0p5_0p02_0057_0014.uasset" 4582
"../../../Engine/Content/EngineMaterials/Substrate/GLints/dict_16_192_64_0p5_0p02_0057_0013.uasset" 4583
"../../../Engine/Content/EngineMaterials/Substrate/GLints/dict_16_192_64_0p5_0p02_0057_0012.uasset" 4584
"../../../Engine/Content/EngineMaterials/Substrate/GLints/dict_16_192_64_0p5_0p02_0057_0011.uasset" 4585
"../../../Engine/Content/EngineMaterials/Substrate/GLints/dict_16_192_64_0p5_0p02_0057_0010.uasset" 4586
"../../../Engine/Content/EngineMaterials/Substrate/GLints/dict_16_192_64_0p5_0p02_0057_0009.uasset" 4587
"../../../Engine/Content/EngineMaterials/Substrate/GLints/dict_16_192_64_0p5_0p02_0057_0008.uasset" 4588
"../../../Engine/Content/EngineMaterials/Substrate/GLints/dict_16_192_64_0p5_0p02_0057_0007.uasset" 4589
"../../../Engine/Content/EngineMaterials/Substrate/GLints/dict_16_192_64_0p5_0p02_0057_0006.uasset" 4590
"../../../Engine/Content/EngineMaterials/Substrate/GLints/dict_16_192_64_0p5_0p02_0057_0005.uasset" 4591
"../../../Engine/Content/EngineMaterials/Substrate/GLints/dict_16_192_64_0p5_0p02_0057_0003.uasset" 4592
"../../../Engine/Content/EngineMaterials/Substrate/GLints/dict_16_192_64_0p5_0p02_0057_0004.uasset" 4593
"../../../Engine/Content/EngineMaterials/Substrate/GLints/dict_16_192_64_0p5_0p02_0057_0002.uasset" 4594
"../../../Engine/Content/EngineMaterials/Substrate/GLints/dict_16_192_64_0p5_0p02_0057_0001.uasset" 4595
"../../../Engine/Content/EngineMaterials/Substrate/GLints/dict_16_192_64_0p5_0p02_0057_0000.uasset" 4596
"../../../Engine/Content/EngineMaterials/Substrate/GLints/dict_16_192_64_0p5_0p02_0056_0015.uasset" 4597
"../../../Engine/Content/EngineMaterials/Substrate/GLints/dict_16_192_64_0p5_0p02_0056_0014.uasset" 4598
"../../../Engine/Content/EngineMaterials/Substrate/GLints/dict_16_192_64_0p5_0p02_0056_0013.uasset" 4599
"../../../Engine/Content/EngineMaterials/Substrate/GLints/dict_16_192_64_0p5_0p02_0056_0012.uasset" 4600
"../../../Engine/Content/EngineMaterials/Substrate/GLints/dict_16_192_64_0p5_0p02_0056_0011.uasset" 4601
"../../../Engine/Content/EngineMaterials/Substrate/GLints/dict_16_192_64_0p5_0p02_0056_0010.uasset" 4602
"../../../Engine/Content/EngineMaterials/Substrate/GLints/dict_16_192_64_0p5_0p02_0056_0009.uasset" 4603
"../../../Engine/Content/EngineMaterials/Substrate/GLints/dict_16_192_64_0p5_0p02_0056_0008.uasset" 4604
"../../../Engine/Content/EngineMaterials/Substrate/GLints/dict_16_192_64_0p5_0p02_0056_0007.uasset" 4605
"../../../Engine/Content/EngineMaterials/Substrate/GLints/dict_16_192_64_0p5_0p02_0056_0006.uasset" 4606
"../../../Engine/Content/EngineMaterials/Substrate/GLints/dict_16_192_64_0p5_0p02_0056_0005.uasset" 4607
"../../../Engine/Content/EngineMaterials/Substrate/GLints/dict_16_192_64_0p5_0p02_0056_0004.uasset" 4608
"../../../Engine/Content/EngineMaterials/Substrate/GLints/dict_16_192_64_0p5_0p02_0056_0003.uasset" 4609
"../../../Engine/Content/EngineMaterials/Substrate/GLints/dict_16_192_64_0p5_0p02_0056_0002.uasset" 4610
"/Engine/EngineMaterials/Substrate/GLints/dict_16_192_64_0p5_0p02_0056_0002" 4611
"/Engine/EngineMaterials/Substrate/GLints/dict_16_192_64_0p5_0p02_0056_0003" 4612
"/Engine/EngineMaterials/Substrate/GLints/dict_16_192_64_0p5_0p02_0056_0004" 4613
"/Engine/EngineMaterials/Substrate/GLints/dict_16_192_64_0p5_0p02_0056_0005" 4614
"/Engine/EngineMaterials/Substrate/GLints/dict_16_192_64_0p5_0p02_0056_0006" 4615
"/Engine/EngineMaterials/Substrate/GLints/dict_16_192_64_0p5_0p02_0056_0007" 4616
"/Engine/EngineMaterials/Substrate/GLints/dict_16_192_64_0p5_0p02_0056_0008" 4617
"/Engine/EngineMaterials/Substrate/GLints/dict_16_192_64_0p5_0p02_0056_0009" 4618
"/Engine/EngineMaterials/Substrate/GLints/dict_16_192_64_0p5_0p02_0056_0010" 4619
"/Engine/EngineMaterials/Substrate/GLints/dict_16_192_64_0p5_0p02_0056_0011" 4620
"/Engine/EngineMaterials/Substrate/GLints/dict_16_192_64_0p5_0p02_0056_0012" 4621
"/Engine/EngineMaterials/Substrate/GLints/dict_16_192_64_0p5_0p02_0056_0013" 4622
"/Engine/EngineMaterials/Substrate/GLints/dict_16_192_64_0p5_0p02_0056_0014" 4623
"/Engine/EngineMaterials/Substrate/GLints/dict_16_192_64_0p5_0p02_0056_0015" 4624
"/Engine/EngineMaterials/Substrate/GLints/dict_16_192_64_0p5_0p02_0057_0000" 4625
"/Engine/EngineMaterials/Substrate/GLints/dict_16_192_64_0p5_0p02_0057_0001" 4626
"/Engine/EngineMaterials/Substrate/GLints/dict_16_192_64_0p5_0p02_0057_0002" 4627
"/Engine/EngineMaterials/Substrate/GLints/dict_16_192_64_0p5_0p02_0057_0003" 4628
"/Engine/EngineMaterials/Substrate/GLints/dict_16_192_64_0p5_0p02_0057_0004" 4629
"/Engine/EngineMaterials/Substrate/GLints/dict_16_192_64_0p5_0p02_0057_0005" 4630
"/Engine/EngineMaterials/Substrate/GLints/dict_16_192_64_0p5_0p02_0057_0006" 4631
"/Engine/EngineMaterials/Substrate/GLints/dict_16_192_64_0p5_0p02_0057_0007" 4632
"/Engine/EngineMaterials/Substrate/GLints/dict_16_192_64_0p5_0p02_0057_0008" 4633
"/Engine/EngineMaterials/Substrate/GLints/dict_16_192_64_0p5_0p02_0057_0009" 4634
"/Engine/EngineMaterials/Substrate/GLints/dict_16_192_64_0p5_0p02_0057_0010" 4635
"/Engine/EngineMaterials/Substrate/GLints/dict_16_192_64_0p5_0p02_0057_0011" 4636
"/Engine/EngineMaterials/Substrate/GLints/dict_16_192_64_0p5_0p02_0057_0012" 4637
"/Engine/EngineMaterials/Substrate/GLints/dict_16_192_64_0p5_0p02_0057_0013" 4638
"/Engine/EngineMaterials/Substrate/GLints/dict_16_192_64_0p5_0p02_0057_0014" 4639
"/Engine/EngineMaterials/Substrate/GLints/dict_16_192_64_0p5_0p02_0057_0015" 4640
"/Engine/EngineMaterials/Substrate/GLints/dict_16_192_64_0p5_0p02_0058_0000" 4641
"/Engine/EngineMaterials/Substrate/GLints/dict_16_192_64_0p5_0p02_0058_0001" 4642
"../../../Engine/Content/EngineMaterials/Substrate/GLints/dict_16_192_64_0p5_0p02_0056_0000.uasset" 4643
"../../../Engine/Content/EngineMaterials/Substrate/GLints/dict_16_192_64_0p5_0p02_0056_0001.uasset" 4644
"../../../Engine/Content/EngineMaterials/Substrate/GLints/dict_16_192_64_0p5_0p02_0055_0015.uasset" 4645
"../../../Engine/Content/EngineMaterials/Substrate/GLints/dict_16_192_64_0p5_0p02_0055_0014.uasset" 4646
"../../../Engine/Content/EngineMaterials/Substrate/GLints/dict_16_192_64_0p5_0p02_0055_0013.uasset" 4647
"../../../Engine/Content/EngineMaterials/Substrate/GLints/dict_16_192_64_0p5_0p02_0055_0012.uasset" 4648
"../../../Engine/Content/EngineMaterials/Substrate/GLints/dict_16_192_64_0p5_0p02_0055_0011.uasset" 4649
"../../../Engine/Content/EngineMaterials/Substrate/GLints/dict_16_192_64_0p5_0p02_0055_0009.uasset" 4650
"../../../Engine/Content/EngineMaterials/Substrate/GLints/dict_16_192_64_0p5_0p02_0055_0010.uasset" 4651
"../../../Engine/Content/EngineMaterials/Substrate/GLints/dict_16_192_64_0p5_0p02_0055_0008.uasset" 4652
"../../../Engine/Content/EngineMaterials/Substrate/GLints/dict_16_192_64_0p5_0p02_0055_0007.uasset" 4653
"../../../Engine/Content/EngineMaterials/Substrate/GLints/dict_16_192_64_0p5_0p02_0055_0005.uasset" 4654
"../../../Engine/Content/EngineMaterials/Substrate/GLints/dict_16_192_64_0p5_0p02_0055_0006.uasset" 4655
"../../../Engine/Content/EngineMaterials/Substrate/GLints/dict_16_192_64_0p5_0p02_0055_0004.uasset" 4656
"../../../Engine/Content/EngineMaterials/Substrate/GLints/dict_16_192_64_0p5_0p02_0055_0003.uasset" 4657
"../../../Engine/Content/EngineMaterials/Substrate/GLints/dict_16_192_64_0p5_0p02_0055_0002.uasset" 4658
"../../../Engine/Content/EngineMaterials/Substrate/GLints/dict_16_192_64_0p5_0p02_0055_0001.uasset" 4659
"../../../Engine/Content/EngineMaterials/Substrate/GLints/dict_16_192_64_0p5_0p02_0055_0000.uasset" 4660
"../../../Engine/Content/EngineMaterials/Substrate/GLints/dict_16_192_64_0p5_0p02_0054_0015.uasset" 4661
"../../../Engine/Content/EngineMaterials/Substrate/GLints/dict_16_192_64_0p5_0p02_0054_0014.uasset" 4662
"../../../Engine/Content/EngineMaterials/Substrate/GLints/dict_16_192_64_0p5_0p02_0054_0013.uasset" 4663
"../../../Engine/Content/EngineMaterials/Substrate/GLints/dict_16_192_64_0p5_0p02_0054_0012.uasset" 4664
"../../../Engine/Content/EngineMaterials/Substrate/GLints/dict_16_192_64_0p5_0p02_0054_0011.uasset" 4665
"../../../Engine/Content/EngineMaterials/Substrate/GLints/dict_16_192_64_0p5_0p02_0054_0009.uasset" 4666
"../../../Engine/Content/EngineMaterials/Substrate/GLints/dict_16_192_64_0p5_0p02_0054_0010.uasset" 4667
"../../../Engine/Content/EngineMaterials/Substrate/GLints/dict_16_192_64_0p5_0p02_0054_0008.uasset" 4668
"../../../Engine/Content/EngineMaterials/Substrate/GLints/dict_16_192_64_0p5_0p02_0054_0007.uasset" 4669
"../../../Engine/Content/EngineMaterials/Substrate/GLints/dict_16_192_64_0p5_0p02_0054_0006.uasset" 4670
"../../../Engine/Content/EngineMaterials/Substrate/GLints/dict_16_192_64_0p5_0p02_0054_0005.uasset" 4671
"../../../Engine/Content/EngineMaterials/Substrate/GLints/dict_16_192_64_0p5_0p02_0054_0004.uasset" 4672
"../../../Engine/Content/EngineMaterials/Substrate/GLints/dict_16_192_64_0p5_0p02_0054_0003.uasset" 4673
"../../../Engine/Content/EngineMaterials/Substrate/GLints/dict_16_192_64_0p5_0p02_0054_0002.uasset" 4674
"/Engine/EngineMaterials/Substrate/GLints/dict_16_192_64_0p5_0p02_0054_0002" 4675
"/Engine/EngineMaterials/Substrate/GLints/dict_16_192_64_0p5_0p02_0054_0003" 4676
"/Engine/EngineMaterials/Substrate/GLints/dict_16_192_64_0p5_0p02_0054_0004" 4677
"/Engine/EngineMaterials/Substrate/GLints/dict_16_192_64_0p5_0p02_0054_0005" 4678
"/Engine/EngineMaterials/Substrate/GLints/dict_16_192_64_0p5_0p02_0054_0006" 4679
"/Engine/EngineMaterials/Substrate/GLints/dict_16_192_64_0p5_0p02_0054_0007" 4680
"/Engine/EngineMaterials/Substrate/GLints/dict_16_192_64_0p5_0p02_0054_0008" 4681
"/Engine/EngineMaterials/Substrate/GLints/dict_16_192_64_0p5_0p02_0054_0009" 4682
"/Engine/EngineMaterials/Substrate/GLints/dict_16_192_64_0p5_0p02_0054_0010" 4683
"/Engine/EngineMaterials/Substrate/GLints/dict_16_192_64_0p5_0p02_0054_0011" 4684
"/Engine/EngineMaterials/Substrate/GLints/dict_16_192_64_0p5_0p02_0054_0012" 4685
"/Engine/EngineMaterials/Substrate/GLints/dict_16_192_64_0p5_0p02_0054_0013" 4686
"/Engine/EngineMaterials/Substrate/GLints/dict_16_192_64_0p5_0p02_0054_0014" 4687
"/Engine/EngineMaterials/Substrate/GLints/dict_16_192_64_0p5_0p02_0054_0015" 4688
"/Engine/EngineMaterials/Substrate/GLints/dict_16_192_64_0p5_0p02_0055_0000" 4689
"/Engine/EngineMaterials/Substrate/GLints/dict_16_192_64_0p5_0p02_0055_0001" 4690
"/Engine/EngineMaterials/Substrate/GLints/dict_16_192_64_0p5_0p02_0055_0002" 4691
"/Engine/EngineMaterials/Substrate/GLints/dict_16_192_64_0p5_0p02_0055_0003" 4692
"/Engine/EngineMaterials/Substrate/GLints/dict_16_192_64_0p5_0p02_0055_0004" 4693
"/Engine/EngineMaterials/Substrate/GLints/dict_16_192_64_0p5_0p02_0055_0005" 4694
"/Engine/EngineMaterials/Substrate/GLints/dict_16_192_64_0p5_0p02_0055_0006" 4695
"/Engine/EngineMaterials/Substrate/GLints/dict_16_192_64_0p5_0p02_0055_0007" 4696
"/Engine/EngineMaterials/Substrate/GLints/dict_16_192_64_0p5_0p02_0055_0008" 4697
"/Engine/EngineMaterials/Substrate/GLints/dict_16_192_64_0p5_0p02_0055_0009" 4698
"/Engine/EngineMaterials/Substrate/GLints/dict_16_192_64_0p5_0p02_0055_0010" 4699
"/Engine/EngineMaterials/Substrate/GLints/dict_16_192_64_0p5_0p02_0055_0011" 4700
"/Engine/EngineMaterials/Substrate/GLints/dict_16_192_64_0p5_0p02_0055_0012" 4701
"/Engine/EngineMaterials/Substrate/GLints/dict_16_192_64_0p5_0p02_0055_0013" 4702
"/Engine/EngineMaterials/Substrate/GLints/dict_16_192_64_0p5_0p02_0055_0014" 4703
"/Engine/EngineMaterials/Substrate/GLints/dict_16_192_64_0p5_0p02_0055_0015" 4704
"/Engine/EngineMaterials/Substrate/GLints/dict_16_192_64_0p5_0p02_0056_0000" 4705
"/Engine/EngineMaterials/Substrate/GLints/dict_16_192_64_0p5_0p02_0056_0001" 4706
"../../../Engine/Content/EngineMaterials/Substrate/GLints/dict_16_192_64_0p5_0p02_0054_0000.uasset" 4707
"../../../Engine/Content/EngineMaterials/Substrate/GLints/dict_16_192_64_0p5_0p02_0054_0001.uasset" 4708
"../../../Engine/Content/EngineMaterials/Substrate/GLints/dict_16_192_64_0p5_0p02_0053_0015.uasset" 4709
"../../../Engine/Content/EngineMaterials/Substrate/GLints/dict_16_192_64_0p5_0p02_0053_0014.uasset" 4710
"../../../Engine/Content/EngineMaterials/Substrate/GLints/dict_16_192_64_0p5_0p02_0053_0013.uasset" 4711
"../../../Engine/Content/EngineMaterials/Substrate/GLints/dict_16_192_64_0p5_0p02_0053_0012.uasset" 4712
"../../../Engine/Content/EngineMaterials/Substrate/GLints/dict_16_192_64_0p5_0p02_0053_0011.uasset" 4713
"../../../Engine/Content/EngineMaterials/Substrate/GLints/dict_16_192_64_0p5_0p02_0053_0010.uasset" 4714
"../../../Engine/Content/EngineMaterials/Substrate/GLints/dict_16_192_64_0p5_0p02_0053_0009.uasset" 4715
"../../../Engine/Content/EngineMaterials/Substrate/GLints/dict_16_192_64_0p5_0p02_0053_0008.uasset" 4716
"../../../Engine/Content/EngineMaterials/Substrate/GLints/dict_16_192_64_0p5_0p02_0053_0007.uasset" 4717
"../../../Engine/Content/EngineMaterials/Substrate/GLints/dict_16_192_64_0p5_0p02_0053_0006.uasset" 4718
"../../../Engine/Content/EngineMaterials/Substrate/GLints/dict_16_192_64_0p5_0p02_0053_0005.uasset" 4719
"../../../Engine/Content/EngineMaterials/Substrate/GLints/dict_16_192_64_0p5_0p02_0053_0004.uasset" 4720
"../../../Engine/Content/EngineMaterials/Substrate/GLints/dict_16_192_64_0p5_0p02_0053_0003.uasset" 4721
"../../../Engine/Content/EngineMaterials/Substrate/GLints/dict_16_192_64_0p5_0p02_0053_0002.uasset" 4722
"../../../Engine/Content/EngineMaterials/Substrate/GLints/dict_16_192_64_0p5_0p02_0053_0001.uasset" 4723
"../../../Engine/Content/EngineMaterials/Substrate/GLints/dict_16_192_64_0p5_0p02_0052_0015.uasset" 4724
"../../../Engine/Content/EngineMaterials/Substrate/GLints/dict_16_192_64_0p5_0p02_0053_0000.uasset" 4725
"../../../Engine/Content/EngineMaterials/Substrate/GLints/dict_16_192_64_0p5_0p02_0052_0014.uasset" 4726
"../../../Engine/Content/EngineMaterials/Substrate/GLints/dict_16_192_64_0p5_0p02_0052_0013.uasset" 4727
"../../../Engine/Content/EngineMaterials/Substrate/GLints/dict_16_192_64_0p5_0p02_0052_0012.uasset" 4728
"../../../Engine/Content/EngineMaterials/Substrate/GLints/dict_16_192_64_0p5_0p02_0052_0011.uasset" 4729
"../../../Engine/Content/EngineMaterials/Substrate/GLints/dict_16_192_64_0p5_0p02_0052_0010.uasset" 4730
"../../../Engine/Content/EngineMaterials/Substrate/GLints/dict_16_192_64_0p5_0p02_0052_0008.uasset" 4731
"../../../Engine/Content/EngineMaterials/Substrate/GLints/dict_16_192_64_0p5_0p02_0052_0009.uasset" 4732
"../../../Engine/Content/EngineMaterials/Substrate/GLints/dict_16_192_64_0p5_0p02_0052_0007.uasset" 4733
"../../../Engine/Content/EngineMaterials/Substrate/GLints/dict_16_192_64_0p5_0p02_0052_0006.uasset" 4734
"../../../Engine/Content/EngineMaterials/Substrate/GLints/dict_16_192_64_0p5_0p02_0052_0005.uasset" 4735
"../../../Engine/Content/EngineMaterials/Substrate/GLints/dict_16_192_64_0p5_0p02_0052_0004.uasset" 4736
"../../../Engine/Content/EngineMaterials/Substrate/GLints/dict_16_192_64_0p5_0p02_0052_0003.uasset" 4737
"../../../Engine/Content/EngineMaterials/Substrate/GLints/dict_16_192_64_0p5_0p02_0052_0002.uasset" 4738
"/Engine/EngineMaterials/Substrate/GLints/dict_16_192_64_0p5_0p02_0052_0002" 4739
"/Engine/EngineMaterials/Substrate/GLints/dict_16_192_64_0p5_0p02_0052_0003" 4740
"/Engine/EngineMaterials/Substrate/GLints/dict_16_192_64_0p5_0p02_0052_0004" 4741
"/Engine/EngineMaterials/Substrate/GLints/dict_16_192_64_0p5_0p02_0052_0005" 4742
"/Engine/EngineMaterials/Substrate/GLints/dict_16_192_64_0p5_0p02_0052_0006" 4743
"/Engine/EngineMaterials/Substrate/GLints/dict_16_192_64_0p5_0p02_0052_0007" 4744
"/Engine/EngineMaterials/Substrate/GLints/dict_16_192_64_0p5_0p02_0052_0008" 4745
"/Engine/EngineMaterials/Substrate/GLints/dict_16_192_64_0p5_0p02_0052_0009" 4746
"/Engine/EngineMaterials/Substrate/GLints/dict_16_192_64_0p5_0p02_0052_0010" 4747
"/Engine/EngineMaterials/Substrate/GLints/dict_16_192_64_0p5_0p02_0052_0011" 4748
"/Engine/EngineMaterials/Substrate/GLints/dict_16_192_64_0p5_0p02_0052_0012" 4749
"/Engine/EngineMaterials/Substrate/GLints/dict_16_192_64_0p5_0p02_0052_0013" 4750
"/Engine/EngineMaterials/Substrate/GLints/dict_16_192_64_0p5_0p02_0052_0014" 4751
"/Engine/EngineMaterials/Substrate/GLints/dict_16_192_64_0p5_0p02_0052_0015" 4752
"/Engine/EngineMaterials/Substrate/GLints/dict_16_192_64_0p5_0p02_0053_0000" 4753
"/Engine/EngineMaterials/Substrate/GLints/dict_16_192_64_0p5_0p02_0053_0001" 4754
"/Engine/EngineMaterials/Substrate/GLints/dict_16_192_64_0p5_0p02_0053_0002" 4755
"/Engine/EngineMaterials/Substrate/GLints/dict_16_192_64_0p5_0p02_0053_0003" 4756
"/Engine/EngineMaterials/Substrate/GLints/dict_16_192_64_0p5_0p02_0053_0004" 4757
"/Engine/EngineMaterials/Substrate/GLints/dict_16_192_64_0p5_0p02_0053_0005" 4758
"/Engine/EngineMaterials/Substrate/GLints/dict_16_192_64_0p5_0p02_0053_0006" 4759
"/Engine/EngineMaterials/Substrate/GLints/dict_16_192_64_0p5_0p02_0053_0007" 4760
"/Engine/EngineMaterials/Substrate/GLints/dict_16_192_64_0p5_0p02_0053_0008" 4761
"/Engine/EngineMaterials/Substrate/GLints/dict_16_192_64_0p5_0p02_0053_0009" 4762
"/Engine/EngineMaterials/Substrate/GLints/dict_16_192_64_0p5_0p02_0053_0010" 4763
"/Engine/EngineMaterials/Substrate/GLints/dict_16_192_64_0p5_0p02_0053_0011" 4764
"/Engine/EngineMaterials/Substrate/GLints/dict_16_192_64_0p5_0p02_0053_0012" 4765
"/Engine/EngineMaterials/Substrate/GLints/dict_16_192_64_0p5_0p02_0053_0013" 4766
"/Engine/EngineMaterials/Substrate/GLints/dict_16_192_64_0p5_0p02_0053_0014" 4767
"/Engine/EngineMaterials/Substrate/GLints/dict_16_192_64_0p5_0p02_0053_0015" 4768
"/Engine/EngineMaterials/Substrate/GLints/dict_16_192_64_0p5_0p02_0054_0000" 4769
"/Engine/EngineMaterials/Substrate/GLints/dict_16_192_64_0p5_0p02_0054_0001" 4770
"../../../Engine/Content/EngineMaterials/Substrate/GLints/dict_16_192_64_0p5_0p02_0052_0001.uasset" 4771
"../../../Engine/Content/EngineMaterials/Substrate/GLints/dict_16_192_64_0p5_0p02_0052_0000.uasset" 4772
"../../../Engine/Content/EngineMaterials/Substrate/GLints/dict_16_192_64_0p5_0p02_0051_0015.uasset" 4773
"../../../Engine/Content/EngineMaterials/Substrate/GLints/dict_16_192_64_0p5_0p02_0051_0014.uasset" 4774
"../../../Engine/Content/EngineMaterials/Substrate/GLints/dict_16_192_64_0p5_0p02_0051_0013.uasset" 4775
"../../../Engine/Content/EngineMaterials/Substrate/GLints/dict_16_192_64_0p5_0p02_0051_0012.uasset" 4776
"../../../Engine/Content/EngineMaterials/Substrate/GLints/dict_16_192_64_0p5_0p02_0051_0011.uasset" 4777
"../../../Engine/Content/EngineMaterials/Substrate/GLints/dict_16_192_64_0p5_0p02_0051_0010.uasset" 4778
"../../../Engine/Content/EngineMaterials/Substrate/GLints/dict_16_192_64_0p5_0p02_0051_0009.uasset" 4779
"../../../Engine/Content/EngineMaterials/Substrate/GLints/dict_16_192_64_0p5_0p02_0051_0008.uasset" 4780
"../../../Engine/Content/EngineMaterials/Substrate/GLints/dict_16_192_64_0p5_0p02_0051_0007.uasset" 4781
"../../../Engine/Content/EngineMaterials/Substrate/GLints/dict_16_192_64_0p5_0p02_0051_0006.uasset" 4782
"../../../Engine/Content/EngineMaterials/Substrate/GLints/dict_16_192_64_0p5_0p02_0051_0005.uasset" 4783
"../../../Engine/Content/EngineMaterials/Substrate/GLints/dict_16_192_64_0p5_0p02_0051_0004.uasset" 4784
"../../../Engine/Content/EngineMaterials/Substrate/GLints/dict_16_192_64_0p5_0p02_0051_0003.uasset" 4785
"../../../Engine/Content/EngineMaterials/Substrate/GLints/dict_16_192_64_0p5_0p02_0051_0001.uasset" 4786
"../../../Engine/Content/EngineMaterials/Substrate/GLints/dict_16_192_64_0p5_0p02_0051_0002.uasset" 4787
"../../../Engine/Content/EngineMaterials/Substrate/GLints/dict_16_192_64_0p5_0p02_0051_0000.uasset" 4788
"../../../Engine/Content/EngineMaterials/Substrate/GLints/dict_16_192_64_0p5_0p02_0050_0015.uasset" 4789
"../../../Engine/Content/EngineMaterials/Substrate/GLints/dict_16_192_64_0p5_0p02_0050_0014.uasset" 4790
"../../../Engine/Content/EngineMaterials/Substrate/GLints/dict_16_192_64_0p5_0p02_0050_0013.uasset" 4791
"../../../Engine/Content/EngineMaterials/Substrate/GLints/dict_16_192_64_0p5_0p02_0050_0012.uasset" 4792
"../../../Engine/Content/EngineMaterials/Substrate/GLints/dict_16_192_64_0p5_0p02_0050_0011.uasset" 4793
"../../../Engine/Content/EngineMaterials/Substrate/GLints/dict_16_192_64_0p5_0p02_0050_0010.uasset" 4794
"../../../Engine/Content/EngineMaterials/Substrate/GLints/dict_16_192_64_0p5_0p02_0050_0009.uasset" 4795
"../../../Engine/Content/EngineMaterials/Substrate/GLints/dict_16_192_64_0p5_0p02_0050_0008.uasset" 4796
"../../../Engine/Content/EngineMaterials/Substrate/GLints/dict_16_192_64_0p5_0p02_0050_0007.uasset" 4797
"../../../Engine/Content/EngineMaterials/Substrate/GLints/dict_16_192_64_0p5_0p02_0050_0006.uasset" 4798
"../../../Engine/Content/EngineMaterials/Substrate/GLints/dict_16_192_64_0p5_0p02_0050_0005.uasset" 4799
"../../../Engine/Content/EngineMaterials/Substrate/GLints/dict_16_192_64_0p5_0p02_0050_0004.uasset" 4800
"../../../Engine/Content/EngineMaterials/Substrate/GLints/dict_16_192_64_0p5_0p02_0050_0003.uasset" 4801
"../../../Engine/Content/EngineMaterials/Substrate/GLints/dict_16_192_64_0p5_0p02_0050_0002.uasset" 4802
"/Engine/EngineMaterials/Substrate/GLints/dict_16_192_64_0p5_0p02_0050_0002" 4803
"/Engine/EngineMaterials/Substrate/GLints/dict_16_192_64_0p5_0p02_0050_0003" 4804
"/Engine/EngineMaterials/Substrate/GLints/dict_16_192_64_0p5_0p02_0050_0004" 4805
"/Engine/EngineMaterials/Substrate/GLints/dict_16_192_64_0p5_0p02_0050_0005" 4806
"/Engine/EngineMaterials/Substrate/GLints/dict_16_192_64_0p5_0p02_0050_0006" 4807
"/Engine/EngineMaterials/Substrate/GLints/dict_16_192_64_0p5_0p02_0050_0007" 4808
"/Engine/EngineMaterials/Substrate/GLints/dict_16_192_64_0p5_0p02_0050_0008" 4809
"/Engine/EngineMaterials/Substrate/GLints/dict_16_192_64_0p5_0p02_0050_0009" 4810
"/Engine/EngineMaterials/Substrate/GLints/dict_16_192_64_0p5_0p02_0050_0010" 4811
"/Engine/EngineMaterials/Substrate/GLints/dict_16_192_64_0p5_0p02_0050_0011" 4812
"/Engine/EngineMaterials/Substrate/GLints/dict_16_192_64_0p5_0p02_0050_0012" 4813
"/Engine/EngineMaterials/Substrate/GLints/dict_16_192_64_0p5_0p02_0050_0013" 4814
"/Engine/EngineMaterials/Substrate/GLints/dict_16_192_64_0p5_0p02_0050_0014" 4815
"/Engine/EngineMaterials/Substrate/GLints/dict_16_192_64_0p5_0p02_0050_0015" 4816
"/Engine/EngineMaterials/Substrate/GLints/dict_16_192_64_0p5_0p02_0051_0000" 4817
"/Engine/EngineMaterials/Substrate/GLints/dict_16_192_64_0p5_0p02_0051_0001" 4818
"/Engine/EngineMaterials/Substrate/GLints/dict_16_192_64_0p5_0p02_0051_0002" 4819
"/Engine/EngineMaterials/Substrate/GLints/dict_16_192_64_0p5_0p02_0051_0003" 4820
"/Engine/EngineMaterials/Substrate/GLints/dict_16_192_64_0p5_0p02_0051_0004" 4821
"/Engine/EngineMaterials/Substrate/GLints/dict_16_192_64_0p5_0p02_0051_0005" 4822
"/Engine/EngineMaterials/Substrate/GLints/dict_16_192_64_0p5_0p02_0051_0006" 4823
"/Engine/EngineMaterials/Substrate/GLints/dict_16_192_64_0p5_0p02_0051_0007" 4824
"/Engine/EngineMaterials/Substrate/GLints/dict_16_192_64_0p5_0p02_0051_0008" 4825
"/Engine/EngineMaterials/Substrate/GLints/dict_16_192_64_0p5_0p02_0051_0009" 4826
"/Engine/EngineMaterials/Substrate/GLints/dict_16_192_64_0p5_0p02_0051_0010" 4827
"/Engine/EngineMaterials/Substrate/GLints/dict_16_192_64_0p5_0p02_0051_0011" 4828
"/Engine/EngineMaterials/Substrate/GLints/dict_16_192_64_0p5_0p02_0051_0012" 4829
"/Engine/EngineMaterials/Substrate/GLints/dict_16_192_64_0p5_0p02_0051_0013" 4830
"/Engine/EngineMaterials/Substrate/GLints/dict_16_192_64_0p5_0p02_0051_0014" 4831
"/Engine/EngineMaterials/Substrate/GLints/dict_16_192_64_0p5_0p02_0051_0015" 4832
"/Engine/EngineMaterials/Substrate/GLints/dict_16_192_64_0p5_0p02_0052_0000" 4833
"/Engine/EngineMaterials/Substrate/GLints/dict_16_192_64_0p5_0p02_0052_0001" 4834
"../../../Engine/Content/EngineMaterials/Substrate/GLints/dict_16_192_64_0p5_0p02_0050_0001.uasset" 4835
"../../../Engine/Content/EngineMaterials/Substrate/GLints/dict_16_192_64_0p5_0p02_0050_0000.uasset" 4836
"../../../Engine/Content/EngineMaterials/Substrate/GLints/dict_16_192_64_0p5_0p02_0049_0015.uasset" 4837
"../../../Engine/Content/EngineMaterials/Substrate/GLints/dict_16_192_64_0p5_0p02_0049_0014.uasset" 4838
"../../../Engine/Content/EngineMaterials/Substrate/GLints/dict_16_192_64_0p5_0p02_0049_0013.uasset" 4839
"../../../Engine/Content/EngineMaterials/Substrate/GLints/dict_16_192_64_0p5_0p02_0049_0012.uasset" 4840
"../../../Engine/Content/EngineMaterials/Substrate/GLints/dict_16_192_64_0p5_0p02_0049_0011.uasset" 4841
"../../../Engine/Content/EngineMaterials/Substrate/GLints/dict_16_192_64_0p5_0p02_0049_0010.uasset" 4842
"../../../Engine/Content/EngineMaterials/Substrate/GLints/dict_16_192_64_0p5_0p02_0049_0009.uasset" 4843
"../../../Engine/Content/EngineMaterials/Substrate/GLints/dict_16_192_64_0p5_0p02_0049_0008.uasset" 4844
"../../../Engine/Content/EngineMaterials/Substrate/GLints/dict_16_192_64_0p5_0p02_0049_0007.uasset" 4845
"../../../Engine/Content/EngineMaterials/Substrate/GLints/dict_16_192_64_0p5_0p02_0049_0006.uasset" 4846
"../../../Engine/Content/EngineMaterials/Substrate/GLints/dict_16_192_64_0p5_0p02_0049_0005.uasset" 4847
"../../../Engine/Content/EngineMaterials/Substrate/GLints/dict_16_192_64_0p5_0p02_0049_0004.uasset" 4848
"../../../Engine/Content/EngineMaterials/Substrate/GLints/dict_16_192_64_0p5_0p02_0049_0002.uasset" 4849
"../../../Engine/Content/EngineMaterials/Substrate/GLints/dict_16_192_64_0p5_0p02_0049_0001.uasset" 4850
"../../../Engine/Content/EngineMaterials/Substrate/GLints/dict_16_192_64_0p5_0p02_0049_0003.uasset" 4851
"../../../Engine/Content/EngineMaterials/Substrate/GLints/dict_16_192_64_0p5_0p02_0049_0000.uasset" 4852
"../../../Engine/Content/EngineMaterials/Substrate/GLints/dict_16_192_64_0p5_0p02_0048_0015.uasset" 4853
"../../../Engine/Content/EngineMaterials/Substrate/GLints/dict_16_192_64_0p5_0p02_0048_0014.uasset" 4854
"../../../Engine/Content/EngineMaterials/Substrate/GLints/dict_16_192_64_0p5_0p02_0048_0013.uasset" 4855
"../../../Engine/Content/EngineMaterials/Substrate/GLints/dict_16_192_64_0p5_0p02_0048_0012.uasset" 4856
"../../../Engine/Content/EngineMaterials/Substrate/GLints/dict_16_192_64_0p5_0p02_0048_0010.uasset" 4857
"../../../Engine/Content/EngineMaterials/Substrate/GLints/dict_16_192_64_0p5_0p02_0048_0009.uasset" 4858
"../../../Engine/Content/EngineMaterials/Substrate/GLints/dict_16_192_64_0p5_0p02_0048_0011.uasset" 4859
"../../../Engine/Content/EngineMaterials/Substrate/GLints/dict_16_192_64_0p5_0p02_0048_0008.uasset" 4860
"../../../Engine/Content/EngineMaterials/Substrate/GLints/dict_16_192_64_0p5_0p02_0048_0007.uasset" 4861
"../../../Engine/Content/EngineMaterials/Substrate/GLints/dict_16_192_64_0p5_0p02_0048_0006.uasset" 4862
"../../../Engine/Content/EngineMaterials/Substrate/GLints/dict_16_192_64_0p5_0p02_0048_0004.uasset" 4863
"../../../Engine/Content/EngineMaterials/Substrate/GLints/dict_16_192_64_0p5_0p02_0048_0005.uasset" 4864
"../../../Engine/Content/EngineMaterials/Substrate/GLints/dict_16_192_64_0p5_0p02_0048_0003.uasset" 4865
"../../../Engine/Content/EngineMaterials/Substrate/GLints/dict_16_192_64_0p5_0p02_0048_0002.uasset" 4866
"/Engine/EngineMaterials/Substrate/GLints/dict_16_192_64_0p5_0p02_0048_0002" 4867
"/Engine/EngineMaterials/Substrate/GLints/dict_16_192_64_0p5_0p02_0048_0003" 4868
"/Engine/EngineMaterials/Substrate/GLints/dict_16_192_64_0p5_0p02_0048_0004" 4869
"/Engine/EngineMaterials/Substrate/GLints/dict_16_192_64_0p5_0p02_0048_0005" 4870
"/Engine/EngineMaterials/Substrate/GLints/dict_16_192_64_0p5_0p02_0048_0006" 4871
"/Engine/EngineMaterials/Substrate/GLints/dict_16_192_64_0p5_0p02_0048_0007" 4872
"/Engine/EngineMaterials/Substrate/GLints/dict_16_192_64_0p5_0p02_0048_0008" 4873
"/Engine/EngineMaterials/Substrate/GLints/dict_16_192_64_0p5_0p02_0048_0009" 4874
"/Engine/EngineMaterials/Substrate/GLints/dict_16_192_64_0p5_0p02_0048_0010" 4875
"/Engine/EngineMaterials/Substrate/GLints/dict_16_192_64_0p5_0p02_0048_0011" 4876
"/Engine/EngineMaterials/Substrate/GLints/dict_16_192_64_0p5_0p02_0048_0012" 4877
"/Engine/EngineMaterials/Substrate/GLints/dict_16_192_64_0p5_0p02_0048_0013" 4878
"/Engine/EngineMaterials/Substrate/GLints/dict_16_192_64_0p5_0p02_0048_0014" 4879
"/Engine/EngineMaterials/Substrate/GLints/dict_16_192_64_0p5_0p02_0048_0015" 4880
"/Engine/EngineMaterials/Substrate/GLints/dict_16_192_64_0p5_0p02_0049_0000" 4881
"/Engine/EngineMaterials/Substrate/GLints/dict_16_192_64_0p5_0p02_0049_0001" 4882
"/Engine/EngineMaterials/Substrate/GLints/dict_16_192_64_0p5_0p02_0049_0002" 4883
"/Engine/EngineMaterials/Substrate/GLints/dict_16_192_64_0p5_0p02_0049_0003" 4884
"/Engine/EngineMaterials/Substrate/GLints/dict_16_192_64_0p5_0p02_0049_0004" 4885
"/Engine/EngineMaterials/Substrate/GLints/dict_16_192_64_0p5_0p02_0049_0005" 4886
"/Engine/EngineMaterials/Substrate/GLints/dict_16_192_64_0p5_0p02_0049_0006" 4887
"/Engine/EngineMaterials/Substrate/GLints/dict_16_192_64_0p5_0p02_0049_0007" 4888
"/Engine/EngineMaterials/Substrate/GLints/dict_16_192_64_0p5_0p02_0049_0008" 4889
"/Engine/EngineMaterials/Substrate/GLints/dict_16_192_64_0p5_0p02_0049_0009" 4890
"/Engine/EngineMaterials/Substrate/GLints/dict_16_192_64_0p5_0p02_0049_0010" 4891
"/Engine/EngineMaterials/Substrate/GLints/dict_16_192_64_0p5_0p02_0049_0011" 4892
"/Engine/EngineMaterials/Substrate/GLints/dict_16_192_64_0p5_0p02_0049_0012" 4893
"/Engine/EngineMaterials/Substrate/GLints/dict_16_192_64_0p5_0p02_0049_0013" 4894
"/Engine/EngineMaterials/Substrate/GLints/dict_16_192_64_0p5_0p02_0049_0014" 4895
"/Engine/EngineMaterials/Substrate/GLints/dict_16_192_64_0p5_0p02_0049_0015" 4896
"/Engine/EngineMaterials/Substrate/GLints/dict_16_192_64_0p5_0p02_0050_0000" 4897
"/Engine/EngineMaterials/Substrate/GLints/dict_16_192_64_0p5_0p02_0050_0001" 4898
"../../../Engine/Content/EngineMaterials/Substrate/GLints/dict_16_192_64_0p5_0p02_0048_0001.uasset" 4899
"../../../Engine/Content/EngineMaterials/Substrate/GLints/dict_16_192_64_0p5_0p02_0048_0000.uasset" 4900
"../../../Engine/Content/EngineMaterials/Substrate/GLints/dict_16_192_64_0p5_0p02_0047_0015.uasset" 4901
"../../../Engine/Content/EngineMaterials/Substrate/GLints/dict_16_192_64_0p5_0p02_0047_0014.uasset" 4902
"../../../Engine/Content/EngineMaterials/Substrate/GLints/dict_16_192_64_0p5_0p02_0047_0013.uasset" 4903
"../../../Engine/Content/EngineMaterials/Substrate/GLints/dict_16_192_64_0p5_0p02_0047_0012.uasset" 4904
"../../../Engine/Content/EngineMaterials/Substrate/GLints/dict_16_192_64_0p5_0p02_0047_0011.uasset" 4905
"../../../Engine/Content/EngineMaterials/Substrate/GLints/dict_16_192_64_0p5_0p02_0047_0010.uasset" 4906
"../../../Engine/Content/EngineMaterials/Substrate/GLints/dict_16_192_64_0p5_0p02_0047_0009.uasset" 4907
"../../../Engine/Content/EngineMaterials/Substrate/GLints/dict_16_192_64_0p5_0p02_0047_0008.uasset" 4908
"../../../Engine/Content/EngineMaterials/Substrate/GLints/dict_16_192_64_0p5_0p02_0047_0007.uasset" 4909
"../../../Engine/Content/EngineMaterials/Substrate/GLints/dict_16_192_64_0p5_0p02_0047_0006.uasset" 4910
"../../../Engine/Content/EngineMaterials/Substrate/GLints/dict_16_192_64_0p5_0p02_0047_0005.uasset" 4911
"../../../Engine/Content/EngineMaterials/Substrate/GLints/dict_16_192_64_0p5_0p02_0047_0004.uasset" 4912
"../../../Engine/Content/EngineMaterials/Substrate/GLints/dict_16_192_64_0p5_0p02_0047_0003.uasset" 4913
"../../../Engine/Content/EngineMaterials/Substrate/GLints/dict_16_192_64_0p5_0p02_0047_0002.uasset" 4914
"../../../Engine/Content/EngineMaterials/Substrate/GLints/dict_16_192_64_0p5_0p02_0047_0000.uasset" 4915
"../../../Engine/Content/EngineMaterials/Substrate/GLints/dict_16_192_64_0p5_0p02_0047_0001.uasset" 4916
"../../../Engine/Content/EngineMaterials/Substrate/GLints/dict_16_192_64_0p5_0p02_0046_0015.uasset" 4917
"../../../Engine/Content/EngineMaterials/Substrate/GLints/dict_16_192_64_0p5_0p02_0046_0014.uasset" 4918
"../../../Engine/Content/EngineMaterials/Substrate/GLints/dict_16_192_64_0p5_0p02_0046_0013.uasset" 4919
"../../../Engine/Content/EngineMaterials/Substrate/GLints/dict_16_192_64_0p5_0p02_0046_0011.uasset" 4920
"../../../Engine/Content/EngineMaterials/Substrate/GLints/dict_16_192_64_0p5_0p02_0046_0010.uasset" 4921
"../../../Engine/Content/EngineMaterials/Substrate/GLints/dict_16_192_64_0p5_0p02_0046_0012.uasset" 4922
"../../../Engine/Content/EngineMaterials/Substrate/GLints/dict_16_192_64_0p5_0p02_0046_0009.uasset" 4923
"../../../Engine/Content/EngineMaterials/Substrate/GLints/dict_16_192_64_0p5_0p02_0046_0008.uasset" 4924
"../../../Engine/Content/EngineMaterials/Substrate/GLints/dict_16_192_64_0p5_0p02_0046_0007.uasset" 4925
"../../../Engine/Content/EngineMaterials/Substrate/GLints/dict_16_192_64_0p5_0p02_0046_0006.uasset" 4926
"../../../Engine/Content/EngineMaterials/Substrate/GLints/dict_16_192_64_0p5_0p02_0046_0004.uasset" 4927
"../../../Engine/Content/EngineMaterials/Substrate/GLints/dict_16_192_64_0p5_0p02_0046_0005.uasset" 4928
"../../../Engine/Content/EngineMaterials/Substrate/GLints/dict_16_192_64_0p5_0p02_0046_0003.uasset" 4929
"../../../Engine/Content/EngineMaterials/Substrate/GLints/dict_16_192_64_0p5_0p02_0046_0002.uasset" 4930
"/Engine/EngineMaterials/Substrate/GLints/dict_16_192_64_0p5_0p02_0046_0002" 4931
"/Engine/EngineMaterials/Substrate/GLints/dict_16_192_64_0p5_0p02_0046_0003" 4932
"/Engine/EngineMaterials/Substrate/GLints/dict_16_192_64_0p5_0p02_0046_0004" 4933
"/Engine/EngineMaterials/Substrate/GLints/dict_16_192_64_0p5_0p02_0046_0005" 4934
"/Engine/EngineMaterials/Substrate/GLints/dict_16_192_64_0p5_0p02_0046_0006" 4935
"/Engine/EngineMaterials/Substrate/GLints/dict_16_192_64_0p5_0p02_0046_0007" 4936
"/Engine/EngineMaterials/Substrate/GLints/dict_16_192_64_0p5_0p02_0046_0008" 4937
"/Engine/EngineMaterials/Substrate/GLints/dict_16_192_64_0p5_0p02_0046_0009" 4938
"/Engine/EngineMaterials/Substrate/GLints/dict_16_192_64_0p5_0p02_0046_0010" 4939
"/Engine/EngineMaterials/Substrate/GLints/dict_16_192_64_0p5_0p02_0046_0011" 4940
"/Engine/EngineMaterials/Substrate/GLints/dict_16_192_64_0p5_0p02_0046_0012" 4941
"/Engine/EngineMaterials/Substrate/GLints/dict_16_192_64_0p5_0p02_0046_0013" 4942
"/Engine/EngineMaterials/Substrate/GLints/dict_16_192_64_0p5_0p02_0046_0014" 4943
"/Engine/EngineMaterials/Substrate/GLints/dict_16_192_64_0p5_0p02_0046_0015" 4944
"/Engine/EngineMaterials/Substrate/GLints/dict_16_192_64_0p5_0p02_0047_0000" 4945
"/Engine/EngineMaterials/Substrate/GLints/dict_16_192_64_0p5_0p02_0047_0001" 4946
"/Engine/EngineMaterials/Substrate/GLints/dict_16_192_64_0p5_0p02_0047_0002" 4947
"/Engine/EngineMaterials/Substrate/GLints/dict_16_192_64_0p5_0p02_0047_0003" 4948
"/Engine/EngineMaterials/Substrate/GLints/dict_16_192_64_0p5_0p02_0047_0004" 4949
"/Engine/EngineMaterials/Substrate/GLints/dict_16_192_64_0p5_0p02_0047_0005" 4950
"/Engine/EngineMaterials/Substrate/GLints/dict_16_192_64_0p5_0p02_0047_0006" 4951
"/Engine/EngineMaterials/Substrate/GLints/dict_16_192_64_0p5_0p02_0047_0007" 4952
"/Engine/EngineMaterials/Substrate/GLints/dict_16_192_64_0p5_0p02_0047_0008" 4953
"/Engine/EngineMaterials/Substrate/GLints/dict_16_192_64_0p5_0p02_0047_0009" 4954
"/Engine/EngineMaterials/Substrate/GLints/dict_16_192_64_0p5_0p02_0047_0010" 4955
"/Engine/EngineMaterials/Substrate/GLints/dict_16_192_64_0p5_0p02_0047_0011" 4956
"/Engine/EngineMaterials/Substrate/GLints/dict_16_192_64_0p5_0p02_0047_0012" 4957
"/Engine/EngineMaterials/Substrate/GLints/dict_16_192_64_0p5_0p02_0047_0013" 4958
"/Engine/EngineMaterials/Substrate/GLints/dict_16_192_64_0p5_0p02_0047_0014" 4959
"/Engine/EngineMaterials/Substrate/GLints/dict_16_192_64_0p5_0p02_0047_0015" 4960
"/Engine/EngineMaterials/Substrate/GLints/dict_16_192_64_0p5_0p02_0048_0000" 4961
"/Engine/EngineMaterials/Substrate/GLints/dict_16_192_64_0p5_0p02_0048_0001" 4962
"../../../Engine/Content/EngineMaterials/Substrate/GLints/dict_16_192_64_0p5_0p02_0046_0001.uasset" 4963
"../../../Engine/Content/EngineMaterials/Substrate/GLints/dict_16_192_64_0p5_0p02_0046_0000.uasset" 4964
"../../../Engine/Content/EngineMaterials/Substrate/GLints/dict_16_192_64_0p5_0p02_0045_0015.uasset" 4965
"../../../Engine/Content/EngineMaterials/Substrate/GLints/dict_16_192_64_0p5_0p02_0045_0014.uasset" 4966
"../../../Engine/Content/EngineMaterials/Substrate/GLints/dict_16_192_64_0p5_0p02_0045_0012.uasset" 4967
"../../../Engine/Content/EngineMaterials/Substrate/GLints/dict_16_192_64_0p5_0p02_0045_0011.uasset" 4968
"../../../Engine/Content/EngineMaterials/Substrate/GLints/dict_16_192_64_0p5_0p02_0045_0013.uasset" 4969
"../../../Engine/Content/EngineMaterials/Substrate/GLints/dict_16_192_64_0p5_0p02_0045_0010.uasset" 4970
"../../../Engine/Content/EngineMaterials/Substrate/GLints/dict_16_192_64_0p5_0p02_0045_0009.uasset" 4971
"../../../Engine/Content/EngineMaterials/Substrate/GLints/dict_16_192_64_0p5_0p02_0045_0008.uasset" 4972
"../../../Engine/Content/EngineMaterials/Substrate/GLints/dict_16_192_64_0p5_0p02_0045_0007.uasset" 4973
"../../../Engine/Content/EngineMaterials/Substrate/GLints/dict_16_192_64_0p5_0p02_0045_0006.uasset" 4974
"../../../Engine/Content/EngineMaterials/Substrate/GLints/dict_16_192_64_0p5_0p02_0045_0005.uasset" 4975
"../../../Engine/Content/EngineMaterials/Substrate/GLints/dict_16_192_64_0p5_0p02_0045_0004.uasset" 4976
"../../../Engine/Content/EngineMaterials/Substrate/GLints/dict_16_192_64_0p5_0p02_0045_0003.uasset" 4977
"../../../Engine/Content/EngineMaterials/Substrate/GLints/dict_16_192_64_0p5_0p02_0045_0002.uasset" 4978
"../../../Engine/Content/EngineMaterials/Substrate/GLints/dict_16_192_64_0p5_0p02_0045_0001.uasset" 4979
"../../../Engine/Content/EngineMaterials/Substrate/GLints/dict_16_192_64_0p5_0p02_0045_0000.uasset" 4980
"../../../Engine/Content/EngineMaterials/Substrate/GLints/dict_16_192_64_0p5_0p02_0044_0015.uasset" 4981
"../../../Engine/Content/EngineMaterials/Substrate/GLints/dict_16_192_64_0p5_0p02_0044_0014.uasset" 4982
"../../../Engine/Content/EngineMaterials/Substrate/GLints/dict_16_192_64_0p5_0p02_0044_0012.uasset" 4983
"../../../Engine/Content/EngineMaterials/Substrate/GLints/dict_16_192_64_0p5_0p02_0044_0011.uasset" 4984
"../../../Engine/Content/EngineMaterials/Substrate/GLints/dict_16_192_64_0p5_0p02_0044_0013.uasset" 4985
"../../../Engine/Content/EngineMaterials/Substrate/GLints/dict_16_192_64_0p5_0p02_0044_0010.uasset" 4986
"../../../Engine/Content/EngineMaterials/Substrate/GLints/dict_16_192_64_0p5_0p02_0044_0009.uasset" 4987
"../../../Engine/Content/EngineMaterials/Substrate/GLints/dict_16_192_64_0p5_0p02_0044_0008.uasset" 4988
"../../../Engine/Content/EngineMaterials/Substrate/GLints/dict_16_192_64_0p5_0p02_0044_0007.uasset" 4989
"../../../Engine/Content/EngineMaterials/Substrate/GLints/dict_16_192_64_0p5_0p02_0044_0006.uasset" 4990
"../../../Engine/Content/EngineMaterials/Substrate/GLints/dict_16_192_64_0p5_0p02_0044_0005.uasset" 4991
"../../../Engine/Content/EngineMaterials/Substrate/GLints/dict_16_192_64_0p5_0p02_0044_0004.uasset" 4992
"../../../Engine/Content/EngineMaterials/Substrate/GLints/dict_16_192_64_0p5_0p02_0044_0002.uasset" 4993
"../../../Engine/Content/EngineMaterials/Substrate/GLints/dict_16_192_64_0p5_0p02_0044_0003.uasset" 4994
"/Engine/EngineMaterials/Substrate/GLints/dict_16_192_64_0p5_0p02_0046_0000" 4995
"/Engine/EngineMaterials/Substrate/GLints/dict_16_192_64_0p5_0p02_0044_0002" 4996
"../../../Engine/Content/EngineMaterials/Substrate/GLints/dict_16_192_64_0p5_0p02_0044_0001.uasset" 4997
"/Engine/EngineMaterials/Substrate/GLints/dict_16_192_64_0p5_0p02_0044_0003" 4998
"/Engine/EngineMaterials/Substrate/GLints/dict_16_192_64_0p5_0p02_0044_0004" 4999
"/Engine/EngineMaterials/Substrate/GLints/dict_16_192_64_0p5_0p02_0044_0005" 5000
"/Engine/EngineMaterials/Substrate/GLints/dict_16_192_64_0p5_0p02_0044_0006" 5001
"/Engine/EngineMaterials/Substrate/GLints/dict_16_192_64_0p5_0p02_0044_0007" 5002
"/Engine/EngineMaterials/Substrate/GLints/dict_16_192_64_0p5_0p02_0044_0008" 5003
"/Engine/EngineMaterials/Substrate/GLints/dict_16_192_64_0p5_0p02_0044_0009" 5004
"/Engine/EngineMaterials/Substrate/GLints/dict_16_192_64_0p5_0p02_0044_0010" 5005
"/Engine/EngineMaterials/Substrate/GLints/dict_16_192_64_0p5_0p02_0044_0011" 5006
"/Engine/EngineMaterials/Substrate/GLints/dict_16_192_64_0p5_0p02_0044_0012" 5007
"/Engine/EngineMaterials/Substrate/GLints/dict_16_192_64_0p5_0p02_0044_0013" 5008
"/Engine/EngineMaterials/Substrate/GLints/dict_16_192_64_0p5_0p02_0044_0014" 5009
"/Engine/EngineMaterials/Substrate/GLints/dict_16_192_64_0p5_0p02_0044_0015" 5010
"/Engine/EngineMaterials/Substrate/GLints/dict_16_192_64_0p5_0p02_0045_0000" 5011
"/Engine/EngineMaterials/Substrate/GLints/dict_16_192_64_0p5_0p02_0045_0001" 5012
"/Engine/EngineMaterials/Substrate/GLints/dict_16_192_64_0p5_0p02_0045_0002" 5013
"/Engine/EngineMaterials/Substrate/GLints/dict_16_192_64_0p5_0p02_0045_0003" 5014
"/Engine/EngineMaterials/Substrate/GLints/dict_16_192_64_0p5_0p02_0045_0004" 5015
"/Engine/EngineMaterials/Substrate/GLints/dict_16_192_64_0p5_0p02_0045_0005" 5016
"/Engine/EngineMaterials/Substrate/GLints/dict_16_192_64_0p5_0p02_0045_0006" 5017
"/Engine/EngineMaterials/Substrate/GLints/dict_16_192_64_0p5_0p02_0045_0007" 5018
"/Engine/EngineMaterials/Substrate/GLints/dict_16_192_64_0p5_0p02_0045_0008" 5019
"/Engine/EngineMaterials/Substrate/GLints/dict_16_192_64_0p5_0p02_0045_0009" 5020
"/Engine/EngineMaterials/Substrate/GLints/dict_16_192_64_0p5_0p02_0045_0010" 5021
"/Engine/EngineMaterials/Substrate/GLints/dict_16_192_64_0p5_0p02_0045_0011" 5022
"/Engine/EngineMaterials/Substrate/GLints/dict_16_192_64_0p5_0p02_0045_0012" 5023
"/Engine/EngineMaterials/Substrate/GLints/dict_16_192_64_0p5_0p02_0045_0013" 5024
"/Engine/EngineMaterials/Substrate/GLints/dict_16_192_64_0p5_0p02_0045_0014" 5025
"/Engine/EngineMaterials/Substrate/GLints/dict_16_192_64_0p5_0p02_0045_0015" 5026
"/Engine/EngineMaterials/Substrate/GLints/dict_16_192_64_0p5_0p02_0046_0001" 5027
"/Engine/EngineMaterials/Substrate/GLints/dict_16_192_64_0p5_0p02_0044_0001" 5028
"../../../Engine/Content/EngineMaterials/Substrate/GLints/dict_16_192_64_0p5_0p02_0043_0015.uasset" 5029
"../../../Engine/Content/EngineMaterials/Substrate/GLints/dict_16_192_64_0p5_0p02_0044_0000.uasset" 5030
"../../../Engine/Content/EngineMaterials/Substrate/GLints/dict_16_192_64_0p5_0p02_0043_0014.uasset" 5031
"/Engine/EngineMaterials/Substrate/GLints/dict_16_192_64_0p5_0p02_0043_0014" 5032
"../../../Engine/Content/EngineMaterials/Substrate/GLints/dict_16_192_64_0p5_0p02_0043_0011.uasset" 5033
"../../../Engine/Content/EngineMaterials/Substrate/GLints/dict_16_192_64_0p5_0p02_0043_0013.uasset" 5034
"../../../Engine/Content/EngineMaterials/Substrate/GLints/dict_16_192_64_0p5_0p02_0043_0010.uasset" 5035
"../../../Engine/Content/EngineMaterials/Substrate/GLints/dict_16_192_64_0p5_0p02_0043_0012.uasset" 5036
"../../../Engine/Content/EngineMaterials/Substrate/GLints/dict_16_192_64_0p5_0p02_0043_0009.uasset" 5037
"../../../Engine/Content/EngineMaterials/Substrate/GLints/dict_16_192_64_0p5_0p02_0043_0008.uasset" 5038
"../../../Engine/Content/EngineMaterials/Substrate/GLints/dict_16_192_64_0p5_0p02_0043_0007.uasset" 5039
"../../../Engine/Content/EngineMaterials/Substrate/GLints/dict_16_192_64_0p5_0p02_0043_0006.uasset" 5040
"/Engine/EngineMaterials/Substrate/GLints/dict_16_192_64_0p5_0p02_0043_0015" 5041
"../../../Engine/Content/EngineMaterials/Substrate/GLints/dict_16_192_64_0p5_0p02_0043_0004.uasset" 5042
"../../../Engine/Content/EngineMaterials/Substrate/GLints/dict_16_192_64_0p5_0p02_0043_0005.uasset" 5043
"../../../Engine/Content/EngineMaterials/Substrate/GLints/dict_16_192_64_0p5_0p02_0043_0003.uasset" 5044
"../../../Engine/Content/EngineMaterials/Substrate/GLints/dict_16_192_64_0p5_0p02_0043_0002.uasset" 5045
"../../../Engine/Content/EngineMaterials/Substrate/GLints/dict_16_192_64_0p5_0p02_0043_0001.uasset" 5046
"../../../Engine/Content/EngineMaterials/Substrate/GLints/dict_16_192_64_0p5_0p02_0043_0000.uasset" 5047
"../../../Engine/Content/EngineMaterials/Substrate/GLints/dict_16_192_64_0p5_0p02_0042_0015.uasset" 5048
"../../../Engine/Content/EngineMaterials/Substrate/GLints/dict_16_192_64_0p5_0p02_0042_0014.uasset" 5049
"/Engine/EngineMaterials/Substrate/GLints/dict_16_192_64_0p5_0p02_0043_0003" 5050
"../../../Engine/Content/EngineMaterials/Substrate/GLints/dict_16_192_64_0p5_0p02_0042_0012.uasset" 5051
"../../../Engine/Content/EngineMaterials/Substrate/GLints/dict_16_192_64_0p5_0p02_0042_0011.uasset" 5052
"../../../Engine/Content/EngineMaterials/Substrate/GLints/dict_16_192_64_0p5_0p02_0042_0010.uasset" 5053
"../../../Engine/Content/EngineMaterials/Substrate/GLints/dict_16_192_64_0p5_0p02_0042_0009.uasset" 5054
"../../../Engine/Content/EngineMaterials/Substrate/GLints/dict_16_192_64_0p5_0p02_0042_0008.uasset" 5055
"../../../Engine/Content/EngineMaterials/Substrate/GLints/dict_16_192_64_0p5_0p02_0042_0013.uasset" 5056
"../../../Engine/Content/EngineMaterials/Substrate/GLints/dict_16_192_64_0p5_0p02_0042_0007.uasset" 5057
"../../../Engine/Content/EngineMaterials/Substrate/GLints/dict_16_192_64_0p5_0p02_0042_0006.uasset" 5058
"../../../Engine/Content/EngineMaterials/Substrate/GLints/dict_16_192_64_0p5_0p02_0042_0004.uasset" 5059
"../../../Engine/Content/EngineMaterials/Substrate/GLints/dict_16_192_64_0p5_0p02_0042_0005.uasset" 5060
"/Engine/EngineMaterials/Substrate/GLints/dict_16_192_64_0p5_0p02_0043_0004" 5061
"../../../Engine/Content/EngineMaterials/Substrate/GLints/dict_16_192_64_0p5_0p02_0042_0003.uasset" 5062
"../../../Engine/Content/EngineMaterials/Substrate/GLints/dict_16_192_64_0p5_0p02_0042_0002.uasset" 5063
"../../../Engine/Content/EngineMaterials/Substrate/GLints/dict_16_192_64_0p5_0p02_0042_0000.uasset" 5064
"../../../Engine/Content/EngineMaterials/Substrate/GLints/dict_16_192_64_0p5_0p02_0042_0001.uasset" 5065
"../../../Engine/Content/EngineMaterials/Substrate/GLints/dict_16_192_64_0p5_0p02_0041_0015.uasset" 5066
"/Engine/EngineMaterials/Substrate/GLints/dict_16_192_64_0p5_0p02_0043_0005" 5067
"/Engine/EngineMaterials/Substrate/GLints/dict_16_192_64_0p5_0p02_0043_0006" 5068
"/Engine/EngineMaterials/Substrate/GLints/dict_16_192_64_0p5_0p02_0043_0007" 5069
"/Engine/EngineMaterials/Substrate/GLints/dict_16_192_64_0p5_0p02_0043_0008" 5070
"/Engine/EngineMaterials/Substrate/GLints/dict_16_192_64_0p5_0p02_0043_0009" 5071
"/Engine/EngineMaterials/Substrate/GLints/dict_16_192_64_0p5_0p02_0043_0010" 5072
"/Engine/EngineMaterials/Substrate/GLints/dict_16_192_64_0p5_0p02_0043_0011" 5073
"/Engine/EngineMaterials/Substrate/GLints/dict_16_192_64_0p5_0p02_0043_0012" 5074
"/Engine/EngineMaterials/Substrate/GLints/dict_16_192_64_0p5_0p02_0043_0013" 5075
"/Engine/EngineMaterials/Substrate/GLints/dict_16_192_64_0p5_0p02_0044_0000" 5076
"../../../Engine/Content/EngineMaterials/Substrate/GLints/dict_16_192_64_0p5_0p02_0041_0012.uasset" 5077
"../../../Engine/Content/EngineMaterials/Substrate/GLints/dict_16_192_64_0p5_0p02_0041_0013.uasset" 5078
"../../../Engine/Content/EngineMaterials/Substrate/GLints/dict_16_192_64_0p5_0p02_0041_0011.uasset" 5079
"../../../Engine/Content/EngineMaterials/Substrate/GLints/dict_16_192_64_0p5_0p02_0041_0014.uasset" 5080
"/Engine/EngineMaterials/Substrate/GLints/dict_16_192_64_0p5_0p02_0042_0002" 5081
"../../../Engine/Content/EngineMaterials/Substrate/GLints/dict_16_192_64_0p5_0p02_0041_0010.uasset" 5082
"/Engine/EngineMaterials/Substrate/GLints/dict_16_192_64_0p5_0p02_0042_0003" 5083
"../../../Engine/Content/EngineMaterials/Substrate/GLints/dict_16_192_64_0p5_0p02_0041_0009.uasset" 5084
"../../../Engine/Content/EngineMaterials/Substrate/GLints/dict_16_192_64_0p5_0p02_0041_0008.uasset" 5085
"../../../Engine/Content/EngineMaterials/Substrate/GLints/dict_16_192_64_0p5_0p02_0041_0007.uasset" 5086
"../../../Engine/Content/EngineMaterials/Substrate/GLints/dict_16_192_64_0p5_0p02_0041_0006.uasset" 5087
"../../../Engine/Content/EngineMaterials/Substrate/GLints/dict_16_192_64_0p5_0p02_0041_0005.uasset" 5088
"../../../Engine/Content/EngineMaterials/Substrate/GLints/dict_16_192_64_0p5_0p02_0041_0004.uasset" 5089
"../../../Engine/Content/EngineMaterials/Substrate/GLints/dict_16_192_64_0p5_0p02_0041_0003.uasset" 5090
"/Engine/EngineMaterials/Substrate/GLints/dict_16_192_64_0p5_0p02_0042_0004" 5091
"/Engine/EngineMaterials/Substrate/GLints/dict_16_192_64_0p5_0p02_0042_0005" 5092
"/Engine/EngineMaterials/Substrate/GLints/dict_16_192_64_0p5_0p02_0042_0006" 5093
"/Engine/EngineMaterials/Substrate/GLints/dict_16_192_64_0p5_0p02_0042_0007" 5094
"/Engine/EngineMaterials/Substrate/GLints/dict_16_192_64_0p5_0p02_0042_0008" 5095
"/Engine/EngineMaterials/Substrate/GLints/dict_16_192_64_0p5_0p02_0042_0009" 5096
"/Engine/EngineMaterials/Substrate/GLints/dict_16_192_64_0p5_0p02_0042_0010" 5097
"/Engine/EngineMaterials/Substrate/GLints/dict_16_192_64_0p5_0p02_0042_0011" 5098
"/Engine/EngineMaterials/Substrate/GLints/dict_16_192_64_0p5_0p02_0042_0012" 5099
"/Engine/EngineMaterials/Substrate/GLints/dict_16_192_64_0p5_0p02_0042_0013" 5100
"/Engine/EngineMaterials/Substrate/GLints/dict_16_192_64_0p5_0p02_0042_0014" 5101
"/Engine/EngineMaterials/Substrate/GLints/dict_16_192_64_0p5_0p02_0042_0015" 5102
"/Engine/EngineMaterials/Substrate/GLints/dict_16_192_64_0p5_0p02_0043_0000" 5103
"/Engine/EngineMaterials/Substrate/GLints/dict_16_192_64_0p5_0p02_0043_0001" 5104
"/Engine/EngineMaterials/Substrate/GLints/dict_16_192_64_0p5_0p02_0043_0002" 5105
"/Engine/EngineMaterials/Substrate/GLints/dict_16_192_64_0p5_0p02_0041_0015" 5106
"/Engine/EngineMaterials/Substrate/GLints/dict_16_192_64_0p5_0p02_0042_0000" 5107
"/Engine/EngineMaterials/Substrate/GLints/dict_16_192_64_0p5_0p02_0042_0001" 5108
"/Engine/EngineMaterials/Substrate/GLints/dict_16_192_64_0p5_0p02_0041_0003" 5109
"../../../Engine/Content/EngineMaterials/Substrate/GLints/dict_16_192_64_0p5_0p02_0041_0002.uasset" 5110
"../../../Engine/Content/EngineMaterials/Substrate/GLints/dict_16_192_64_0p5_0p02_0041_0001.uasset" 5111
"../../../Engine/Content/EngineMaterials/Substrate/GLints/dict_16_192_64_0p5_0p02_0041_0000.uasset" 5112
"/Engine/EngineMaterials/Substrate/GLints/dict_16_192_64_0p5_0p02_0041_0004" 5113
"../../../Engine/Content/EngineMaterials/Substrate/GLints/dict_16_192_64_0p5_0p02_0040_0015.uasset" 5114
"../../../Engine/Content/EngineMaterials/Substrate/GLints/dict_16_192_64_0p5_0p02_0040_0014.uasset" 5115
"../../../Engine/Content/EngineMaterials/Substrate/GLints/dict_16_192_64_0p5_0p02_0040_0013.uasset" 5116
"/Engine/EngineMaterials/Substrate/GLints/dict_16_192_64_0p5_0p02_0041_0005" 5117
"../../../Engine/Content/EngineMaterials/Substrate/GLints/dict_16_192_64_0p5_0p02_0040_0012.uasset" 5118
"../../../Engine/Content/EngineMaterials/Substrate/GLints/dict_16_192_64_0p5_0p02_0040_0011.uasset" 5119
"../../../Engine/Content/EngineMaterials/Substrate/GLints/dict_16_192_64_0p5_0p02_0040_0010.uasset" 5120
"../../../Engine/Content/EngineMaterials/Substrate/GLints/dict_16_192_64_0p5_0p02_0040_0009.uasset" 5121
"../../../Engine/Content/EngineMaterials/Substrate/GLints/dict_16_192_64_0p5_0p02_0040_0008.uasset" 5122
"../../../Engine/Content/EngineMaterials/Substrate/GLints/dict_16_192_64_0p5_0p02_0040_0007.uasset" 5123
"../../../Engine/Content/EngineMaterials/Substrate/GLints/dict_16_192_64_0p5_0p02_0040_0006.uasset" 5124
"/Engine/EngineMaterials/Substrate/GLints/dict_16_192_64_0p5_0p02_0041_0006" 5125
"../../../Engine/Content/EngineMaterials/Substrate/GLints/dict_16_192_64_0p5_0p02_0040_0005.uasset" 5126
"../../../Engine/Content/EngineMaterials/Substrate/GLints/dict_16_192_64_0p5_0p02_0040_0002.uasset" 5127
"../../../Engine/Content/EngineMaterials/Substrate/GLints/dict_16_192_64_0p5_0p02_0040_0003.uasset" 5128
"../../../Engine/Content/EngineMaterials/Substrate/GLints/dict_16_192_64_0p5_0p02_0040_0001.uasset" 5129
"../../../Engine/Content/EngineMaterials/Substrate/GLints/dict_16_192_64_0p5_0p02_0040_0004.uasset" 5130
"../../../Engine/Content/EngineMaterials/Substrate/GLints/dict_16_192_64_0p5_0p02_0040_0000.uasset" 5131
"/Engine/EngineMaterials/Substrate/GLints/dict_16_192_64_0p5_0p02_0041_0007" 5132
"../../../Engine/Content/EngineMaterials/Substrate/GLints/dict_16_192_64_0p5_0p02_0039_0015.uasset" 5133
"/Engine/EngineMaterials/Substrate/GLints/dict_16_192_64_0p5_0p02_0041_0008" 5134
"/Engine/EngineMaterials/Substrate/GLints/dict_16_192_64_0p5_0p02_0041_0009" 5135
"/Engine/EngineMaterials/Substrate/GLints/dict_16_192_64_0p5_0p02_0041_0010" 5136
"/Engine/EngineMaterials/Substrate/GLints/dict_16_192_64_0p5_0p02_0041_0011" 5137
"/Engine/EngineMaterials/Substrate/GLints/dict_16_192_64_0p5_0p02_0041_0012" 5138
"/Engine/EngineMaterials/Substrate/GLints/dict_16_192_64_0p5_0p02_0041_0013" 5139
"/Engine/EngineMaterials/Substrate/GLints/dict_16_192_64_0p5_0p02_0041_0014" 5140
"../../../Engine/Content/EngineMaterials/Substrate/GLints/dict_16_192_64_0p5_0p02_0039_0010.uasset" 5141
"../../../Engine/Content/EngineMaterials/Substrate/GLints/dict_16_192_64_0p5_0p02_0039_0012.uasset" 5142
"../../../Engine/Content/EngineMaterials/Substrate/GLints/dict_16_192_64_0p5_0p02_0039_0011.uasset" 5143
"../../../Engine/Content/EngineMaterials/Substrate/GLints/dict_16_192_64_0p5_0p02_0039_0013.uasset" 5144
"../../../Engine/Content/EngineMaterials/Substrate/GLints/dict_16_192_64_0p5_0p02_0039_0009.uasset" 5145
"/Engine/EngineMaterials/Substrate/GLints/dict_16_192_64_0p5_0p02_0039_0015" 5146
"../../../Engine/Content/EngineMaterials/Substrate/GLints/dict_16_192_64_0p5_0p02_0039_0014.uasset" 5147
"../../../Engine/Content/EngineMaterials/Substrate/GLints/dict_16_192_64_0p5_0p02_0039_0008.uasset" 5148
"/Engine/EngineMaterials/Substrate/GLints/dict_16_192_64_0p5_0p02_0040_0000" 5149
"../../../Engine/Content/EngineMaterials/Substrate/GLints/dict_16_192_64_0p5_0p02_0039_0007.uasset" 5150
"../../../Engine/Content/EngineMaterials/Substrate/GLints/dict_16_192_64_0p5_0p02_0039_0006.uasset" 5151
"../../../Engine/Content/EngineMaterials/Substrate/GLints/dict_16_192_64_0p5_0p02_0039_0005.uasset" 5152
"../../../Engine/Content/EngineMaterials/Substrate/GLints/dict_16_192_64_0p5_0p02_0039_0004.uasset" 5153
"../../../Engine/Content/EngineMaterials/Substrate/GLints/dict_16_192_64_0p5_0p02_0039_0003.uasset" 5154
"/Engine/EngineMaterials/Substrate/GLints/dict_16_192_64_0p5_0p02_0040_0001" 5155
"/Engine/EngineMaterials/Substrate/GLints/dict_16_192_64_0p5_0p02_0040_0002" 5156
"/Engine/EngineMaterials/Substrate/GLints/dict_16_192_64_0p5_0p02_0040_0003" 5157
"/Engine/EngineMaterials/Substrate/GLints/dict_16_192_64_0p5_0p02_0040_0004" 5158
"/Engine/EngineMaterials/Substrate/GLints/dict_16_192_64_0p5_0p02_0040_0005" 5159
"/Engine/EngineMaterials/Substrate/GLints/dict_16_192_64_0p5_0p02_0040_0006" 5160
"/Engine/EngineMaterials/Substrate/GLints/dict_16_192_64_0p5_0p02_0040_0007" 5161
"/Engine/EngineMaterials/Substrate/GLints/dict_16_192_64_0p5_0p02_0040_0008" 5162
"/Engine/EngineMaterials/Substrate/GLints/dict_16_192_64_0p5_0p02_0040_0009" 5163
"/Engine/EngineMaterials/Substrate/GLints/dict_16_192_64_0p5_0p02_0040_0010" 5164
"/Engine/EngineMaterials/Substrate/GLints/dict_16_192_64_0p5_0p02_0040_0011" 5165
"/Engine/EngineMaterials/Substrate/GLints/dict_16_192_64_0p5_0p02_0040_0012" 5166
"/Engine/EngineMaterials/Substrate/GLints/dict_16_192_64_0p5_0p02_0040_0013" 5167
"/Engine/EngineMaterials/Substrate/GLints/dict_16_192_64_0p5_0p02_0040_0014" 5168
"/Engine/EngineMaterials/Substrate/GLints/dict_16_192_64_0p5_0p02_0040_0015" 5169
"/Engine/EngineMaterials/Substrate/GLints/dict_16_192_64_0p5_0p02_0041_0000" 5170
"/Engine/EngineMaterials/Substrate/GLints/dict_16_192_64_0p5_0p02_0041_0001" 5171
"/Engine/EngineMaterials/Substrate/GLints/dict_16_192_64_0p5_0p02_0041_0002" 5172
"/Engine/EngineMaterials/Substrate/GLints/dict_16_192_64_0p5_0p02_0039_0003" 5173
"/Engine/EngineMaterials/Substrate/GLints/dict_16_192_64_0p5_0p02_0039_0004" 5174
"/Engine/EngineMaterials/Substrate/GLints/dict_16_192_64_0p5_0p02_0039_0005" 5175
"/Engine/EngineMaterials/Substrate/GLints/dict_16_192_64_0p5_0p02_0039_0006" 5176
"../../../Engine/Content/EngineMaterials/Substrate/GLints/dict_16_192_64_0p5_0p02_0039_0002.uasset" 5177
"/Engine/EngineMaterials/Substrate/GLints/dict_16_192_64_0p5_0p02_0039_0007" 5178
"/Engine/EngineMaterials/Substrate/GLints/dict_16_192_64_0p5_0p02_0039_0008" 5179
"/Engine/EngineMaterials/Substrate/GLints/dict_16_192_64_0p5_0p02_0039_0009" 5180
"../../../Engine/Content/EngineMaterials/Substrate/GLints/dict_16_192_64_0p5_0p02_0039_0000.uasset" 5181
"../../../Engine/Content/EngineMaterials/Substrate/GLints/dict_16_192_64_0p5_0p02_0038_0015.uasset" 5182
"/Engine/EngineMaterials/Substrate/GLints/dict_16_192_64_0p5_0p02_0039_0010" 5183
"../../../Engine/Content/EngineMaterials/Substrate/GLints/dict_16_192_64_0p5_0p02_0038_0014.uasset" 5184
"../../../Engine/Content/EngineMaterials/Substrate/GLints/dict_16_192_64_0p5_0p02_0038_0013.uasset" 5185
"../../../Engine/Content/EngineMaterials/Substrate/GLints/dict_16_192_64_0p5_0p02_0039_0001.uasset" 5186
"/Engine/EngineMaterials/Substrate/GLints/dict_16_192_64_0p5_0p02_0039_0011" 5187
"../../../Engine/Content/EngineMaterials/Substrate/GLints/dict_16_192_64_0p5_0p02_0038_0012.uasset" 5188
"../../../Engine/Content/EngineMaterials/Substrate/GLints/dict_16_192_64_0p5_0p02_0038_0011.uasset" 5189
"/Engine/EngineMaterials/Substrate/GLints/dict_16_192_64_0p5_0p02_0039_0012" 5190
"../../../Engine/Content/EngineMaterials/Substrate/GLints/dict_16_192_64_0p5_0p02_0038_0010.uasset" 5191
"../../../Engine/Content/EngineMaterials/Substrate/GLints/dict_16_192_64_0p5_0p02_0038_0009.uasset" 5192
"../../../Engine/Content/EngineMaterials/Substrate/GLints/dict_16_192_64_0p5_0p02_0038_0008.uasset" 5193
"../../../Engine/Content/EngineMaterials/Substrate/GLints/dict_16_192_64_0p5_0p02_0038_0007.uasset" 5194
"../../../Engine/Content/EngineMaterials/Substrate/GLints/dict_16_192_64_0p5_0p02_0038_0005.uasset" 5195
"../../../Engine/Content/EngineMaterials/Substrate/GLints/dict_16_192_64_0p5_0p02_0038_0004.uasset" 5196
"../../../Engine/Content/EngineMaterials/Substrate/GLints/dict_16_192_64_0p5_0p02_0038_0003.uasset" 5197
"../../../Engine/Content/EngineMaterials/Substrate/GLints/dict_16_192_64_0p5_0p02_0038_0006.uasset" 5198
"/Engine/EngineMaterials/Substrate/GLints/dict_16_192_64_0p5_0p02_0039_0013" 5199
"../../../Engine/Content/EngineMaterials/Substrate/GLints/dict_16_192_64_0p5_0p02_0038_0002.uasset" 5200
"../../../Engine/Content/EngineMaterials/Substrate/GLints/dict_16_192_64_0p5_0p02_0038_0001.uasset" 5201
"../../../Engine/Content/EngineMaterials/Substrate/GLints/dict_16_192_64_0p5_0p02_0037_0015.uasset" 5202
"../../../Engine/Content/EngineMaterials/Substrate/GLints/dict_16_192_64_0p5_0p02_0038_0000.uasset" 5203
"/Engine/EngineMaterials/Substrate/GLints/dict_16_192_64_0p5_0p02_0039_0014" 5204
"../../../Engine/Content/EngineMaterials/Substrate/GLints/dict_16_192_64_0p5_0p02_0037_0013.uasset" 5205
"../../../Engine/Content/EngineMaterials/Substrate/GLints/dict_16_192_64_0p5_0p02_0037_0012.uasset" 5206
"/Engine/EngineMaterials/Substrate/GLints/dict_16_192_64_0p5_0p02_0037_0015" 5207
"../../../Engine/Content/EngineMaterials/Substrate/GLints/dict_16_192_64_0p5_0p02_0037_0010.uasset" 5208
"../../../Engine/Content/EngineMaterials/Substrate/GLints/dict_16_192_64_0p5_0p02_0037_0009.uasset" 5209
"../../../Engine/Content/EngineMaterials/Substrate/GLints/dict_16_192_64_0p5_0p02_0037_0011.uasset" 5210
"../../../Engine/Content/EngineMaterials/Substrate/GLints/dict_16_192_64_0p5_0p02_0037_0014.uasset" 5211
"/Engine/EngineMaterials/Substrate/GLints/dict_16_192_64_0p5_0p02_0038_0000" 5212
"../../../Engine/Content/EngineMaterials/Substrate/GLints/dict_16_192_64_0p5_0p02_0037_0008.uasset" 5213
"../../../Engine/Content/EngineMaterials/Substrate/GLints/dict_16_192_64_0p5_0p02_0037_0007.uasset" 5214
"../../../Engine/Content/EngineMaterials/Substrate/GLints/dict_16_192_64_0p5_0p02_0037_0005.uasset" 5215
"/Engine/EngineMaterials/Substrate/GLints/dict_16_192_64_0p5_0p02_0038_0001" 5216
"../../../Engine/Content/EngineMaterials/Substrate/GLints/dict_16_192_64_0p5_0p02_0037_0006.uasset" 5217
"../../../Engine/Content/EngineMaterials/Substrate/GLints/dict_16_192_64_0p5_0p02_0037_0004.uasset" 5218
"../../../Engine/Content/EngineMaterials/Substrate/GLints/dict_16_192_64_0p5_0p02_0037_0003.uasset" 5219
"/Engine/EngineMaterials/Substrate/GLints/dict_16_192_64_0p5_0p02_0038_0002" 5220
"/Engine/EngineMaterials/Substrate/GLints/dict_16_192_64_0p5_0p02_0038_0003" 5221
"/Engine/EngineMaterials/Substrate/GLints/dict_16_192_64_0p5_0p02_0038_0004" 5222
"/Engine/EngineMaterials/Substrate/GLints/dict_16_192_64_0p5_0p02_0038_0005" 5223
"/Engine/EngineMaterials/Substrate/GLints/dict_16_192_64_0p5_0p02_0038_0006" 5224
"/Engine/EngineMaterials/Substrate/GLints/dict_16_192_64_0p5_0p02_0038_0007" 5225
"/Engine/EngineMaterials/Substrate/GLints/dict_16_192_64_0p5_0p02_0038_0008" 5226
"/Engine/EngineMaterials/Substrate/GLints/dict_16_192_64_0p5_0p02_0038_0009" 5227
"/Engine/EngineMaterials/Substrate/GLints/dict_16_192_64_0p5_0p02_0038_0010" 5228
"/Engine/EngineMaterials/Substrate/GLints/dict_16_192_64_0p5_0p02_0038_0011" 5229
"/Engine/EngineMaterials/Substrate/GLints/dict_16_192_64_0p5_0p02_0038_0012" 5230
"/Engine/EngineMaterials/Substrate/GLints/dict_16_192_64_0p5_0p02_0038_0013" 5231
"/Engine/EngineMaterials/Substrate/GLints/dict_16_192_64_0p5_0p02_0038_0014" 5232
"/Engine/EngineMaterials/Substrate/GLints/dict_16_192_64_0p5_0p02_0038_0015" 5233
"/Engine/EngineMaterials/Substrate/GLints/dict_16_192_64_0p5_0p02_0039_0000" 5234
"/Engine/EngineMaterials/Substrate/GLints/dict_16_192_64_0p5_0p02_0039_0001" 5235
"/Engine/EngineMaterials/Substrate/GLints/dict_16_192_64_0p5_0p02_0039_0002" 5236
"/Engine/EngineMaterials/Substrate/GLints/dict_16_192_64_0p5_0p02_0037_0003" 5237
"../../../Engine/Content/EngineMaterials/Substrate/GLints/dict_16_192_64_0p5_0p02_0037_0002.uasset" 5238
"../../../Engine/Content/EngineMaterials/Substrate/GLints/dict_16_192_64_0p5_0p02_0037_0000.uasset" 5239
"../../../Engine/Content/EngineMaterials/Substrate/GLints/dict_16_192_64_0p5_0p02_0037_0001.uasset" 5240
"../../../Engine/Content/EngineMaterials/Substrate/GLints/dict_16_192_64_0p5_0p02_0036_0013.uasset" 5241
"../../../Engine/Content/EngineMaterials/Substrate/GLints/dict_16_192_64_0p5_0p02_0036_0014.uasset" 5242
"../../../Engine/Content/EngineMaterials/Substrate/GLints/dict_16_192_64_0p5_0p02_0036_0015.uasset" 5243
"/Engine/EngineMaterials/Substrate/GLints/dict_16_192_64_0p5_0p02_0037_0004" 5244
"../../../Engine/Content/EngineMaterials/Substrate/GLints/dict_16_192_64_0p5_0p02_0036_0011.uasset" 5245
"../../../Engine/Content/EngineMaterials/Substrate/GLints/dict_16_192_64_0p5_0p02_0036_0010.uasset" 5246
"../../../Engine/Content/EngineMaterials/Substrate/GLints/dict_16_192_64_0p5_0p02_0036_0012.uasset" 5247
"../../../Engine/Content/EngineMaterials/Substrate/GLints/dict_16_192_64_0p5_0p02_0036_0009.uasset" 5248
"../../../Engine/Content/EngineMaterials/Substrate/GLints/dict_16_192_64_0p5_0p02_0036_0008.uasset" 5249
"../../../Engine/Content/EngineMaterials/Substrate/GLints/dict_16_192_64_0p5_0p02_0036_0007.uasset" 5250
"../../../Engine/Content/EngineMaterials/Substrate/GLints/dict_16_192_64_0p5_0p02_0036_0005.uasset" 5251
"/Engine/EngineMaterials/Substrate/GLints/dict_16_192_64_0p5_0p02_0037_0005" 5252
"../../../Engine/Content/EngineMaterials/Substrate/GLints/dict_16_192_64_0p5_0p02_0036_0004.uasset" 5253
"../../../Engine/Content/EngineMaterials/Substrate/GLints/dict_16_192_64_0p5_0p02_0036_0003.uasset" 5254
"../../../Engine/Content/EngineMaterials/Substrate/GLints/dict_16_192_64_0p5_0p02_0036_0002.uasset" 5255
"../../../Engine/Content/EngineMaterials/Substrate/GLints/dict_16_192_64_0p5_0p02_0036_0006.uasset" 5256
"../../../Engine/Content/EngineMaterials/Substrate/GLints/dict_16_192_64_0p5_0p02_0036_0001.uasset" 5257
"../../../Engine/Content/EngineMaterials/Substrate/GLints/dict_16_192_64_0p5_0p02_0036_0000.uasset" 5258
"../../../Engine/Content/EngineMaterials/Substrate/GLints/dict_16_192_64_0p5_0p02_0035_0015.uasset" 5259
"/Engine/EngineMaterials/Substrate/GLints/dict_16_192_64_0p5_0p02_0037_0006" 5260
"/Engine/EngineMaterials/Substrate/GLints/dict_16_192_64_0p5_0p02_0037_0007" 5261
"/Engine/EngineMaterials/Substrate/GLints/dict_16_192_64_0p5_0p02_0037_0008" 5262
"/Engine/EngineMaterials/Substrate/GLints/dict_16_192_64_0p5_0p02_0037_0009" 5263
"/Engine/EngineMaterials/Substrate/GLints/dict_16_192_64_0p5_0p02_0037_0010" 5264
"/Engine/EngineMaterials/Substrate/GLints/dict_16_192_64_0p5_0p02_0037_0011" 5265
"/Engine/EngineMaterials/Substrate/GLints/dict_16_192_64_0p5_0p02_0037_0012" 5266
"/Engine/EngineMaterials/Substrate/GLints/dict_16_192_64_0p5_0p02_0037_0013" 5267
"/Engine/EngineMaterials/Substrate/GLints/dict_16_192_64_0p5_0p02_0037_0014" 5268
"/Engine/EngineMaterials/Substrate/GLints/dict_16_192_64_0p5_0p02_0035_0015" 5269
"../../../Engine/Content/EngineMaterials/Substrate/GLints/dict_16_192_64_0p5_0p02_0035_0014.uasset" 5270
"../../../Engine/Content/EngineMaterials/Substrate/GLints/dict_16_192_64_0p5_0p02_0035_0013.uasset" 5271
"../../../Engine/Content/EngineMaterials/Substrate/GLints/dict_16_192_64_0p5_0p02_0035_0012.uasset" 5272
"../../../Engine/Content/EngineMaterials/Substrate/GLints/dict_16_192_64_0p5_0p02_0035_0010.uasset" 5273
"../../../Engine/Content/EngineMaterials/Substrate/GLints/dict_16_192_64_0p5_0p02_0035_0009.uasset" 5274
"../../../Engine/Content/EngineMaterials/Substrate/GLints/dict_16_192_64_0p5_0p02_0035_0011.uasset" 5275
"/Engine/EngineMaterials/Substrate/GLints/dict_16_192_64_0p5_0p02_0036_0000" 5276
"../../../Engine/Content/EngineMaterials/Substrate/GLints/dict_16_192_64_0p5_0p02_0035_0007.uasset" 5277
"../../../Engine/Content/EngineMaterials/Substrate/GLints/dict_16_192_64_0p5_0p02_0035_0006.uasset" 5278
"../../../Engine/Content/EngineMaterials/Substrate/GLints/dict_16_192_64_0p5_0p02_0035_0005.uasset" 5279
"../../../Engine/Content/EngineMaterials/Substrate/GLints/dict_16_192_64_0p5_0p02_0035_0008.uasset" 5280
"/Engine/EngineMaterials/Substrate/GLints/dict_16_192_64_0p5_0p02_0036_0001" 5281
"../../../Engine/Content/EngineMaterials/Substrate/GLints/dict_16_192_64_0p5_0p02_0035_0003.uasset" 5282
"../../../Engine/Content/EngineMaterials/Substrate/GLints/dict_16_192_64_0p5_0p02_0035_0004.uasset" 5283
"/Engine/EngineMaterials/Substrate/GLints/dict_16_192_64_0p5_0p02_0036_0002" 5284
"/Engine/EngineMaterials/Substrate/GLints/dict_16_192_64_0p5_0p02_0036_0003" 5285
"/Engine/EngineMaterials/Substrate/GLints/dict_16_192_64_0p5_0p02_0036_0004" 5286
"/Engine/EngineMaterials/Substrate/GLints/dict_16_192_64_0p5_0p02_0036_0005" 5287
"/Engine/EngineMaterials/Substrate/GLints/dict_16_192_64_0p5_0p02_0036_0006" 5288
"/Engine/EngineMaterials/Substrate/GLints/dict_16_192_64_0p5_0p02_0036_0007" 5289
"/Engine/EngineMaterials/Substrate/GLints/dict_16_192_64_0p5_0p02_0036_0008" 5290
"/Engine/EngineMaterials/Substrate/GLints/dict_16_192_64_0p5_0p02_0036_0009" 5291
"/Engine/EngineMaterials/Substrate/GLints/dict_16_192_64_0p5_0p02_0036_0010" 5292
"/Engine/EngineMaterials/Substrate/GLints/dict_16_192_64_0p5_0p02_0036_0011" 5293
"/Engine/EngineMaterials/Substrate/GLints/dict_16_192_64_0p5_0p02_0036_0012" 5294
"/Engine/EngineMaterials/Substrate/GLints/dict_16_192_64_0p5_0p02_0036_0013" 5295
"/Engine/EngineMaterials/Substrate/GLints/dict_16_192_64_0p5_0p02_0036_0014" 5296
"/Engine/EngineMaterials/Substrate/GLints/dict_16_192_64_0p5_0p02_0036_0015" 5297
"/Engine/EngineMaterials/Substrate/GLints/dict_16_192_64_0p5_0p02_0037_0000" 5298
"/Engine/EngineMaterials/Substrate/GLints/dict_16_192_64_0p5_0p02_0037_0001" 5299
"/Engine/EngineMaterials/Substrate/GLints/dict_16_192_64_0p5_0p02_0037_0002" 5300
"/Engine/EngineMaterials/Substrate/GLints/dict_16_192_64_0p5_0p02_0035_0003" 5301
"../../../Engine/Content/EngineMaterials/Substrate/GLints/dict_16_192_64_0p5_0p02_0034_0014.uasset" 5302
"../../../Engine/Content/EngineMaterials/Substrate/GLints/dict_16_192_64_0p5_0p02_0034_0015.uasset" 5303
"../../../Engine/Content/EngineMaterials/Substrate/GLints/dict_16_192_64_0p5_0p02_0035_0001.uasset" 5304
"../../../Engine/Content/EngineMaterials/Substrate/GLints/dict_16_192_64_0p5_0p02_0035_0002.uasset" 5305
"../../../Engine/Content/EngineMaterials/Substrate/GLints/dict_16_192_64_0p5_0p02_0035_0000.uasset" 5306
"../../../Engine/Content/EngineMaterials/Substrate/GLints/dict_16_192_64_0p5_0p02_0034_0013.uasset" 5307
"../../../Engine/Content/EngineMaterials/Substrate/GLints/dict_16_192_64_0p5_0p02_0034_0011.uasset" 5308
"/Engine/EngineMaterials/Substrate/GLints/dict_16_192_64_0p5_0p02_0035_0004" 5309
"../../../Engine/Content/EngineMaterials/Substrate/GLints/dict_16_192_64_0p5_0p02_0034_0012.uasset" 5310
"../../../Engine/Content/EngineMaterials/Substrate/GLints/dict_16_192_64_0p5_0p02_0034_0010.uasset" 5311
"../../../Engine/Content/EngineMaterials/Substrate/GLints/dict_16_192_64_0p5_0p02_0034_0008.uasset" 5312
"../../../Engine/Content/EngineMaterials/Substrate/GLints/dict_16_192_64_0p5_0p02_0034_0009.uasset" 5313
"../../../Engine/Content/EngineMaterials/Substrate/GLints/dict_16_192_64_0p5_0p02_0034_0007.uasset" 5314
"../../../Engine/Content/EngineMaterials/Substrate/GLints/dict_16_192_64_0p5_0p02_0034_0006.uasset" 5315
"/Engine/EngineMaterials/Substrate/GLints/dict_16_192_64_0p5_0p02_0035_0005" 5316
"../../../Engine/Content/EngineMaterials/Substrate/GLints/dict_16_192_64_0p5_0p02_0034_0005.uasset" 5317
"/Engine/EngineMaterials/Substrate/GLints/dict_16_192_64_0p5_0p02_0035_0006" 5318
"/Engine/EngineMaterials/Substrate/GLints/dict_16_192_64_0p5_0p02_0035_0007" 5319
"/Engine/EngineMaterials/Substrate/GLints/dict_16_192_64_0p5_0p02_0035_0008" 5320
"../../../Engine/Content/EngineMaterials/Substrate/GLints/dict_16_192_64_0p5_0p02_0034_0004.uasset" 5321
"/Engine/EngineMaterials/Substrate/GLints/dict_16_192_64_0p5_0p02_0035_0009" 5322
"../../../Engine/Content/EngineMaterials/Substrate/GLints/dict_16_192_64_0p5_0p02_0034_0003.uasset" 5323
"/Engine/EngineMaterials/Substrate/GLints/dict_16_192_64_0p5_0p02_0035_0010" 5324
"/Engine/EngineMaterials/Substrate/GLints/dict_16_192_64_0p5_0p02_0035_0011" 5325
"/Engine/EngineMaterials/Substrate/GLints/dict_16_192_64_0p5_0p02_0035_0012" 5326
"../../../Engine/Content/EngineMaterials/Substrate/GLints/dict_16_192_64_0p5_0p02_0034_0002.uasset" 5327
"../../../Engine/Content/EngineMaterials/Substrate/GLints/dict_16_192_64_0p5_0p02_0034_0000.uasset" 5328
"../../../Engine/Content/EngineMaterials/Substrate/GLints/dict_16_192_64_0p5_0p02_0033_0015.uasset" 5329
"../../../Engine/Content/EngineMaterials/Substrate/GLints/dict_16_192_64_0p5_0p02_0034_0001.uasset" 5330
"/Engine/EngineMaterials/Substrate/GLints/dict_16_192_64_0p5_0p02_0035_0013" 5331
"/Engine/EngineMaterials/Substrate/GLints/dict_16_192_64_0p5_0p02_0035_0014" 5332
"../../../Engine/Content/EngineMaterials/Substrate/GLints/dict_16_192_64_0p5_0p02_0033_0010.uasset" 5333
"../../../Engine/Content/EngineMaterials/Substrate/GLints/dict_16_192_64_0p5_0p02_0033_0011.uasset" 5334
"../../../Engine/Content/EngineMaterials/Substrate/GLints/dict_16_192_64_0p5_0p02_0033_0014.uasset" 5335
"../../../Engine/Content/EngineMaterials/Substrate/GLints/dict_16_192_64_0p5_0p02_0033_0013.uasset" 5336
"/Engine/EngineMaterials/Substrate/GLints/dict_16_192_64_0p5_0p02_0033_0015" 5337
"../../../Engine/Content/EngineMaterials/Substrate/GLints/dict_16_192_64_0p5_0p02_0033_0012.uasset" 5338
"/Engine/EngineMaterials/Substrate/GLints/dict_16_192_64_0p5_0p02_0034_0000" 5339
"../../../Engine/Content/EngineMaterials/Substrate/GLints/dict_16_192_64_0p5_0p02_0033_0009.uasset" 5340
"../../../Engine/Content/EngineMaterials/Substrate/GLints/dict_16_192_64_0p5_0p02_0033_0007.uasset" 5341
"../../../Engine/Content/EngineMaterials/Substrate/GLints/dict_16_192_64_0p5_0p02_0033_0005.uasset" 5342
"../../../Engine/Content/EngineMaterials/Substrate/GLints/dict_16_192_64_0p5_0p02_0033_0008.uasset" 5343
"../../../Engine/Content/EngineMaterials/Substrate/GLints/dict_16_192_64_0p5_0p02_0033_0006.uasset" 5344
"/Engine/EngineMaterials/Substrate/GLints/dict_16_192_64_0p5_0p02_0034_0001" 5345
"../../../Engine/Content/EngineMaterials/Substrate/GLints/dict_16_192_64_0p5_0p02_0033_0004.uasset" 5346
"../../../Engine/Content/EngineMaterials/Substrate/GLints/dict_16_192_64_0p5_0p02_0033_0003.uasset" 5347
"/Engine/EngineMaterials/Substrate/GLints/dict_16_192_64_0p5_0p02_0034_0002" 5348
"/Engine/EngineMaterials/Substrate/GLints/dict_16_192_64_0p5_0p02_0034_0003" 5349
"/Engine/EngineMaterials/Substrate/GLints/dict_16_192_64_0p5_0p02_0034_0004" 5350
"/Engine/EngineMaterials/Substrate/GLints/dict_16_192_64_0p5_0p02_0034_0005" 5351
"/Engine/EngineMaterials/Substrate/GLints/dict_16_192_64_0p5_0p02_0034_0006" 5352
"/Engine/EngineMaterials/Substrate/GLints/dict_16_192_64_0p5_0p02_0034_0007" 5353
"/Engine/EngineMaterials/Substrate/GLints/dict_16_192_64_0p5_0p02_0034_0008" 5354
"/Engine/EngineMaterials/Substrate/GLints/dict_16_192_64_0p5_0p02_0034_0009" 5355
"/Engine/EngineMaterials/Substrate/GLints/dict_16_192_64_0p5_0p02_0034_0010" 5356
"/Engine/EngineMaterials/Substrate/GLints/dict_16_192_64_0p5_0p02_0034_0011" 5357
"/Engine/EngineMaterials/Substrate/GLints/dict_16_192_64_0p5_0p02_0034_0012" 5358
"/Engine/EngineMaterials/Substrate/GLints/dict_16_192_64_0p5_0p02_0034_0013" 5359
"/Engine/EngineMaterials/Substrate/GLints/dict_16_192_64_0p5_0p02_0034_0014" 5360
"/Engine/EngineMaterials/Substrate/GLints/dict_16_192_64_0p5_0p02_0034_0015" 5361
"/Engine/EngineMaterials/Substrate/GLints/dict_16_192_64_0p5_0p02_0035_0000" 5362
"/Engine/EngineMaterials/Substrate/GLints/dict_16_192_64_0p5_0p02_0035_0001" 5363
"/Engine/EngineMaterials/Substrate/GLints/dict_16_192_64_0p5_0p02_0035_0002" 5364
"/Engine/EngineMaterials/Substrate/GLints/dict_16_192_64_0p5_0p02_0033_0003" 5365
"../../../Engine/Content/EngineMaterials/Substrate/GLints/dict_16_192_64_0p5_0p02_0033_0002.uasset" 5366
"../../../Engine/Content/EngineMaterials/Substrate/GLints/dict_16_192_64_0p5_0p02_0033_0001.uasset" 5367
"../../../Engine/Content/EngineMaterials/Substrate/GLints/dict_16_192_64_0p5_0p02_0032_0015.uasset" 5368
"../../../Engine/Content/EngineMaterials/Substrate/GLints/dict_16_192_64_0p5_0p02_0033_0000.uasset" 5369
"/Engine/EngineMaterials/Substrate/GLints/dict_16_192_64_0p5_0p02_0033_0004" 5370
"../../../Engine/Content/EngineMaterials/Substrate/GLints/dict_16_192_64_0p5_0p02_0032_0014.uasset" 5371
"../../../Engine/Content/EngineMaterials/Substrate/GLints/dict_16_192_64_0p5_0p02_0032_0013.uasset" 5372
"../../../Engine/Content/EngineMaterials/Substrate/GLints/dict_16_192_64_0p5_0p02_0032_0012.uasset" 5373
"../../../Engine/Content/EngineMaterials/Substrate/GLints/dict_16_192_64_0p5_0p02_0032_0011.uasset" 5374
"/Engine/EngineMaterials/Substrate/GLints/dict_16_192_64_0p5_0p02_0033_0005" 5375
"../../../Engine/Content/EngineMaterials/Substrate/GLints/dict_16_192_64_0p5_0p02_0032_0010.uasset" 5376
"../../../Engine/Content/EngineMaterials/Substrate/GLints/dict_16_192_64_0p5_0p02_0032_0009.uasset" 5377
"../../../Engine/Content/EngineMaterials/Substrate/GLints/dict_16_192_64_0p5_0p02_0032_0007.uasset" 5378
"../../../Engine/Content/EngineMaterials/Substrate/GLints/dict_16_192_64_0p5_0p02_0032_0008.uasset" 5379
"/Engine/EngineMaterials/Substrate/GLints/dict_16_192_64_0p5_0p02_0033_0006" 5380
"../../../Engine/Content/EngineMaterials/Substrate/GLints/dict_16_192_64_0p5_0p02_0032_0006.uasset" 5381
"../../../Engine/Content/EngineMaterials/Substrate/GLints/dict_16_192_64_0p5_0p02_0032_0005.uasset" 5382
"../../../Engine/Content/EngineMaterials/Substrate/GLints/dict_16_192_64_0p5_0p02_0032_0004.uasset" 5383
"../../../Engine/Content/EngineMaterials/Substrate/GLints/dict_16_192_64_0p5_0p02_0032_0002.uasset" 5384
"/Engine/EngineMaterials/Substrate/GLints/dict_16_192_64_0p5_0p02_0033_0007" 5385
"../../../Engine/Content/EngineMaterials/Substrate/GLints/dict_16_192_64_0p5_0p02_0032_0001.uasset" 5386
"../../../Engine/Content/EngineMaterials/Substrate/GLints/dict_16_192_64_0p5_0p02_0032_0003.uasset" 5387
"../../../Engine/Content/EngineMaterials/Substrate/GLints/dict_16_192_64_0p5_0p02_0032_0000.uasset" 5388
"/Engine/EngineMaterials/Substrate/GLints/dict_16_192_64_0p5_0p02_0033_0008" 5389
"../../../Engine/Content/EngineMaterials/Substrate/GLints/dict_16_192_64_0p5_0p02_0031_0015.uasset" 5390
"/Engine/EngineMaterials/Substrate/GLints/dict_16_192_64_0p5_0p02_0033_0009" 5391
"/Engine/EngineMaterials/Substrate/GLints/dict_16_192_64_0p5_0p02_0033_0010" 5392
"/Engine/EngineMaterials/Substrate/GLints/dict_16_192_64_0p5_0p02_0033_0011" 5393
"/Engine/EngineMaterials/Substrate/GLints/dict_16_192_64_0p5_0p02_0033_0012" 5394
"/Engine/EngineMaterials/Substrate/GLints/dict_16_192_64_0p5_0p02_0033_0013" 5395
"/Engine/EngineMaterials/Substrate/GLints/dict_16_192_64_0p5_0p02_0033_0014" 5396
"/Engine/EngineMaterials/Substrate/GLints/dict_16_192_64_0p5_0p02_0031_0015" 5397
"../../../Engine/Content/EngineMaterials/Substrate/GLints/dict_16_192_64_0p5_0p02_0031_0012.uasset" 5398
"../../../Engine/Content/EngineMaterials/Substrate/GLints/dict_16_192_64_0p5_0p02_0031_0010.uasset" 5399
"../../../Engine/Content/EngineMaterials/Substrate/GLints/dict_16_192_64_0p5_0p02_0031_0014.uasset" 5400
"../../../Engine/Content/EngineMaterials/Substrate/GLints/dict_16_192_64_0p5_0p02_0031_0011.uasset" 5401
"../../../Engine/Content/EngineMaterials/Substrate/GLints/dict_16_192_64_0p5_0p02_0031_0009.uasset" 5402
"/Engine/EngineMaterials/Substrate/GLints/dict_16_192_64_0p5_0p02_0032_0000" 5403
"../../../Engine/Content/EngineMaterials/Substrate/GLints/dict_16_192_64_0p5_0p02_0031_0013.uasset" 5404
"../../../Engine/Content/EngineMaterials/Substrate/GLints/dict_16_192_64_0p5_0p02_0031_0007.uasset" 5405
"../../../Engine/Content/EngineMaterials/Substrate/GLints/dict_16_192_64_0p5_0p02_0031_0008.uasset" 5406
"../../../Engine/Content/EngineMaterials/Substrate/GLints/dict_16_192_64_0p5_0p02_0031_0006.uasset" 5407
"/Engine/EngineMaterials/Substrate/GLints/dict_16_192_64_0p5_0p02_0032_0001" 5408
"../../../Engine/Content/EngineMaterials/Substrate/GLints/dict_16_192_64_0p5_0p02_0031_0005.uasset" 5409
"../../../Engine/Content/EngineMaterials/Substrate/GLints/dict_16_192_64_0p5_0p02_0031_0003.uasset" 5410
"../../../Engine/Content/EngineMaterials/Substrate/GLints/dict_16_192_64_0p5_0p02_0031_0004.uasset" 5411
"/Engine/EngineMaterials/Substrate/GLints/dict_16_192_64_0p5_0p02_0032_0002" 5412
"/Engine/EngineMaterials/Substrate/GLints/dict_16_192_64_0p5_0p02_0032_0003" 5413
"/Engine/EngineMaterials/Substrate/GLints/dict_16_192_64_0p5_0p02_0032_0004" 5414
"/Engine/EngineMaterials/Substrate/GLints/dict_16_192_64_0p5_0p02_0032_0005" 5415
"/Engine/EngineMaterials/Substrate/GLints/dict_16_192_64_0p5_0p02_0032_0006" 5416
"/Engine/EngineMaterials/Substrate/GLints/dict_16_192_64_0p5_0p02_0032_0007" 5417
"/Engine/EngineMaterials/Substrate/GLints/dict_16_192_64_0p5_0p02_0032_0008" 5418
"/Engine/EngineMaterials/Substrate/GLints/dict_16_192_64_0p5_0p02_0032_0009" 5419
"/Engine/EngineMaterials/Substrate/GLints/dict_16_192_64_0p5_0p02_0032_0010" 5420
"/Engine/EngineMaterials/Substrate/GLints/dict_16_192_64_0p5_0p02_0032_0011" 5421
"/Engine/EngineMaterials/Substrate/GLints/dict_16_192_64_0p5_0p02_0032_0012" 5422
"/Engine/EngineMaterials/Substrate/GLints/dict_16_192_64_0p5_0p02_0032_0013" 5423
"/Engine/EngineMaterials/Substrate/GLints/dict_16_192_64_0p5_0p02_0032_0014" 5424
"/Engine/EngineMaterials/Substrate/GLints/dict_16_192_64_0p5_0p02_0032_0015" 5425
"/Engine/EngineMaterials/Substrate/GLints/dict_16_192_64_0p5_0p02_0033_0000" 5426
"/Engine/EngineMaterials/Substrate/GLints/dict_16_192_64_0p5_0p02_0033_0001" 5427
"/Engine/EngineMaterials/Substrate/GLints/dict_16_192_64_0p5_0p02_0033_0002" 5428
"../../../Engine/Content/EngineMaterials/Substrate/GLints/dict_16_192_64_0p5_0p02_0031_0002.uasset" 5429
"../../../Engine/Content/EngineMaterials/Substrate/GLints/dict_16_192_64_0p5_0p02_0030_0015.uasset" 5430
"../../../Engine/Content/EngineMaterials/Substrate/GLints/dict_16_192_64_0p5_0p02_0031_0000.uasset" 5431
"/Engine/EngineMaterials/Substrate/GLints/dict_16_192_64_0p5_0p02_0031_0003" 5432
"../../../Engine/Content/EngineMaterials/Substrate/GLints/dict_16_192_64_0p5_0p02_0031_0001.uasset" 5433
"/Engine/EngineMaterials/Substrate/GLints/dict_16_192_64_0p5_0p02_0031_0004" 5434
"../../../Engine/Content/EngineMaterials/Substrate/GLints/dict_16_192_64_0p5_0p02_0030_0014.uasset" 5435
"../../../Engine/Content/EngineMaterials/Substrate/GLints/dict_16_192_64_0p5_0p02_0030_0013.uasset" 5436
"../../../Engine/Content/EngineMaterials/Substrate/GLints/dict_16_192_64_0p5_0p02_0030_0012.uasset" 5437
"../../../Engine/Content/EngineMaterials/Substrate/GLints/dict_16_192_64_0p5_0p02_0030_0011.uasset" 5438
"/Engine/EngineMaterials/Substrate/GLints/dict_16_192_64_0p5_0p02_0031_0005" 5439
"../../../Engine/Content/EngineMaterials/Substrate/GLints/dict_16_192_64_0p5_0p02_0030_0009.uasset" 5440
"../../../Engine/Content/EngineMaterials/Substrate/GLints/dict_16_192_64_0p5_0p02_0030_0010.uasset" 5441
"../../../Engine/Content/EngineMaterials/Substrate/GLints/dict_16_192_64_0p5_0p02_0030_0008.uasset" 5442
"../../../Engine/Content/EngineMaterials/Substrate/GLints/dict_16_192_64_0p5_0p02_0030_0007.uasset" 5443
"../../../Engine/Content/EngineMaterials/Substrate/GLints/dict_16_192_64_0p5_0p02_0030_0006.uasset" 5444
"../../../Engine/Content/EngineMaterials/Substrate/GLints/dict_16_192_64_0p5_0p02_0030_0005.uasset" 5445
"../../../Engine/Content/EngineMaterials/Substrate/GLints/dict_16_192_64_0p5_0p02_0030_0004.uasset" 5446
"/Engine/EngineMaterials/Substrate/GLints/dict_16_192_64_0p5_0p02_0031_0006" 5447
"../../../Engine/Content/EngineMaterials/Substrate/GLints/dict_16_192_64_0p5_0p02_0030_0003.uasset" 5448
"../../../Engine/Content/EngineMaterials/Substrate/GLints/dict_16_192_64_0p5_0p02_0030_0002.uasset" 5449
"../../../Engine/Content/EngineMaterials/Substrate/GLints/dict_16_192_64_0p5_0p02_0030_0001.uasset" 5450
"../../../Engine/Content/EngineMaterials/Substrate/GLints/dict_16_192_64_0p5_0p02_0030_0000.uasset" 5451
"/Engine/EngineMaterials/Substrate/GLints/dict_16_192_64_0p5_0p02_0031_0007" 5452
"../../../Engine/Content/EngineMaterials/Substrate/GLints/dict_16_192_64_0p5_0p02_0029_0015.uasset" 5453
"/Engine/EngineMaterials/Substrate/GLints/dict_16_192_64_0p5_0p02_0031_0008" 5454
"/Engine/EngineMaterials/Substrate/GLints/dict_16_192_64_0p5_0p02_0031_0009" 5455
"/Engine/EngineMaterials/Substrate/GLints/dict_16_192_64_0p5_0p02_0031_0010" 5456
"/Engine/EngineMaterials/Substrate/GLints/dict_16_192_64_0p5_0p02_0031_0011" 5457
"/Engine/EngineMaterials/Substrate/GLints/dict_16_192_64_0p5_0p02_0031_0012" 5458
"/Engine/EngineMaterials/Substrate/GLints/dict_16_192_64_0p5_0p02_0031_0013" 5459
"/Engine/EngineMaterials/Substrate/GLints/dict_16_192_64_0p5_0p02_0031_0014" 5460
"/Engine/EngineMaterials/Substrate/GLints/dict_16_192_64_0p5_0p02_0029_0015" 5461
"/Engine/EngineMaterials/Substrate/GLints/dict_16_192_64_0p5_0p02_0030_0000" 5462
"../../../Engine/Content/EngineMaterials/Substrate/GLints/dict_16_192_64_0p5_0p02_0029_0014.uasset" 5463
"../../../Engine/Content/EngineMaterials/Substrate/GLints/dict_16_192_64_0p5_0p02_0029_0012.uasset" 5464
"../../../Engine/Content/EngineMaterials/Substrate/GLints/dict_16_192_64_0p5_0p02_0029_0013.uasset" 5465
"../../../Engine/Content/EngineMaterials/Substrate/GLints/dict_16_192_64_0p5_0p02_0029_0011.uasset" 5466
"../../../Engine/Content/EngineMaterials/Substrate/GLints/dict_16_192_64_0p5_0p02_0029_0010.uasset" 5467
"../../../Engine/Content/EngineMaterials/Substrate/GLints/dict_16_192_64_0p5_0p02_0029_0009.uasset" 5468
"../../../Engine/Content/EngineMaterials/Substrate/GLints/dict_16_192_64_0p5_0p02_0029_0008.uasset" 5469
"../../../Engine/Content/EngineMaterials/Substrate/GLints/dict_16_192_64_0p5_0p02_0029_0007.uasset" 5470
"/Engine/EngineMaterials/Substrate/GLints/dict_16_192_64_0p5_0p02_0030_0001" 5471
"../../../Engine/Content/EngineMaterials/Substrate/GLints/dict_16_192_64_0p5_0p02_0029_0006.uasset" 5472
"../../../Engine/Content/EngineMaterials/Substrate/GLints/dict_16_192_64_0p5_0p02_0029_0005.uasset" 5473
"../../../Engine/Content/EngineMaterials/Substrate/GLints/dict_16_192_64_0p5_0p02_0029_0003.uasset" 5474
"../../../Engine/Content/EngineMaterials/Substrate/GLints/dict_16_192_64_0p5_0p02_0029_0004.uasset" 5475
"/Engine/EngineMaterials/Substrate/GLints/dict_16_192_64_0p5_0p02_0030_0002" 5476
"/Engine/EngineMaterials/Substrate/GLints/dict_16_192_64_0p5_0p02_0030_0003" 5477
"/Engine/EngineMaterials/Substrate/GLints/dict_16_192_64_0p5_0p02_0030_0004" 5478
"/Engine/EngineMaterials/Substrate/GLints/dict_16_192_64_0p5_0p02_0030_0005" 5479
"/Engine/EngineMaterials/Substrate/GLints/dict_16_192_64_0p5_0p02_0030_0006" 5480
"/Engine/EngineMaterials/Substrate/GLints/dict_16_192_64_0p5_0p02_0030_0007" 5481
"/Engine/EngineMaterials/Substrate/GLints/dict_16_192_64_0p5_0p02_0030_0008" 5482
"/Engine/EngineMaterials/Substrate/GLints/dict_16_192_64_0p5_0p02_0030_0009" 5483
"/Engine/EngineMaterials/Substrate/GLints/dict_16_192_64_0p5_0p02_0030_0010" 5484
"/Engine/EngineMaterials/Substrate/GLints/dict_16_192_64_0p5_0p02_0030_0011" 5485
"/Engine/EngineMaterials/Substrate/GLints/dict_16_192_64_0p5_0p02_0030_0012" 5486
"/Engine/EngineMaterials/Substrate/GLints/dict_16_192_64_0p5_0p02_0030_0013" 5487
"/Engine/EngineMaterials/Substrate/GLints/dict_16_192_64_0p5_0p02_0030_0014" 5488
"/Engine/EngineMaterials/Substrate/GLints/dict_16_192_64_0p5_0p02_0030_0015" 5489
"/Engine/EngineMaterials/Substrate/GLints/dict_16_192_64_0p5_0p02_0031_0000" 5490
"/Engine/EngineMaterials/Substrate/GLints/dict_16_192_64_0p5_0p02_0031_0001" 5491
"/Engine/EngineMaterials/Substrate/GLints/dict_16_192_64_0p5_0p02_0031_0002" 5492
"/Engine/EngineMaterials/Substrate/GLints/dict_16_192_64_0p5_0p02_0029_0003" 5493
"../../../Engine/Content/EngineMaterials/Substrate/GLints/dict_16_192_64_0p5_0p02_0029_0000.uasset" 5494
"/Engine/EngineMaterials/Substrate/GLints/dict_16_192_64_0p5_0p02_0029_0004" 5495
"/Engine/EngineMaterials/Substrate/GLints/dict_16_192_64_0p5_0p02_0029_0005" 5496
"../../../Engine/Content/EngineMaterials/Substrate/GLints/dict_16_192_64_0p5_0p02_0029_0002.uasset" 5497
"../../../Engine/Content/EngineMaterials/Substrate/GLints/dict_16_192_64_0p5_0p02_0029_0001.uasset" 5498
"../../../Engine/Content/EngineMaterials/Substrate/GLints/dict_16_192_64_0p5_0p02_0028_0015.uasset" 5499
"/Engine/EngineMaterials/Substrate/GLints/dict_16_192_64_0p5_0p02_0029_0006" 5500
"../../../Engine/Content/EngineMaterials/Substrate/GLints/dict_16_192_64_0p5_0p02_0028_0014.uasset" 5501
"/Engine/EngineMaterials/Substrate/GLints/dict_16_192_64_0p5_0p02_0029_0007" 5502
"../../../Engine/Content/EngineMaterials/Substrate/GLints/dict_16_192_64_0p5_0p02_0028_0013.uasset" 5503
"/Engine/EngineMaterials/Substrate/GLints/dict_16_192_64_0p5_0p02_0029_0008" 5504
"../../../Engine/Content/EngineMaterials/Substrate/GLints/dict_16_192_64_0p5_0p02_0028_0011.uasset" 5505
"../../../Engine/Content/EngineMaterials/Substrate/GLints/dict_16_192_64_0p5_0p02_0028_0009.uasset" 5506
"../../../Engine/Content/EngineMaterials/Substrate/GLints/dict_16_192_64_0p5_0p02_0028_0010.uasset" 5507
"../../../Engine/Content/EngineMaterials/Substrate/GLints/dict_16_192_64_0p5_0p02_0028_0012.uasset" 5508
"../../../Engine/Content/EngineMaterials/Substrate/GLints/dict_16_192_64_0p5_0p02_0028_0008.uasset" 5509
"../../../Engine/Content/EngineMaterials/Substrate/GLints/dict_16_192_64_0p5_0p02_0028_0007.uasset" 5510
"../../../Engine/Content/EngineMaterials/Substrate/GLints/dict_16_192_64_0p5_0p02_0028_0006.uasset" 5511
"../../../Engine/Content/EngineMaterials/Substrate/GLints/dict_16_192_64_0p5_0p02_0028_0005.uasset" 5512
"/Engine/EngineMaterials/Substrate/GLints/dict_16_192_64_0p5_0p02_0029_0009" 5513
"../../../Engine/Content/EngineMaterials/Substrate/GLints/dict_16_192_64_0p5_0p02_0028_0004.uasset" 5514
"/Engine/EngineMaterials/Substrate/GLints/dict_16_192_64_0p5_0p02_0029_0010" 5515
"../../../Engine/Content/EngineMaterials/Substrate/GLints/dict_16_192_64_0p5_0p02_0028_0003.uasset" 5516
"/Engine/EngineMaterials/Substrate/GLints/dict_16_192_64_0p5_0p02_0029_0011" 5517
"../../../Engine/Content/EngineMaterials/Substrate/GLints/dict_16_192_64_0p5_0p02_0028_0002.uasset" 5518
"../../../Engine/Content/EngineMaterials/Substrate/GLints/dict_16_192_64_0p5_0p02_0028_0001.uasset" 5519
"../../../Engine/Content/EngineMaterials/Substrate/GLints/dict_16_192_64_0p5_0p02_0028_0000.uasset" 5520
"../../../Engine/Content/EngineMaterials/Substrate/GLints/dict_16_192_64_0p5_0p02_0027_0015.uasset" 5521
"/Engine/EngineMaterials/Substrate/GLints/dict_16_192_64_0p5_0p02_0029_0012" 5522
"/Engine/EngineMaterials/Substrate/GLints/dict_16_192_64_0p5_0p02_0029_0013" 5523
"/Engine/EngineMaterials/Substrate/GLints/dict_16_192_64_0p5_0p02_0029_0014" 5524
"/Engine/EngineMaterials/Substrate/GLints/dict_16_192_64_0p5_0p02_0027_0015" 5525
"../../../Engine/Content/EngineMaterials/Substrate/GLints/dict_16_192_64_0p5_0p02_0027_0013.uasset" 5526
"../../../Engine/Content/EngineMaterials/Substrate/GLints/dict_16_192_64_0p5_0p02_0027_0008.uasset" 5527
"../../../Engine/Content/EngineMaterials/Substrate/GLints/dict_16_192_64_0p5_0p02_0027_0012.uasset" 5528
"../../../Engine/Content/EngineMaterials/Substrate/GLints/dict_16_192_64_0p5_0p02_0027_0011.uasset" 5529
"../../../Engine/Content/EngineMaterials/Substrate/GLints/dict_16_192_64_0p5_0p02_0027_0010.uasset" 5530
"../../../Engine/Content/EngineMaterials/Substrate/GLints/dict_16_192_64_0p5_0p02_0027_0009.uasset" 5531
"../../../Engine/Content/EngineMaterials/Substrate/GLints/dict_16_192_64_0p5_0p02_0027_0014.uasset" 5532
"/Engine/EngineMaterials/Substrate/GLints/dict_16_192_64_0p5_0p02_0028_0000" 5533
"../../../Engine/Content/EngineMaterials/Substrate/GLints/dict_16_192_64_0p5_0p02_0027_0006.uasset" 5534
"../../../Engine/Content/EngineMaterials/Substrate/GLints/dict_16_192_64_0p5_0p02_0027_0007.uasset" 5535
"../../../Engine/Content/EngineMaterials/Substrate/GLints/dict_16_192_64_0p5_0p02_0027_0004.uasset" 5536
"../../../Engine/Content/EngineMaterials/Substrate/GLints/dict_16_192_64_0p5_0p02_0027_0003.uasset" 5537
"../../../Engine/Content/EngineMaterials/Substrate/GLints/dict_16_192_64_0p5_0p02_0027_0005.uasset" 5538
"/Engine/EngineMaterials/Substrate/GLints/dict_16_192_64_0p5_0p02_0028_0001" 5539
"/Engine/EngineMaterials/Substrate/GLints/dict_16_192_64_0p5_0p02_0028_0002" 5540
"/Engine/EngineMaterials/Substrate/GLints/dict_16_192_64_0p5_0p02_0028_0003" 5541
"/Engine/EngineMaterials/Substrate/GLints/dict_16_192_64_0p5_0p02_0028_0004" 5542
"/Engine/EngineMaterials/Substrate/GLints/dict_16_192_64_0p5_0p02_0028_0005" 5543
"/Engine/EngineMaterials/Substrate/GLints/dict_16_192_64_0p5_0p02_0028_0006" 5544
"/Engine/EngineMaterials/Substrate/GLints/dict_16_192_64_0p5_0p02_0028_0007" 5545
"/Engine/EngineMaterials/Substrate/GLints/dict_16_192_64_0p5_0p02_0028_0008" 5546
"/Engine/EngineMaterials/Substrate/GLints/dict_16_192_64_0p5_0p02_0028_0009" 5547
"/Engine/EngineMaterials/Substrate/GLints/dict_16_192_64_0p5_0p02_0028_0010" 5548
"/Engine/EngineMaterials/Substrate/GLints/dict_16_192_64_0p5_0p02_0028_0011" 5549
"/Engine/EngineMaterials/Substrate/GLints/dict_16_192_64_0p5_0p02_0028_0012" 5550
"/Engine/EngineMaterials/Substrate/GLints/dict_16_192_64_0p5_0p02_0028_0013" 5551
"/Engine/EngineMaterials/Substrate/GLints/dict_16_192_64_0p5_0p02_0028_0014" 5552
"/Engine/EngineMaterials/Substrate/GLints/dict_16_192_64_0p5_0p02_0028_0015" 5553
"/Engine/EngineMaterials/Substrate/GLints/dict_16_192_64_0p5_0p02_0029_0000" 5554
"/Engine/EngineMaterials/Substrate/GLints/dict_16_192_64_0p5_0p02_0029_0001" 5555
"/Engine/EngineMaterials/Substrate/GLints/dict_16_192_64_0p5_0p02_0029_0002" 5556
"../../../Engine/Content/EngineMaterials/Substrate/GLints/dict_16_192_64_0p5_0p02_0027_0001.uasset" 5557
"C:/Users/Tsuki/Downloads/CatBurglar_david/CatBurglar/DerivedDataCache/VT/TEXTURE_7C16439390E24F1F9468894FB4D4BC55_VTCHUNKD2DAB16BFF152507817E734DBB935160EA97A322" 5558
"../../../Engine/Content/EngineMaterials/Substrate/GLints/dict_16_192_64_0p5_0p02_0027_0002.uasset" 5559
"../../../Engine/Content/EngineMaterials/Substrate/GLints/dict_16_192_64_0p5_0p02_0026_0015.uasset" 5560
"../../../Engine/Content/EngineMaterials/Substrate/GLints/dict_16_192_64_0p5_0p02_0027_0000.uasset" 5561
"/Engine/EngineMaterials/Substrate/GLints/dict_16_192_64_0p5_0p02_0027_0003" 5562
"../../../Engine/Content/EngineMaterials/Substrate/GLints/dict_16_192_64_0p5_0p02_0026_0014.uasset" 5563
"../../../Engine/Content/EngineMaterials/Substrate/GLints/dict_16_192_64_0p5_0p02_0026_0013.uasset" 5564
"../../../Engine/Content/EngineMaterials/Substrate/GLints/dict_16_192_64_0p5_0p02_0026_0010.uasset" 5565
"../../../Engine/Content/EngineMaterials/Substrate/GLints/dict_16_192_64_0p5_0p02_0026_0012.uasset" 5566
"../../../Engine/Content/EngineMaterials/Substrate/GLints/dict_16_192_64_0p5_0p02_0026_0011.uasset" 5567
"/Engine/EngineMaterials/Substrate/GLints/dict_16_192_64_0p5_0p02_0027_0004" 5568
"../../../Engine/Content/EngineMaterials/Substrate/GLints/dict_16_192_64_0p5_0p02_0026_0009.uasset" 5569
"../../../Engine/Content/EngineMaterials/Substrate/GLints/dict_16_192_64_0p5_0p02_0026_0008.uasset" 5570
"C:/Users/Tsuki/Downloads/CatBurglar_david/CatBurglar/DerivedDataCache/VT/TEXTURE_7C16439390E24F1F9468894FB4D4BC55_VTCHUNK38740DBD4108040D6985AA56705D97D46F27920C" 5571
"../../../Engine/Content/EngineMaterials/Substrate/GLints/dict_16_192_64_0p5_0p02_0026_0007.uasset" 5572
"../../../Engine/Content/EngineMaterials/Substrate/GLints/dict_16_192_64_0p5_0p02_0026_0006.uasset" 5573
"../../../Engine/Content/EngineMaterials/Substrate/GLints/dict_16_192_64_0p5_0p02_0026_0004.uasset" 5574
"../../../Engine/Content/EngineMaterials/Substrate/GLints/dict_16_192_64_0p5_0p02_0026_0003.uasset" 5575
"../../../Engine/Content/EngineMaterials/Substrate/GLints/dict_16_192_64_0p5_0p02_0026_0005.uasset" 5576
"../../../Engine/Content/EngineMaterials/Substrate/GLints/dict_16_192_64_0p5_0p02_0026_0002.uasset" 5577
"../../../Engine/Content/EngineMaterials/Substrate/GLints/dict_16_192_64_0p5_0p02_0026_0001.uasset" 5578
"/Engine/EngineMaterials/Substrate/GLints/dict_16_192_64_0p5_0p02_0027_0005" 5579
"../../../Engine/Content/EngineMaterials/Substrate/GLints/dict_16_192_64_0p5_0p02_0026_0000.uasset" 5580
"../../../Engine/Content/EngineMaterials/Substrate/GLints/dict_16_192_64_0p5_0p02_0025_0015.uasset" 5581
"/Engine/EngineMaterials/Substrate/GLints/dict_16_192_64_0p5_0p02_0027_0006" 5582
"/Engine/EngineMaterials/Substrate/GLints/dict_16_192_64_0p5_0p02_0027_0007" 5583
"/Engine/EngineMaterials/Substrate/GLints/dict_16_192_64_0p5_0p02_0027_0008" 5584
"/Engine/EngineMaterials/Substrate/GLints/dict_16_192_64_0p5_0p02_0027_0009" 5585
"/Engine/EngineMaterials/Substrate/GLints/dict_16_192_64_0p5_0p02_0027_0010" 5586
"C:/Users/Tsuki/Downloads/CatBurglar_david/CatBurglar/DerivedDataCache/VT/TEXTURE_7C16439390E24F1F9468894FB4D4BC55_VTCHUNK02D4C3BCAD7DFA48AB32B8281FB06B8B83DB6275" 5587
"/Engine/EngineMaterials/Substrate/GLints/dict_16_192_64_0p5_0p02_0027_0011" 5588
"C:/Users/Tsuki/Downloads/CatBurglar_david/CatBurglar/DerivedDataCache/VT/TEXTURE_7C16439390E24F1F9468894FB4D4BC55_VTCHUNK84C05FFC339C0CEFE446DED1628C0AFB5362331E" 5589
"/Engine/EngineMaterials/Substrate/GLints/dict_16_192_64_0p5_0p02_0027_0012" 5590
"/Engine/EngineMaterials/Substrate/GLints/dict_16_192_64_0p5_0p02_0027_0013" 5591
"/Engine/EngineMaterials/Substrate/GLints/dict_16_192_64_0p5_0p02_0027_0014" 5592
"../../../Engine/Content/EngineMaterials/Substrate/GLints/dict_16_192_64_0p5_0p02_0025_0014.uasset" 5593
"/Engine/EngineMaterials/Substrate/GLints/dict_16_192_64_0p5_0p02_0025_0015" 5594
"../../../Engine/Content/EngineMaterials/Substrate/GLints/dict_16_192_64_0p5_0p02_0025_0013.uasset" 5595
"../../../Engine/Content/EngineMaterials/Substrate/GLints/dict_16_192_64_0p5_0p02_0025_0010.uasset" 5596
"../../../Engine/Content/EngineMaterials/Substrate/GLints/dict_16_192_64_0p5_0p02_0025_0012.uasset" 5597
"../../../Engine/Content/EngineMaterials/Substrate/GLints/dict_16_192_64_0p5_0p02_0025_0011.uasset" 5598
"../../../Engine/Content/EngineMaterials/Substrate/GLints/dict_16_192_64_0p5_0p02_0025_0009.uasset" 5599
"/Engine/EngineMaterials/Substrate/GLints/dict_16_192_64_0p5_0p02_0026_0000" 5600
"../../../Engine/Content/EngineMaterials/Substrate/GLints/dict_16_192_64_0p5_0p02_0025_0007.uasset" 5601
"../../../Engine/Content/EngineMaterials/Substrate/GLints/dict_16_192_64_0p5_0p02_0025_0006.uasset" 5602
"../../../Engine/Content/EngineMaterials/Substrate/GLints/dict_16_192_64_0p5_0p02_0025_0005.uasset" 5603
"../../../Engine/Content/EngineMaterials/Substrate/GLints/dict_16_192_64_0p5_0p02_0025_0004.uasset" 5604
"../../../Engine/Content/EngineMaterials/Substrate/GLints/dict_16_192_64_0p5_0p02_0025_0008.uasset" 5605
"../../../Engine/Content/EngineMaterials/Substrate/GLints/dict_16_192_64_0p5_0p02_0025_0003.uasset" 5606
"C:/Users/Tsuki/Downloads/CatBurglar_david/CatBurglar/DerivedDataCache/VT/TEXTURE_7C16439390E24F1F9468894FB4D4BC55_VTCHUNKC0393DE8C5B4673D99D1BECB92AA8C1F72FEB491" 5607
"/Engine/EngineMaterials/Substrate/GLints/dict_16_192_64_0p5_0p02_0026_0001" 5608
"/Engine/EngineMaterials/Substrate/GLints/dict_16_192_64_0p5_0p02_0026_0002" 5609
"/Engine/EngineMaterials/Substrate/GLints/dict_16_192_64_0p5_0p02_0026_0003" 5610
"/Engine/EngineMaterials/Substrate/GLints/dict_16_192_64_0p5_0p02_0026_0004" 5611
"/Engine/EngineMaterials/Substrate/GLints/dict_16_192_64_0p5_0p02_0026_0005" 5612
"/Engine/EngineMaterials/Substrate/GLints/dict_16_192_64_0p5_0p02_0026_0006" 5613
"/Engine/EngineMaterials/Substrate/GLints/dict_16_192_64_0p5_0p02_0026_0007" 5614
"/Engine/EngineMaterials/Substrate/GLints/dict_16_192_64_0p5_0p02_0026_0008" 5615
"/Engine/EngineMaterials/Substrate/GLints/dict_16_192_64_0p5_0p02_0026_0009" 5616
"/Engine/EngineMaterials/Substrate/GLints/dict_16_192_64_0p5_0p02_0026_0010" 5617
"/Engine/EngineMaterials/Substrate/GLints/dict_16_192_64_0p5_0p02_0026_0011" 5618
"/Engine/EngineMaterials/Substrate/GLints/dict_16_192_64_0p5_0p02_0026_0012" 5619
"/Engine/EngineMaterials/Substrate/GLints/dict_16_192_64_0p5_0p02_0026_0013" 5620
"/Engine/EngineMaterials/Substrate/GLints/dict_16_192_64_0p5_0p02_0026_0014" 5621
"/Engine/EngineMaterials/Substrate/GLints/dict_16_192_64_0p5_0p02_0026_0015" 5622
"/Engine/EngineMaterials/Substrate/GLints/dict_16_192_64_0p5_0p02_0027_0000" 5623
"/Engine/EngineMaterials/Substrate/GLints/dict_16_192_64_0p5_0p02_0027_0001" 5624
"/Engine/EngineMaterials/Substrate/GLints/dict_16_192_64_0p5_0p02_0027_0002" 5625
"../../../Engine/Content/EngineMaterials/Substrate/GLints/dict_16_192_64_0p5_0p02_0024_0013.uasset" 5626
"/Engine/EngineMaterials/Substrate/GLints/dict_16_192_64_0p5_0p02_0025_0003" 5627
"../../../Engine/Content/EngineMaterials/Substrate/GLints/dict_16_192_64_0p5_0p02_0024_0015.uasset" 5628
"../../../Engine/Content/EngineMaterials/Substrate/GLints/dict_16_192_64_0p5_0p02_0024_0014.uasset" 5629
"../../../Engine/Content/EngineMaterials/Substrate/GLints/dict_16_192_64_0p5_0p02_0025_0000.uasset" 5630
"../../../Engine/Content/EngineMaterials/Substrate/GLints/dict_16_192_64_0p5_0p02_0025_0001.uasset" 5631
"../../../Engine/Content/EngineMaterials/Substrate/GLints/dict_16_192_64_0p5_0p02_0024_0011.uasset" 5632
"../../../Engine/Content/EngineMaterials/Substrate/GLints/dict_16_192_64_0p5_0p02_0025_0002.uasset" 5633
"../../../Engine/Content/EngineMaterials/Substrate/GLints/dict_16_192_64_0p5_0p02_0024_0010.uasset" 5634
"../../../Engine/Content/EngineMaterials/Substrate/GLints/dict_16_192_64_0p5_0p02_0024_0012.uasset" 5635
"../../../Engine/Content/EngineMaterials/Substrate/GLints/dict_16_192_64_0p5_0p02_0024_0009.uasset" 5636
"../../../Engine/Content/EngineMaterials/Substrate/GLints/dict_16_192_64_0p5_0p02_0024_0008.uasset" 5637
"../../../Engine/Content/EngineMaterials/Substrate/GLints/dict_16_192_64_0p5_0p02_0024_0004.uasset" 5638
"../../../Engine/Content/EngineMaterials/Substrate/GLints/dict_16_192_64_0p5_0p02_0024_0007.uasset" 5639
"../../../Engine/Content/EngineMaterials/Substrate/GLints/dict_16_192_64_0p5_0p02_0024_0005.uasset" 5640
"../../../Engine/Content/EngineMaterials/Substrate/GLints/dict_16_192_64_0p5_0p02_0024_0006.uasset" 5641
"/Engine/EngineMaterials/Substrate/GLints/dict_16_192_64_0p5_0p02_0025_0004" 5642
"../../../Engine/Content/EngineMaterials/Substrate/GLints/dict_16_192_64_0p5_0p02_0024_0000.uasset" 5643
"../../../Engine/Content/EngineMaterials/Substrate/GLints/dict_16_192_64_0p5_0p02_0024_0001.uasset" 5644
"../../../Engine/Content/EngineMaterials/Substrate/GLints/dict_16_192_64_0p5_0p02_0024_0002.uasset" 5645
"../../../Engine/Content/EngineMaterials/Substrate/GLints/dict_16_192_64_0p5_0p02_0024_0003.uasset" 5646
"../../../Engine/Content/EngineMaterials/Substrate/GLints/dict_16_192_64_0p5_0p02_0023_0015.uasset" 5647
"/Engine/EngineMaterials/Substrate/GLints/dict_16_192_64_0p5_0p02_0025_0005" 5648
"/Engine/EngineMaterials/Substrate/GLints/dict_16_192_64_0p5_0p02_0025_0006" 5649
"/Engine/EngineMaterials/Substrate/GLints/dict_16_192_64_0p5_0p02_0025_0007" 5650
"/Engine/EngineMaterials/Substrate/GLints/dict_16_192_64_0p5_0p02_0025_0008" 5651
"/Engine/EngineMaterials/Substrate/GLints/dict_16_192_64_0p5_0p02_0025_0009" 5652
"/Engine/EngineMaterials/Substrate/GLints/dict_16_192_64_0p5_0p02_0025_0010" 5653
"/Engine/EngineMaterials/Substrate/GLints/dict_16_192_64_0p5_0p02_0025_0011" 5654
"/Engine/EngineMaterials/Substrate/GLints/dict_16_192_64_0p5_0p02_0025_0012" 5655
"/Engine/EngineMaterials/Substrate/GLints/dict_16_192_64_0p5_0p02_0025_0013" 5656
"/Engine/EngineMaterials/Substrate/GLints/dict_16_192_64_0p5_0p02_0025_0014" 5657
"/Engine/EngineMaterials/Substrate/GLints/dict_16_192_64_0p5_0p02_0023_0015" 5658
"../../../Engine/Content/EngineMaterials/Substrate/GLints/dict_16_192_64_0p5_0p02_0023_0006.uasset" 5659
"../../../Engine/Content/EngineMaterials/Substrate/GLints/dict_16_192_64_0p5_0p02_0023_0008.uasset" 5660
"../../../Engine/Content/EngineMaterials/Substrate/GLints/dict_16_192_64_0p5_0p02_0023_0010.uasset" 5661
"../../../Engine/Content/EngineMaterials/Substrate/GLints/dict_16_192_64_0p5_0p02_0023_0009.uasset" 5662
"../../../Engine/Content/EngineMaterials/Substrate/GLints/dict_16_192_64_0p5_0p02_0023_0007.uasset" 5663
"../../../Engine/Content/EngineMaterials/Substrate/GLints/dict_16_192_64_0p5_0p02_0023_0014.uasset" 5664
"../../../Engine/Content/EngineMaterials/Substrate/GLints/dict_16_192_64_0p5_0p02_0023_0011.uasset" 5665
"../../../Engine/Content/EngineMaterials/Substrate/GLints/dict_16_192_64_0p5_0p02_0023_0013.uasset" 5666
"../../../Engine/Content/EngineMaterials/Substrate/GLints/dict_16_192_64_0p5_0p02_0023_0012.uasset" 5667
"/Engine/EngineMaterials/Substrate/GLints/dict_16_192_64_0p5_0p02_0024_0000" 5668
"../../../Engine/Content/EngineMaterials/Substrate/GLints/dict_16_192_64_0p5_0p02_0023_0004.uasset" 5669
"../../../Engine/Content/EngineMaterials/Substrate/GLints/dict_16_192_64_0p5_0p02_0023_0005.uasset" 5670
"../../../Engine/Content/EngineMaterials/Substrate/GLints/dict_16_192_64_0p5_0p02_0023_0003.uasset" 5671
"/Engine/EngineMaterials/Substrate/GLints/dict_16_192_64_0p5_0p02_0024_0001" 5672
"/Engine/EngineMaterials/Substrate/GLints/dict_16_192_64_0p5_0p02_0024_0002" 5673
"/Engine/EngineMaterials/Substrate/GLints/dict_16_192_64_0p5_0p02_0024_0003" 5674
"/Engine/EngineMaterials/Substrate/GLints/dict_16_192_64_0p5_0p02_0024_0004" 5675
"/Engine/EngineMaterials/Substrate/GLints/dict_16_192_64_0p5_0p02_0024_0005" 5676
"/Engine/EngineMaterials/Substrate/GLints/dict_16_192_64_0p5_0p02_0024_0006" 5677
"/Engine/EngineMaterials/Substrate/GLints/dict_16_192_64_0p5_0p02_0024_0007" 5678
"/Engine/EngineMaterials/Substrate/GLints/dict_16_192_64_0p5_0p02_0024_0008" 5679
"/Engine/EngineMaterials/Substrate/GLints/dict_16_192_64_0p5_0p02_0024_0009" 5680
"/Engine/EngineMaterials/Substrate/GLints/dict_16_192_64_0p5_0p02_0024_0010" 5681
"/Engine/EngineMaterials/Substrate/GLints/dict_16_192_64_0p5_0p02_0024_0011" 5682
"/Engine/EngineMaterials/Substrate/GLints/dict_16_192_64_0p5_0p02_0024_0012" 5683
"/Engine/EngineMaterials/Substrate/GLints/dict_16_192_64_0p5_0p02_0024_0013" 5684
"/Engine/EngineMaterials/Substrate/GLints/dict_16_192_64_0p5_0p02_0024_0014" 5685
"/Engine/EngineMaterials/Substrate/GLints/dict_16_192_64_0p5_0p02_0024_0015" 5686
"/Engine/EngineMaterials/Substrate/GLints/dict_16_192_64_0p5_0p02_0025_0000" 5687
"/Engine/EngineMaterials/Substrate/GLints/dict_16_192_64_0p5_0p02_0025_0001" 5688
"/Engine/EngineMaterials/Substrate/GLints/dict_16_192_64_0p5_0p02_0025_0002" 5689
"../../../Engine/Content/EngineMaterials/Substrate/GLints/dict_16_192_64_0p5_0p02_0023_0002.uasset" 5690
"../../../Engine/Content/EngineMaterials/Substrate/GLints/dict_16_192_64_0p5_0p02_0023_0001.uasset" 5691
"../../../Engine/Content/EngineMaterials/Substrate/GLints/dict_16_192_64_0p5_0p02_0022_0015.uasset" 5692
"/Engine/EngineMaterials/Substrate/GLints/dict_16_192_64_0p5_0p02_0023_0003" 5693
"../../../Engine/Content/EngineMaterials/Substrate/GLints/dict_16_192_64_0p5_0p02_0022_0012.uasset" 5694
"../../../Engine/Content/EngineMaterials/Substrate/GLints/dict_16_192_64_0p5_0p02_0022_0013.uasset" 5695
"../../../Engine/Content/EngineMaterials/Substrate/GLints/dict_16_192_64_0p5_0p02_0022_0011.uasset" 5696
"../../../Engine/Content/EngineMaterials/Substrate/GLints/dict_16_192_64_0p5_0p02_0022_0014.uasset" 5697
"../../../Engine/Content/EngineMaterials/Substrate/GLints/dict_16_192_64_0p5_0p02_0022_0010.uasset" 5698
"../../../Engine/Content/EngineMaterials/Substrate/GLints/dict_16_192_64_0p5_0p02_0023_0000.uasset" 5699
"../../../Engine/Content/EngineMaterials/Substrate/GLints/dict_16_192_64_0p5_0p02_0022_0009.uasset" 5700
"../../../Engine/Content/EngineMaterials/Substrate/GLints/dict_16_192_64_0p5_0p02_0022_0008.uasset" 5701
"../../../Engine/Content/EngineMaterials/Substrate/GLints/dict_16_192_64_0p5_0p02_0022_0006.uasset" 5702
"../../../Engine/Content/EngineMaterials/Substrate/GLints/dict_16_192_64_0p5_0p02_0022_0007.uasset" 5703
"../../../Engine/Content/EngineMaterials/Substrate/GLints/dict_16_192_64_0p5_0p02_0022_0005.uasset" 5704
"../../../Engine/Content/EngineMaterials/Substrate/GLints/dict_16_192_64_0p5_0p02_0022_0004.uasset" 5705
"/Engine/EngineMaterials/Substrate/GLints/dict_16_192_64_0p5_0p02_0023_0004" 5706
"../../../Engine/Content/EngineMaterials/Substrate/GLints/dict_16_192_64_0p5_0p02_0022_0001.uasset" 5707
"../../../Engine/Content/EngineMaterials/Substrate/GLints/dict_16_192_64_0p5_0p02_0022_0002.uasset" 5708
"../../../Engine/Content/EngineMaterials/Substrate/GLints/dict_16_192_64_0p5_0p02_0022_0000.uasset" 5709
"../../../Engine/Content/EngineMaterials/Substrate/GLints/dict_16_192_64_0p5_0p02_0022_0003.uasset" 5710
"../../../Engine/Content/EngineMaterials/Substrate/GLints/dict_16_192_64_0p5_0p02_0021_0015.uasset" 5711
"/Engine/EngineMaterials/Substrate/GLints/dict_16_192_64_0p5_0p02_0023_0005" 5712
"/Engine/EngineMaterials/Substrate/GLints/dict_16_192_64_0p5_0p02_0023_0006" 5713
"/Engine/EngineMaterials/Substrate/GLints/dict_16_192_64_0p5_0p02_0023_0007" 5714
"/Engine/EngineMaterials/Substrate/GLints/dict_16_192_64_0p5_0p02_0023_0008" 5715
"/Engine/EngineMaterials/Substrate/GLints/dict_16_192_64_0p5_0p02_0023_0009" 5716
"/Engine/EngineMaterials/Substrate/GLints/dict_16_192_64_0p5_0p02_0023_0010" 5717
"/Engine/EngineMaterials/Substrate/GLints/dict_16_192_64_0p5_0p02_0023_0011" 5718
"/Engine/EngineMaterials/Substrate/GLints/dict_16_192_64_0p5_0p02_0023_0012" 5719
"/Engine/EngineMaterials/Substrate/GLints/dict_16_192_64_0p5_0p02_0023_0013" 5720
"/Engine/EngineMaterials/Substrate/GLints/dict_16_192_64_0p5_0p02_0023_0014" 5721
"../../../Engine/Content/EngineMaterials/Substrate/GLints/dict_16_192_64_0p5_0p02_0021_0014.uasset" 5722
"../../../Engine/Content/EngineMaterials/Substrate/GLints/dict_16_192_64_0p5_0p02_0021_0013.uasset" 5723
"../../../Engine/Content/EngineMaterials/Substrate/GLints/dict_16_192_64_0p5_0p02_0021_0010.uasset" 5724
"/Engine/EngineMaterials/Substrate/GLints/dict_16_192_64_0p5_0p02_0021_0015" 5725
"../../../Engine/Content/EngineMaterials/Substrate/GLints/dict_16_192_64_0p5_0p02_0021_0009.uasset" 5726
"../../../Engine/Content/EngineMaterials/Substrate/GLints/dict_16_192_64_0p5_0p02_0021_0012.uasset" 5727
"../../../Engine/Content/EngineMaterials/Substrate/GLints/dict_16_192_64_0p5_0p02_0021_0011.uasset" 5728
"../../../Engine/Content/EngineMaterials/Substrate/GLints/dict_16_192_64_0p5_0p02_0021_0007.uasset" 5729
"../../../Engine/Content/EngineMaterials/Substrate/GLints/dict_16_192_64_0p5_0p02_0021_0008.uasset" 5730
"../../../Engine/Content/EngineMaterials/Substrate/GLints/dict_16_192_64_0p5_0p02_0021_0005.uasset" 5731
"../../../Engine/Content/EngineMaterials/Substrate/GLints/dict_16_192_64_0p5_0p02_0021_0006.uasset" 5732
"../../../Engine/Content/EngineMaterials/Substrate/GLints/dict_16_192_64_0p5_0p02_0021_0004.uasset" 5733
"../../../Engine/Content/EngineMaterials/Substrate/GLints/dict_16_192_64_0p5_0p02_0021_0003.uasset" 5734
"/Engine/EngineMaterials/Substrate/GLints/dict_16_192_64_0p5_0p02_0022_0000" 5735
"/Engine/EngineMaterials/Substrate/GLints/dict_16_192_64_0p5_0p02_0022_0001" 5736
"/Engine/EngineMaterials/Substrate/GLints/dict_16_192_64_0p5_0p02_0022_0002" 5737
"/Engine/EngineMaterials/Substrate/GLints/dict_16_192_64_0p5_0p02_0022_0003" 5738
"/Engine/EngineMaterials/Substrate/GLints/dict_16_192_64_0p5_0p02_0022_0004" 5739
"/Engine/EngineMaterials/Substrate/GLints/dict_16_192_64_0p5_0p02_0022_0005" 5740
"/Engine/EngineMaterials/Substrate/GLints/dict_16_192_64_0p5_0p02_0022_0006" 5741
"/Engine/EngineMaterials/Substrate/GLints/dict_16_192_64_0p5_0p02_0022_0007" 5742
"/Engine/EngineMaterials/Substrate/GLints/dict_16_192_64_0p5_0p02_0022_0008" 5743
"/Engine/EngineMaterials/Substrate/GLints/dict_16_192_64_0p5_0p02_0022_0009" 5744
"/Engine/EngineMaterials/Substrate/GLints/dict_16_192_64_0p5_0p02_0022_0010" 5745
"/Engine/EngineMaterials/Substrate/GLints/dict_16_192_64_0p5_0p02_0022_0011" 5746
"/Engine/EngineMaterials/Substrate/GLints/dict_16_192_64_0p5_0p02_0022_0012" 5747
"/Engine/EngineMaterials/Substrate/GLints/dict_16_192_64_0p5_0p02_0022_0013" 5748
"/Engine/EngineMaterials/Substrate/GLints/dict_16_192_64_0p5_0p02_0022_0014" 5749
"/Engine/EngineMaterials/Substrate/GLints/dict_16_192_64_0p5_0p02_0022_0015" 5750
"/Engine/EngineMaterials/Substrate/GLints/dict_16_192_64_0p5_0p02_0023_0000" 5751
"/Engine/EngineMaterials/Substrate/GLints/dict_16_192_64_0p5_0p02_0023_0001" 5752
"/Engine/EngineMaterials/Substrate/GLints/dict_16_192_64_0p5_0p02_0023_0002" 5753
"/Engine/EngineMaterials/Substrate/GLints/dict_16_192_64_0p5_0p02_0021_0003" 5754
"../../../Engine/Content/EngineMaterials/Substrate/GLints/dict_16_192_64_0p5_0p02_0021_0001.uasset" 5755
"../../../Engine/Content/EngineMaterials/Substrate/GLints/dict_16_192_64_0p5_0p02_0020_0013.uasset" 5756
"../../../Engine/Content/EngineMaterials/Substrate/GLints/dict_16_192_64_0p5_0p02_0021_0002.uasset" 5757
"../../../Engine/Content/EngineMaterials/Substrate/GLints/dict_16_192_64_0p5_0p02_0020_0012.uasset" 5758
"../../../Engine/Content/EngineMaterials/Substrate/GLints/dict_16_192_64_0p5_0p02_0020_0015.uasset" 5759
"../../../Engine/Content/EngineMaterials/Substrate/GLints/dict_16_192_64_0p5_0p02_0020_0009.uasset" 5760
"../../../Engine/Content/EngineMaterials/Substrate/GLints/dict_16_192_64_0p5_0p02_0020_0010.uasset" 5761
"../../../Engine/Content/EngineMaterials/Substrate/GLints/dict_16_192_64_0p5_0p02_0020_0011.uasset" 5762
"../../../Engine/Content/EngineMaterials/Substrate/GLints/dict_16_192_64_0p5_0p02_0020_0014.uasset" 5763
"../../../Engine/Content/EngineMaterials/Substrate/GLints/dict_16_192_64_0p5_0p02_0021_0000.uasset" 5764
"/Engine/EngineMaterials/Substrate/GLints/dict_16_192_64_0p5_0p02_0021_0004" 5765
"../../../Engine/Content/EngineMaterials/Substrate/GLints/dict_16_192_64_0p5_0p02_0020_0008.uasset" 5766
"../../../Engine/Content/EngineMaterials/Substrate/GLints/dict_16_192_64_0p5_0p02_0020_0007.uasset" 5767
"../../../Engine/Content/EngineMaterials/Substrate/GLints/dict_16_192_64_0p5_0p02_0020_0005.uasset" 5768
"../../../Engine/Content/EngineMaterials/Substrate/GLints/dict_16_192_64_0p5_0p02_0020_0003.uasset" 5769
"../../../Engine/Content/EngineMaterials/Substrate/GLints/dict_16_192_64_0p5_0p02_0020_0002.uasset" 5770
"../../../Engine/Content/EngineMaterials/Substrate/GLints/dict_16_192_64_0p5_0p02_0020_0004.uasset" 5771
"../../../Engine/Content/EngineMaterials/Substrate/GLints/dict_16_192_64_0p5_0p02_0020_0006.uasset" 5772
"../../../Engine/Content/EngineMaterials/Substrate/GLints/dict_16_192_64_0p5_0p02_0020_0001.uasset" 5773
"../../../Engine/Content/EngineMaterials/Substrate/GLints/dict_16_192_64_0p5_0p02_0020_0000.uasset" 5774
"../../../Engine/Content/EngineMaterials/Substrate/GLints/dict_16_192_64_0p5_0p02_0019_0015.uasset" 5775
"/Engine/EngineMaterials/Substrate/GLints/dict_16_192_64_0p5_0p02_0021_0005" 5776
"/Engine/EngineMaterials/Substrate/GLints/dict_16_192_64_0p5_0p02_0021_0006" 5777
"/Engine/EngineMaterials/Substrate/GLints/dict_16_192_64_0p5_0p02_0021_0007" 5778
"/Engine/EngineMaterials/Substrate/GLints/dict_16_192_64_0p5_0p02_0021_0008" 5779
"/Engine/EngineMaterials/Substrate/GLints/dict_16_192_64_0p5_0p02_0021_0009" 5780
"/Engine/EngineMaterials/Substrate/GLints/dict_16_192_64_0p5_0p02_0021_0010" 5781
"/Engine/EngineMaterials/Substrate/GLints/dict_16_192_64_0p5_0p02_0021_0011" 5782
"/Engine/EngineMaterials/Substrate/GLints/dict_16_192_64_0p5_0p02_0021_0012" 5783
"/Engine/EngineMaterials/Substrate/GLints/dict_16_192_64_0p5_0p02_0021_0013" 5784
"/Engine/EngineMaterials/Substrate/GLints/dict_16_192_64_0p5_0p02_0021_0014" 5785
"../../../Engine/Content/EngineMaterials/Substrate/GLints/dict_16_192_64_0p5_0p02_0019_0012.uasset" 5786
"/Engine/EngineMaterials/Substrate/GLints/dict_16_192_64_0p5_0p02_0019_0015" 5787
"../../../Engine/Content/EngineMaterials/Substrate/GLints/dict_16_192_64_0p5_0p02_0019_0014.uasset" 5788
"../../../Engine/Content/EngineMaterials/Substrate/GLints/dict_16_192_64_0p5_0p02_0019_0008.uasset" 5789
"../../../Engine/Content/EngineMaterials/Substrate/GLints/dict_16_192_64_0p5_0p02_0019_0009.uasset" 5790
"../../../Engine/Content/EngineMaterials/Substrate/GLints/dict_16_192_64_0p5_0p02_0019_0006.uasset" 5791
"../../../Engine/Content/EngineMaterials/Substrate/GLints/dict_16_192_64_0p5_0p02_0019_0007.uasset" 5792
"../../../Engine/Content/EngineMaterials/Substrate/GLints/dict_16_192_64_0p5_0p02_0019_0013.uasset" 5793
"../../../Engine/Content/EngineMaterials/Substrate/GLints/dict_16_192_64_0p5_0p02_0019_0010.uasset" 5794
"../../../Engine/Content/EngineMaterials/Substrate/GLints/dict_16_192_64_0p5_0p02_0019_0005.uasset" 5795
"../../../Engine/Content/EngineMaterials/Substrate/GLints/dict_16_192_64_0p5_0p02_0019_0011.uasset" 5796
"../../../Engine/Content/EngineMaterials/Substrate/GLints/dict_16_192_64_0p5_0p02_0019_0004.uasset" 5797
"../../../Engine/Content/EngineMaterials/Substrate/GLints/dict_16_192_64_0p5_0p02_0019_0003.uasset" 5798
"/Engine/EngineMaterials/Substrate/GLints/dict_16_192_64_0p5_0p02_0020_0000" 5799
"/Engine/EngineMaterials/Substrate/GLints/dict_16_192_64_0p5_0p02_0020_0001" 5800
"/Engine/EngineMaterials/Substrate/GLints/dict_16_192_64_0p5_0p02_0020_0002" 5801
"/Engine/EngineMaterials/Substrate/GLints/dict_16_192_64_0p5_0p02_0020_0003" 5802
"/Engine/EngineMaterials/Substrate/GLints/dict_16_192_64_0p5_0p02_0020_0004" 5803
"/Engine/EngineMaterials/Substrate/GLints/dict_16_192_64_0p5_0p02_0020_0005" 5804
"/Engine/EngineMaterials/Substrate/GLints/dict_16_192_64_0p5_0p02_0020_0006" 5805
"/Engine/EngineMaterials/Substrate/GLints/dict_16_192_64_0p5_0p02_0020_0007" 5806
"/Engine/EngineMaterials/Substrate/GLints/dict_16_192_64_0p5_0p02_0020_0008" 5807
"/Engine/EngineMaterials/Substrate/GLints/dict_16_192_64_0p5_0p02_0020_0009" 5808
"/Engine/EngineMaterials/Substrate/GLints/dict_16_192_64_0p5_0p02_0020_0010" 5809
"/Engine/EngineMaterials/Substrate/GLints/dict_16_192_64_0p5_0p02_0020_0011" 5810
"/Engine/EngineMaterials/Substrate/GLints/dict_16_192_64_0p5_0p02_0020_0012" 5811
"/Engine/EngineMaterials/Substrate/GLints/dict_16_192_64_0p5_0p02_0020_0013" 5812
"/Engine/EngineMaterials/Substrate/GLints/dict_16_192_64_0p5_0p02_0020_0014" 5813
"/Engine/EngineMaterials/Substrate/GLints/dict_16_192_64_0p5_0p02_0020_0015" 5814
"/Engine/EngineMaterials/Substrate/GLints/dict_16_192_64_0p5_0p02_0021_0000" 5815
"/Engine/EngineMaterials/Substrate/GLints/dict_16_192_64_0p5_0p02_0021_0001" 5816
"/Engine/EngineMaterials/Substrate/GLints/dict_16_192_64_0p5_0p02_0021_0002" 5817
"../../../Engine/Content/EngineMaterials/Substrate/GLints/dict_16_192_64_0p5_0p02_0018_0011.uasset" 5818
"/Engine/EngineMaterials/Substrate/GLints/dict_16_192_64_0p5_0p02_0019_0003" 5819
"../../../Engine/Content/EngineMaterials/Substrate/GLints/dict_16_192_64_0p5_0p02_0019_0000.uasset" 5820
"../../../Engine/Content/EngineMaterials/Substrate/GLints/dict_16_192_64_0p5_0p02_0018_0012.uasset" 5821
"../../../Engine/Content/EngineMaterials/Substrate/GLints/dict_16_192_64_0p5_0p02_0018_0010.uasset" 5822
"../../../Engine/Content/EngineMaterials/Substrate/GLints/dict_16_192_64_0p5_0p02_0018_0013.uasset" 5823
"../../../Engine/Content/EngineMaterials/Substrate/GLints/dict_16_192_64_0p5_0p02_0018_0014.uasset" 5824
"../../../Engine/Content/EngineMaterials/Substrate/GLints/dict_16_192_64_0p5_0p02_0019_0001.uasset" 5825
"../../../Engine/Content/EngineMaterials/Substrate/GLints/dict_16_192_64_0p5_0p02_0018_0009.uasset" 5826
"../../../Engine/Content/EngineMaterials/Substrate/GLints/dict_16_192_64_0p5_0p02_0018_0015.uasset" 5827
"../../../Engine/Content/EngineMaterials/Substrate/GLints/dict_16_192_64_0p5_0p02_0019_0002.uasset" 5828
"/Engine/EngineMaterials/Substrate/GLints/dict_16_192_64_0p5_0p02_0019_0004" 5829
"../../../Engine/Content/EngineMaterials/Substrate/GLints/dict_16_192_64_0p5_0p02_0018_0008.uasset" 5830
"../../../Engine/Content/EngineMaterials/Substrate/GLints/dict_16_192_64_0p5_0p02_0018_0007.uasset" 5831
"../../../Engine/Content/EngineMaterials/Substrate/GLints/dict_16_192_64_0p5_0p02_0018_0006.uasset" 5832
"../../../Engine/Content/EngineMaterials/Substrate/GLints/dict_16_192_64_0p5_0p02_0018_0005.uasset" 5833
"../../../Engine/Content/EngineMaterials/Substrate/GLints/dict_16_192_64_0p5_0p02_0018_0003.uasset" 5834
"../../../Engine/Content/EngineMaterials/Substrate/GLints/dict_16_192_64_0p5_0p02_0018_0002.uasset" 5835
"../../../Engine/Content/EngineMaterials/Substrate/GLints/dict_16_192_64_0p5_0p02_0018_0004.uasset" 5836
"/Engine/EngineMaterials/Substrate/GLints/dict_16_192_64_0p5_0p02_0019_0005" 5837
"../../../Engine/Content/EngineMaterials/Substrate/GLints/dict_16_192_64_0p5_0p02_0018_0001.uasset" 5838
"../../../Engine/Content/EngineMaterials/Substrate/GLints/dict_16_192_64_0p5_0p02_0018_0000.uasset" 5839
"../../../Engine/Content/EngineMaterials/Substrate/GLints/dict_16_192_64_0p5_0p02_0017_0015.uasset" 5840
"/Engine/EngineMaterials/Substrate/GLints/dict_16_192_64_0p5_0p02_0019_0006" 5841
"/Engine/EngineMaterials/Substrate/GLints/dict_16_192_64_0p5_0p02_0019_0007" 5842
"/Engine/EngineMaterials/Substrate/GLints/dict_16_192_64_0p5_0p02_0019_0008" 5843
"/Engine/EngineMaterials/Substrate/GLints/dict_16_192_64_0p5_0p02_0019_0009" 5844
"/Engine/EngineMaterials/Substrate/GLints/dict_16_192_64_0p5_0p02_0019_0010" 5845
"/Engine/EngineMaterials/Substrate/GLints/dict_16_192_64_0p5_0p02_0019_0011" 5846
"/Engine/EngineMaterials/Substrate/GLints/dict_16_192_64_0p5_0p02_0019_0012" 5847
"/Engine/EngineMaterials/Substrate/GLints/dict_16_192_64_0p5_0p02_0019_0013" 5848
"/Engine/EngineMaterials/Substrate/GLints/dict_16_192_64_0p5_0p02_0019_0014" 5849
"../../../Engine/Content/EngineMaterials/Substrate/GLints/dict_16_192_64_0p5_0p02_0017_0012.uasset" 5850
"../../../Engine/Content/EngineMaterials/Substrate/GLints/dict_16_192_64_0p5_0p02_0017_0008.uasset" 5851
"/Engine/EngineMaterials/Substrate/GLints/dict_16_192_64_0p5_0p02_0017_0015" 5852
"../../../Engine/Content/EngineMaterials/Substrate/GLints/dict_16_192_64_0p5_0p02_0017_0013.uasset" 5853
"../../../Engine/Content/EngineMaterials/Substrate/GLints/dict_16_192_64_0p5_0p02_0017_0005.uasset" 5854
"../../../Engine/Content/EngineMaterials/Substrate/GLints/dict_16_192_64_0p5_0p02_0017_0011.uasset" 5855
"../../../Engine/Content/EngineMaterials/Substrate/GLints/dict_16_192_64_0p5_0p02_0017_0006.uasset" 5856
"../../../Engine/Content/EngineMaterials/Substrate/GLints/dict_16_192_64_0p5_0p02_0017_0010.uasset" 5857
"../../../Engine/Content/EngineMaterials/Substrate/GLints/dict_16_192_64_0p5_0p02_0017_0007.uasset" 5858
"../../../Engine/Content/EngineMaterials/Substrate/GLints/dict_16_192_64_0p5_0p02_0017_0009.uasset" 5859
"../../../Engine/Content/EngineMaterials/Substrate/GLints/dict_16_192_64_0p5_0p02_0017_0014.uasset" 5860
"/Engine/EngineMaterials/Substrate/GLints/dict_16_192_64_0p5_0p02_0018_0000" 5861
"../../../Engine/Content/EngineMaterials/Substrate/GLints/dict_16_192_64_0p5_0p02_0017_0004.uasset" 5862
"../../../Engine/Content/EngineMaterials/Substrate/GLints/dict_16_192_64_0p5_0p02_0017_0003.uasset" 5863
"/Engine/EngineMaterials/Substrate/GLints/dict_16_192_64_0p5_0p02_0018_0001" 5864
"/Engine/EngineMaterials/Substrate/GLints/dict_16_192_64_0p5_0p02_0018_0002" 5865
"/Engine/EngineMaterials/Substrate/GLints/dict_16_192_64_0p5_0p02_0018_0003" 5866
"/Engine/EngineMaterials/Substrate/GLints/dict_16_192_64_0p5_0p02_0018_0004" 5867
"/Engine/EngineMaterials/Substrate/GLints/dict_16_192_64_0p5_0p02_0018_0005" 5868
"/Engine/EngineMaterials/Substrate/GLints/dict_16_192_64_0p5_0p02_0018_0006" 5869
"/Engine/EngineMaterials/Substrate/GLints/dict_16_192_64_0p5_0p02_0018_0007" 5870
"/Engine/EngineMaterials/Substrate/GLints/dict_16_192_64_0p5_0p02_0018_0008" 5871
"/Engine/EngineMaterials/Substrate/GLints/dict_16_192_64_0p5_0p02_0018_0009" 5872
"/Engine/EngineMaterials/Substrate/GLints/dict_16_192_64_0p5_0p02_0018_0010" 5873
"/Engine/EngineMaterials/Substrate/GLints/dict_16_192_64_0p5_0p02_0018_0011" 5874
"/Engine/EngineMaterials/Substrate/GLints/dict_16_192_64_0p5_0p02_0018_0012" 5875
"/Engine/EngineMaterials/Substrate/GLints/dict_16_192_64_0p5_0p02_0018_0013" 5876
"/Engine/EngineMaterials/Substrate/GLints/dict_16_192_64_0p5_0p02_0018_0014" 5877
"/Engine/EngineMaterials/Substrate/GLints/dict_16_192_64_0p5_0p02_0018_0015" 5878
"/Engine/EngineMaterials/Substrate/GLints/dict_16_192_64_0p5_0p02_0019_0000" 5879
"/Engine/EngineMaterials/Substrate/GLints/dict_16_192_64_0p5_0p02_0019_0001" 5880
"/Engine/EngineMaterials/Substrate/GLints/dict_16_192_64_0p5_0p02_0019_0002" 5881
"../../../Engine/Content/EngineMaterials/Substrate/GLints/dict_16_192_64_0p5_0p02_0016_0015.uasset" 5882
"../../../Engine/Content/EngineMaterials/Substrate/GLints/dict_16_192_64_0p5_0p02_0016_0014.uasset" 5883
"../../../Engine/Content/EngineMaterials/Substrate/GLints/dict_16_192_64_0p5_0p02_0016_0013.uasset" 5884
"../../../Engine/Content/EngineMaterials/Substrate/GLints/dict_16_192_64_0p5_0p02_0017_0000.uasset" 5885
"/Engine/EngineMaterials/Substrate/GLints/dict_16_192_64_0p5_0p02_0017_0003" 5886
"../../../Engine/Content/EngineMaterials/Substrate/GLints/dict_16_192_64_0p5_0p02_0016_0010.uasset" 5887
"../../../Engine/Content/EngineMaterials/Substrate/GLints/dict_16_192_64_0p5_0p02_0016_0012.uasset" 5888
"../../../Engine/Content/EngineMaterials/Substrate/GLints/dict_16_192_64_0p5_0p02_0016_0009.uasset" 5889
"../../../Engine/Content/EngineMaterials/Substrate/GLints/dict_16_192_64_0p5_0p02_0017_0002.uasset" 5890
"../../../Engine/Content/EngineMaterials/Substrate/GLints/dict_16_192_64_0p5_0p02_0017_0001.uasset" 5891
"../../../Engine/Content/EngineMaterials/Substrate/GLints/dict_16_192_64_0p5_0p02_0016_0011.uasset" 5892
"../../../Engine/Content/EngineMaterials/Substrate/GLints/dict_16_192_64_0p5_0p02_0016_0008.uasset" 5893
"/Engine/EngineMaterials/Substrate/GLints/dict_16_192_64_0p5_0p02_0017_0004" 5894
"../../../Engine/Content/EngineMaterials/Substrate/GLints/dict_16_192_64_0p5_0p02_0016_0006.uasset" 5895
"../../../Engine/Content/EngineMaterials/Substrate/GLints/dict_16_192_64_0p5_0p02_0016_0005.uasset" 5896
"../../../Engine/Content/EngineMaterials/Substrate/GLints/dict_16_192_64_0p5_0p02_0016_0004.uasset" 5897
"../../../Engine/Content/EngineMaterials/Substrate/GLints/dict_16_192_64_0p5_0p02_0016_0002.uasset" 5898
"../../../Engine/Content/EngineMaterials/Substrate/GLints/dict_16_192_64_0p5_0p02_0016_0007.uasset" 5899
"../../../Engine/Content/EngineMaterials/Substrate/GLints/dict_16_192_64_0p5_0p02_0016_0001.uasset" 5900
"../../../Engine/Content/EngineMaterials/Substrate/GLints/dict_16_192_64_0p5_0p02_0016_0000.uasset" 5901
"../../../Engine/Content/EngineMaterials/Substrate/GLints/dict_16_192_64_0p5_0p02_0016_0003.uasset" 5902
"../../../Engine/Content/EngineMaterials/Substrate/GLints/dict_16_192_64_0p5_0p02_0015_0015.uasset" 5903
"/Engine/EngineMaterials/Substrate/GLints/dict_16_192_64_0p5_0p02_0017_0005" 5904
"/Engine/EngineMaterials/Substrate/GLints/dict_16_192_64_0p5_0p02_0017_0006" 5905
"/Engine/EngineMaterials/Substrate/GLints/dict_16_192_64_0p5_0p02_0017_0007" 5906
"/Engine/EngineMaterials/Substrate/GLints/dict_16_192_64_0p5_0p02_0017_0008" 5907
"/Engine/EngineMaterials/Substrate/GLints/dict_16_192_64_0p5_0p02_0017_0009" 5908
"/Engine/EngineMaterials/Substrate/GLints/dict_16_192_64_0p5_0p02_0017_0010" 5909
"/Engine/EngineMaterials/Substrate/GLints/dict_16_192_64_0p5_0p02_0017_0011" 5910
"/Engine/EngineMaterials/Substrate/GLints/dict_16_192_64_0p5_0p02_0017_0012" 5911
"/Engine/EngineMaterials/Substrate/GLints/dict_16_192_64_0p5_0p02_0017_0013" 5912
"/Engine/EngineMaterials/Substrate/GLints/dict_16_192_64_0p5_0p02_0017_0014" 5913
"../../../Engine/Content/EngineMaterials/Substrate/GLints/dict_16_192_64_0p5_0p02_0015_0011.uasset" 5914
"../../../Engine/Content/EngineMaterials/Substrate/GLints/dict_16_192_64_0p5_0p02_0015_0014.uasset" 5915
"/Engine/EngineMaterials/Substrate/GLints/dict_16_192_64_0p5_0p02_0015_0015" 5916
"../../../Engine/Content/EngineMaterials/Substrate/GLints/dict_16_192_64_0p5_0p02_0015_0012.uasset" 5917
"../../../Engine/Content/EngineMaterials/Substrate/GLints/dict_16_192_64_0p5_0p02_0015_0008.uasset" 5918
"../../../Engine/Content/EngineMaterials/Substrate/GLints/dict_16_192_64_0p5_0p02_0015_0006.uasset" 5919
"../../../Engine/Content/EngineMaterials/Substrate/GLints/dict_16_192_64_0p5_0p02_0015_0005.uasset" 5920
"../../../Engine/Content/EngineMaterials/Substrate/GLints/dict_16_192_64_0p5_0p02_0015_0010.uasset" 5921
"../../../Engine/Content/EngineMaterials/Substrate/GLints/dict_16_192_64_0p5_0p02_0015_0009.uasset" 5922
"../../../Engine/Content/EngineMaterials/Substrate/GLints/dict_16_192_64_0p5_0p02_0015_0013.uasset" 5923
"../../../Engine/Content/EngineMaterials/Substrate/GLints/dict_16_192_64_0p5_0p02_0015_0007.uasset" 5924
"../../../Engine/Content/EngineMaterials/Substrate/GLints/dict_16_192_64_0p5_0p02_0015_0004.uasset" 5925
"../../../Engine/Content/EngineMaterials/Substrate/GLints/dict_16_192_64_0p5_0p02_0015_0003.uasset" 5926
"/Engine/EngineMaterials/Substrate/GLints/dict_16_192_64_0p5_0p02_0016_0000" 5927
"/Engine/EngineMaterials/Substrate/GLints/dict_16_192_64_0p5_0p02_0016_0001" 5928
"/Engine/EngineMaterials/Substrate/GLints/dict_16_192_64_0p5_0p02_0016_0002" 5929
"/Engine/EngineMaterials/Substrate/GLints/dict_16_192_64_0p5_0p02_0016_0003" 5930
"/Engine/EngineMaterials/Substrate/GLints/dict_16_192_64_0p5_0p02_0016_0004" 5931
"/Engine/EngineMaterials/Substrate/GLints/dict_16_192_64_0p5_0p02_0016_0005" 5932
"/Engine/EngineMaterials/Substrate/GLints/dict_16_192_64_0p5_0p02_0016_0006" 5933
"/Engine/EngineMaterials/Substrate/GLints/dict_16_192_64_0p5_0p02_0016_0007" 5934
"/Engine/EngineMaterials/Substrate/GLints/dict_16_192_64_0p5_0p02_0016_0008" 5935
"/Engine/EngineMaterials/Substrate/GLints/dict_16_192_64_0p5_0p02_0016_0009" 5936
"/Engine/EngineMaterials/Substrate/GLints/dict_16_192_64_0p5_0p02_0016_0010" 5937
"/Engine/EngineMaterials/Substrate/GLints/dict_16_192_64_0p5_0p02_0016_0011" 5938
"/Engine/EngineMaterials/Substrate/GLints/dict_16_192_64_0p5_0p02_0016_0012" 5939
"/Engine/EngineMaterials/Substrate/GLints/dict_16_192_64_0p5_0p02_0016_0013" 5940
"/Engine/EngineMaterials/Substrate/GLints/dict_16_192_64_0p5_0p02_0016_0014" 5941
"/Engine/EngineMaterials/Substrate/GLints/dict_16_192_64_0p5_0p02_0016_0015" 5942
"/Engine/EngineMaterials/Substrate/GLints/dict_16_192_64_0p5_0p02_0017_0000" 5943
"/Engine/EngineMaterials/Substrate/GLints/dict_16_192_64_0p5_0p02_0017_0001" 5944
"/Engine/EngineMaterials/Substrate/GLints/dict_16_192_64_0p5_0p02_0017_0002" 5945
"../../../Engine/Content/EngineMaterials/Substrate/GLints/dict_16_192_64_0p5_0p02_0014_0013.uasset" 5946
"../../../Engine/Content/EngineMaterials/Substrate/GLints/dict_16_192_64_0p5_0p02_0014_0014.uasset" 5947
"../../../Engine/Content/EngineMaterials/Substrate/GLints/dict_16_192_64_0p5_0p02_0014_0012.uasset" 5948
"/Engine/EngineMaterials/Substrate/GLints/dict_16_192_64_0p5_0p02_0015_0003" 5949
"../../../Engine/Content/EngineMaterials/Substrate/GLints/dict_16_192_64_0p5_0p02_0015_0002.uasset" 5950
"../../../Engine/Content/EngineMaterials/Substrate/GLints/dict_16_192_64_0p5_0p02_0015_0000.uasset" 5951
"../../../Engine/Content/EngineMaterials/Substrate/GLints/dict_16_192_64_0p5_0p02_0014_0015.uasset" 5952
"../../../Engine/Content/EngineMaterials/Substrate/GLints/dict_16_192_64_0p5_0p02_0014_0011.uasset" 5953
"../../../Engine/Content/EngineMaterials/Substrate/GLints/dict_16_192_64_0p5_0p02_0015_0001.uasset" 5954
"../../../Engine/Content/EngineMaterials/Substrate/GLints/dict_16_192_64_0p5_0p02_0014_0010.uasset" 5955
"../../../Engine/Content/EngineMaterials/Substrate/GLints/dict_16_192_64_0p5_0p02_0014_0009.uasset" 5956
"../../../Engine/Content/EngineMaterials/Substrate/GLints/dict_16_192_64_0p5_0p02_0014_0008.uasset" 5957
"../../../Engine/Content/EngineMaterials/Substrate/GLints/dict_16_192_64_0p5_0p02_0014_0007.uasset" 5958
"../../../Engine/Content/EngineMaterials/Substrate/GLints/dict_16_192_64_0p5_0p02_0014_0003.uasset" 5959
"/Engine/EngineMaterials/Substrate/GLints/dict_16_192_64_0p5_0p02_0015_0004" 5960
"../../../Engine/Content/EngineMaterials/Substrate/GLints/dict_16_192_64_0p5_0p02_0014_0006.uasset" 5961
"../../../Engine/Content/EngineMaterials/Substrate/GLints/dict_16_192_64_0p5_0p02_0014_0002.uasset" 5962
"../../../Engine/Content/EngineMaterials/Substrate/GLints/dict_16_192_64_0p5_0p02_0014_0000.uasset" 5963
"../../../Engine/Content/EngineMaterials/Substrate/GLints/dict_16_192_64_0p5_0p02_0014_0005.uasset" 5964
"../../../Engine/Content/EngineMaterials/Substrate/GLints/dict_16_192_64_0p5_0p02_0014_0001.uasset" 5965
"../../../Engine/Content/EngineMaterials/Substrate/GLints/dict_16_192_64_0p5_0p02_0014_0004.uasset" 5966
"../../../Engine/Content/EngineMaterials/Substrate/GLints/dict_16_192_64_0p5_0p02_0013_0015.uasset" 5967
"/Engine/EngineMaterials/Substrate/GLints/dict_16_192_64_0p5_0p02_0015_0005" 5968
"/Engine/EngineMaterials/Substrate/GLints/dict_16_192_64_0p5_0p02_0015_0006" 5969
"/Engine/EngineMaterials/Substrate/GLints/dict_16_192_64_0p5_0p02_0015_0007" 5970
"/Engine/EngineMaterials/Substrate/GLints/dict_16_192_64_0p5_0p02_0015_0008" 5971
"/Engine/EngineMaterials/Substrate/GLints/dict_16_192_64_0p5_0p02_0015_0009" 5972
"/Engine/EngineMaterials/Substrate/GLints/dict_16_192_64_0p5_0p02_0015_0010" 5973
"/Engine/EngineMaterials/Substrate/GLints/dict_16_192_64_0p5_0p02_0015_0011" 5974
"/Engine/EngineMaterials/Substrate/GLints/dict_16_192_64_0p5_0p02_0015_0012" 5975
"/Engine/EngineMaterials/Substrate/GLints/dict_16_192_64_0p5_0p02_0015_0013" 5976
"/Engine/EngineMaterials/Substrate/GLints/dict_16_192_64_0p5_0p02_0015_0014" 5977
"../../../Engine/Content/EngineMaterials/Substrate/GLints/dict_16_192_64_0p5_0p02_0013_0012.uasset" 5978
"../../../Engine/Content/EngineMaterials/Substrate/GLints/dict_16_192_64_0p5_0p02_0013_0009.uasset" 5979
"../../../Engine/Content/EngineMaterials/Substrate/GLints/dict_16_192_64_0p5_0p02_0013_0011.uasset" 5980
"/Engine/EngineMaterials/Substrate/GLints/dict_16_192_64_0p5_0p02_0013_0015" 5981
"../../../Engine/Content/EngineMaterials/Substrate/GLints/dict_16_192_64_0p5_0p02_0013_0010.uasset" 5982
"../../../Engine/Content/EngineMaterials/Substrate/GLints/dict_16_192_64_0p5_0p02_0013_0013.uasset" 5983
"../../../Engine/Content/EngineMaterials/Substrate/GLints/dict_16_192_64_0p5_0p02_0013_0007.uasset" 5984
"../../../Engine/Content/EngineMaterials/Substrate/GLints/dict_16_192_64_0p5_0p02_0013_0006.uasset" 5985
"../../../Engine/Content/EngineMaterials/Substrate/GLints/dict_16_192_64_0p5_0p02_0013_0005.uasset" 5986
"../../../Engine/Content/EngineMaterials/Substrate/GLints/dict_16_192_64_0p5_0p02_0013_0008.uasset" 5987
"../../../Engine/Content/EngineMaterials/Substrate/GLints/dict_16_192_64_0p5_0p02_0013_0014.uasset" 5988
"../../../Engine/Content/EngineMaterials/Substrate/GLints/dict_16_192_64_0p5_0p02_0013_0004.uasset" 5989
"../../../Engine/Content/EngineMaterials/Substrate/GLints/dict_16_192_64_0p5_0p02_0013_0003.uasset" 5990
"/Engine/EngineMaterials/Substrate/GLints/dict_16_192_64_0p5_0p02_0014_0000" 5991
"/Engine/EngineMaterials/Substrate/GLints/dict_16_192_64_0p5_0p02_0014_0001" 5992
"/Engine/EngineMaterials/Substrate/GLints/dict_16_192_64_0p5_0p02_0014_0002" 5993
"/Engine/EngineMaterials/Substrate/GLints/dict_16_192_64_0p5_0p02_0014_0003" 5994
"/Engine/EngineMaterials/Substrate/GLints/dict_16_192_64_0p5_0p02_0014_0004" 5995
"/Engine/EngineMaterials/Substrate/GLints/dict_16_192_64_0p5_0p02_0014_0005" 5996
"/Engine/EngineMaterials/Substrate/GLints/dict_16_192_64_0p5_0p02_0014_0006" 5997
"/Engine/EngineMaterials/Substrate/GLints/dict_16_192_64_0p5_0p02_0014_0007" 5998
"/Engine/EngineMaterials/Substrate/GLints/dict_16_192_64_0p5_0p02_0014_0008" 5999
"/Engine/EngineMaterials/Substrate/GLints/dict_16_192_64_0p5_0p02_0014_0009" 6000
"/Engine/EngineMaterials/Substrate/GLints/dict_16_192_64_0p5_0p02_0014_0010" 6001
"/Engine/EngineMaterials/Substrate/GLints/dict_16_192_64_0p5_0p02_0014_0011" 6002
"/Engine/EngineMaterials/Substrate/GLints/dict_16_192_64_0p5_0p02_0014_0012" 6003
"/Engine/EngineMaterials/Substrate/GLints/dict_16_192_64_0p5_0p02_0014_0013" 6004
"/Engine/EngineMaterials/Substrate/GLints/dict_16_192_64_0p5_0p02_0014_0014" 6005
"/Engine/EngineMaterials/Substrate/GLints/dict_16_192_64_0p5_0p02_0014_0015" 6006
"/Engine/EngineMaterials/Substrate/GLints/dict_16_192_64_0p5_0p02_0015_0000" 6007
"/Engine/EngineMaterials/Substrate/GLints/dict_16_192_64_0p5_0p02_0015_0001" 6008
"/Engine/EngineMaterials/Substrate/GLints/dict_16_192_64_0p5_0p02_0015_0002" 6009
"/Engine/EngineMaterials/Substrate/GLints/dict_16_192_64_0p5_0p02_0013_0003" 6010
"../../../Engine/Content/EngineMaterials/Substrate/GLints/dict_16_192_64_0p5_0p02_0012_0012.uasset" 6011
"../../../Engine/Content/EngineMaterials/Substrate/GLints/dict_16_192_64_0p5_0p02_0012_0015.uasset" 6012
"../../../Engine/Content/EngineMaterials/Substrate/GLints/dict_16_192_64_0p5_0p02_0012_0013.uasset" 6013
"../../../Engine/Content/EngineMaterials/Substrate/GLints/dict_16_192_64_0p5_0p02_0012_0010.uasset" 6014
"../../../Engine/Content/EngineMaterials/Substrate/GLints/dict_16_192_64_0p5_0p02_0012_0009.uasset" 6015
"../../../Engine/Content/EngineMaterials/Substrate/GLints/dict_16_192_64_0p5_0p02_0012_0011.uasset" 6016
"../../../Engine/Content/EngineMaterials/Substrate/GLints/dict_16_192_64_0p5_0p02_0013_0000.uasset" 6017
"../../../Engine/Content/EngineMaterials/Substrate/GLints/dict_16_192_64_0p5_0p02_0013_0001.uasset" 6018
"../../../Engine/Content/EngineMaterials/Substrate/GLints/dict_16_192_64_0p5_0p02_0012_0014.uasset" 6019
"../../../Engine/Content/EngineMaterials/Substrate/GLints/dict_16_192_64_0p5_0p02_0013_0002.uasset" 6020
"/Engine/EngineMaterials/Substrate/GLints/dict_16_192_64_0p5_0p02_0013_0004" 6021
"../../../Engine/Content/EngineMaterials/Substrate/GLints/dict_16_192_64_0p5_0p02_0012_0008.uasset" 6022
"../../../Engine/Content/EngineMaterials/Substrate/GLints/dict_16_192_64_0p5_0p02_0012_0005.uasset" 6023
"../../../Engine/Content/EngineMaterials/Substrate/GLints/dict_16_192_64_0p5_0p02_0012_0004.uasset" 6024
"../../../Engine/Content/EngineMaterials/Substrate/GLints/dict_16_192_64_0p5_0p02_0012_0003.uasset" 6025
"../../../Engine/Content/EngineMaterials/Substrate/GLints/dict_16_192_64_0p5_0p02_0012_0006.uasset" 6026
"../../../Engine/Content/EngineMaterials/Substrate/GLints/dict_16_192_64_0p5_0p02_0012_0002.uasset" 6027
"../../../Engine/Content/EngineMaterials/Substrate/GLints/dict_16_192_64_0p5_0p02_0012_0007.uasset" 6028
"../../../Engine/Content/EngineMaterials/Substrate/GLints/dict_16_192_64_0p5_0p02_0012_0001.uasset" 6029
"../../../Engine/Content/EngineMaterials/Substrate/GLints/dict_16_192_64_0p5_0p02_0012_0000.uasset" 6030
"../../../Engine/Content/EngineMaterials/Substrate/GLints/dict_16_192_64_0p5_0p02_0011_0015.uasset" 6031
"/Engine/EngineMaterials/Substrate/GLints/dict_16_192_64_0p5_0p02_0013_0005" 6032
"/Engine/EngineMaterials/Substrate/GLints/dict_16_192_64_0p5_0p02_0013_0006" 6033
"/Engine/EngineMaterials/Substrate/GLints/dict_16_192_64_0p5_0p02_0013_0007" 6034
"/Engine/EngineMaterials/Substrate/GLints/dict_16_192_64_0p5_0p02_0013_0008" 6035
"/Engine/EngineMaterials/Substrate/GLints/dict_16_192_64_0p5_0p02_0013_0009" 6036
"/Engine/EngineMaterials/Substrate/GLints/dict_16_192_64_0p5_0p02_0013_0010" 6037
"/Engine/EngineMaterials/Substrate/GLints/dict_16_192_64_0p5_0p02_0013_0011" 6038
"/Engine/EngineMaterials/Substrate/GLints/dict_16_192_64_0p5_0p02_0013_0012" 6039
"/Engine/EngineMaterials/Substrate/GLints/dict_16_192_64_0p5_0p02_0013_0013" 6040
"/Engine/EngineMaterials/Substrate/GLints/dict_16_192_64_0p5_0p02_0013_0014" 6041
"../../../Engine/Content/EngineMaterials/Substrate/GLints/dict_16_192_64_0p5_0p02_0011_0007.uasset" 6042
"../../../Engine/Content/EngineMaterials/Substrate/GLints/dict_16_192_64_0p5_0p02_0011_0012.uasset" 6043
"../../../Engine/Content/EngineMaterials/Substrate/GLints/dict_16_192_64_0p5_0p02_0011_0013.uasset" 6044
"/Engine/EngineMaterials/Substrate/GLints/dict_16_192_64_0p5_0p02_0011_0015" 6045
"../../../Engine/Content/EngineMaterials/Substrate/GLints/dict_16_192_64_0p5_0p02_0011_0014.uasset" 6046
"../../../Engine/Content/EngineMaterials/Substrate/GLints/dict_16_192_64_0p5_0p02_0011_0008.uasset" 6047
"../../../Engine/Content/EngineMaterials/Substrate/GLints/dict_16_192_64_0p5_0p02_0011_0006.uasset" 6048
"../../../Engine/Content/EngineMaterials/Substrate/GLints/dict_16_192_64_0p5_0p02_0011_0010.uasset" 6049
"../../../Engine/Content/EngineMaterials/Substrate/GLints/dict_16_192_64_0p5_0p02_0011_0005.uasset" 6050
"../../../Engine/Content/EngineMaterials/Substrate/GLints/dict_16_192_64_0p5_0p02_0011_0011.uasset" 6051
"../../../Engine/Content/EngineMaterials/Substrate/GLints/dict_16_192_64_0p5_0p02_0011_0009.uasset" 6052
"/Engine/EngineMaterials/Substrate/GLints/dict_16_192_64_0p5_0p02_0012_0000" 6053
"../../../Engine/Content/EngineMaterials/Substrate/GLints/dict_16_192_64_0p5_0p02_0011_0004.uasset" 6054
"../../../Engine/Content/EngineMaterials/Substrate/GLints/dict_16_192_64_0p5_0p02_0011_0003.uasset" 6055
"/Engine/EngineMaterials/Substrate/GLints/dict_16_192_64_0p5_0p02_0012_0001" 6056
"/Engine/EngineMaterials/Substrate/GLints/dict_16_192_64_0p5_0p02_0012_0002" 6057
"/Engine/EngineMaterials/Substrate/GLints/dict_16_192_64_0p5_0p02_0012_0003" 6058
"/Engine/EngineMaterials/Substrate/GLints/dict_16_192_64_0p5_0p02_0012_0004" 6059
"/Engine/EngineMaterials/Substrate/GLints/dict_16_192_64_0p5_0p02_0012_0005" 6060
"/Engine/EngineMaterials/Substrate/GLints/dict_16_192_64_0p5_0p02_0012_0006" 6061
"/Engine/EngineMaterials/Substrate/GLints/dict_16_192_64_0p5_0p02_0012_0007" 6062
"/Engine/EngineMaterials/Substrate/GLints/dict_16_192_64_0p5_0p02_0012_0008" 6063
"/Engine/EngineMaterials/Substrate/GLints/dict_16_192_64_0p5_0p02_0012_0009" 6064
"/Engine/EngineMaterials/Substrate/GLints/dict_16_192_64_0p5_0p02_0012_0010" 6065
"/Engine/EngineMaterials/Substrate/GLints/dict_16_192_64_0p5_0p02_0012_0011" 6066
"/Engine/EngineMaterials/Substrate/GLints/dict_16_192_64_0p5_0p02_0012_0012" 6067
"/Engine/EngineMaterials/Substrate/GLints/dict_16_192_64_0p5_0p02_0012_0013" 6068
"/Engine/EngineMaterials/Substrate/GLints/dict_16_192_64_0p5_0p02_0012_0014" 6069
"/Engine/EngineMaterials/Substrate/GLints/dict_16_192_64_0p5_0p02_0012_0015" 6070
"/Engine/EngineMaterials/Substrate/GLints/dict_16_192_64_0p5_0p02_0013_0000" 6071
"/Engine/EngineMaterials/Substrate/GLints/dict_16_192_64_0p5_0p02_0013_0001" 6072
"/Engine/EngineMaterials/Substrate/GLints/dict_16_192_64_0p5_0p02_0013_0002" 6073
"/Engine/EngineMaterials/Substrate/GLints/dict_16_192_64_0p5_0p02_0011_0003" 6074
"../../../Engine/Content/EngineMaterials/Substrate/GLints/dict_16_192_64_0p5_0p02_0010_0015.uasset" 6075
"../../../Engine/Content/EngineMaterials/Substrate/GLints/dict_16_192_64_0p5_0p02_0011_0002.uasset" 6076
"../../../Engine/Content/EngineMaterials/Substrate/GLints/dict_16_192_64_0p5_0p02_0010_0011.uasset" 6077
"../../../Engine/Content/EngineMaterials/Substrate/GLints/dict_16_192_64_0p5_0p02_0010_0014.uasset" 6078
"../../../Engine/Content/EngineMaterials/Substrate/GLints/dict_16_192_64_0p5_0p02_0011_0000.uasset" 6079
"../../../Engine/Content/EngineMaterials/Substrate/GLints/dict_16_192_64_0p5_0p02_0010_0010.uasset" 6080
"../../../Engine/Content/EngineMaterials/Substrate/GLints/dict_16_192_64_0p5_0p02_0010_0013.uasset" 6081
"../../../Engine/Content/EngineMaterials/Substrate/GLints/dict_16_192_64_0p5_0p02_0010_0009.uasset" 6082
"../../../Engine/Content/EngineMaterials/Substrate/GLints/dict_16_192_64_0p5_0p02_0011_0001.uasset" 6083
"/Engine/EngineMaterials/Substrate/GLints/dict_16_192_64_0p5_0p02_0011_0004" 6084
"../../../Engine/Content/EngineMaterials/Substrate/GLints/dict_16_192_64_0p5_0p02_0010_0012.uasset" 6085
"../../../Engine/Content/EngineMaterials/Substrate/GLints/dict_16_192_64_0p5_0p02_0010_0007.uasset" 6086
"../../../Engine/Content/EngineMaterials/Substrate/GLints/dict_16_192_64_0p5_0p02_0010_0005.uasset" 6087
"../../../Engine/Content/EngineMaterials/Substrate/GLints/dict_16_192_64_0p5_0p02_0010_0008.uasset" 6088
"../../../Engine/Content/EngineMaterials/Substrate/GLints/dict_16_192_64_0p5_0p02_0010_0006.uasset" 6089
"../../../Engine/Content/EngineMaterials/Substrate/GLints/dict_16_192_64_0p5_0p02_0010_0004.uasset" 6090
"../../../Engine/Content/EngineMaterials/Substrate/GLints/dict_16_192_64_0p5_0p02_0010_0001.uasset" 6091
"../../../Engine/Content/EngineMaterials/Substrate/GLints/dict_16_192_64_0p5_0p02_0010_0000.uasset" 6092
"../../../Engine/Content/EngineMaterials/Substrate/GLints/dict_16_192_64_0p5_0p02_0010_0003.uasset" 6093
"../../../Engine/Content/EngineMaterials/Substrate/GLints/dict_16_192_64_0p5_0p02_0010_0002.uasset" 6094
"../../../Engine/Content/EngineMaterials/Substrate/GLints/dict_16_192_64_0p5_0p02_0009_0015.uasset" 6095
"/Engine/EngineMaterials/Substrate/GLints/dict_16_192_64_0p5_0p02_0011_0005" 6096
"/Engine/EngineMaterials/Substrate/GLints/dict_16_192_64_0p5_0p02_0011_0006" 6097
"/Engine/EngineMaterials/Substrate/GLints/dict_16_192_64_0p5_0p02_0011_0007" 6098
"/Engine/EngineMaterials/Substrate/GLints/dict_16_192_64_0p5_0p02_0011_0008" 6099
"/Engine/EngineMaterials/Substrate/GLints/dict_16_192_64_0p5_0p02_0011_0009" 6100
"/Engine/EngineMaterials/Substrate/GLints/dict_16_192_64_0p5_0p02_0011_0010" 6101
"/Engine/EngineMaterials/Substrate/GLints/dict_16_192_64_0p5_0p02_0011_0011" 6102
"/Engine/EngineMaterials/Substrate/GLints/dict_16_192_64_0p5_0p02_0011_0012" 6103
"/Engine/EngineMaterials/Substrate/GLints/dict_16_192_64_0p5_0p02_0011_0013" 6104
"/Engine/EngineMaterials/Substrate/GLints/dict_16_192_64_0p5_0p02_0011_0014" 6105
"../../../Engine/Content/EngineMaterials/Substrate/GLints/dict_16_192_64_0p5_0p02_0009_0014.uasset" 6106
"../../../Engine/Content/EngineMaterials/Substrate/GLints/dict_16_192_64_0p5_0p02_0009_0013.uasset" 6107
"../../../Engine/Content/EngineMaterials/Substrate/GLints/dict_16_192_64_0p5_0p02_0009_0012.uasset" 6108
"/Engine/EngineMaterials/Substrate/GLints/dict_16_192_64_0p5_0p02_0009_0015" 6109
"../../../Engine/Content/EngineMaterials/Substrate/GLints/dict_16_192_64_0p5_0p02_0009_0007.uasset" 6110
"../../../Engine/Content/EngineMaterials/Substrate/GLints/dict_16_192_64_0p5_0p02_0009_0010.uasset" 6111
"../../../Engine/Content/EngineMaterials/Substrate/GLints/dict_16_192_64_0p5_0p02_0009_0005.uasset" 6112
"../../../Engine/Content/EngineMaterials/Substrate/GLints/dict_16_192_64_0p5_0p02_0009_0006.uasset" 6113
"../../../Engine/Content/EngineMaterials/Substrate/GLints/dict_16_192_64_0p5_0p02_0009_0011.uasset" 6114
"../../../Engine/Content/EngineMaterials/Substrate/GLints/dict_16_192_64_0p5_0p02_0009_0009.uasset" 6115
"../../../Engine/Content/EngineMaterials/Substrate/GLints/dict_16_192_64_0p5_0p02_0009_0008.uasset" 6116
"/Engine/EngineMaterials/Substrate/GLints/dict_16_192_64_0p5_0p02_0010_0000" 6117
"../../../Engine/Content/EngineMaterials/Substrate/GLints/dict_16_192_64_0p5_0p02_0009_0003.uasset" 6118
"../../../Engine/Content/EngineMaterials/Substrate/GLints/dict_16_192_64_0p5_0p02_0009_0004.uasset" 6119
"/Engine/EngineMaterials/Substrate/GLints/dict_16_192_64_0p5_0p02_0010_0001" 6120
"/Engine/EngineMaterials/Substrate/GLints/dict_16_192_64_0p5_0p02_0010_0002" 6121
"/Engine/EngineMaterials/Substrate/GLints/dict_16_192_64_0p5_0p02_0010_0003" 6122
"/Engine/EngineMaterials/Substrate/GLints/dict_16_192_64_0p5_0p02_0010_0004" 6123
"/Engine/EngineMaterials/Substrate/GLints/dict_16_192_64_0p5_0p02_0010_0005" 6124
"/Engine/EngineMaterials/Substrate/GLints/dict_16_192_64_0p5_0p02_0010_0006" 6125
"/Engine/EngineMaterials/Substrate/GLints/dict_16_192_64_0p5_0p02_0010_0007" 6126
"/Engine/EngineMaterials/Substrate/GLints/dict_16_192_64_0p5_0p02_0010_0008" 6127
"/Engine/EngineMaterials/Substrate/GLints/dict_16_192_64_0p5_0p02_0010_0009" 6128
"/Engine/EngineMaterials/Substrate/GLints/dict_16_192_64_0p5_0p02_0010_0010" 6129
"/Engine/EngineMaterials/Substrate/GLints/dict_16_192_64_0p5_0p02_0010_0011" 6130
"/Engine/EngineMaterials/Substrate/GLints/dict_16_192_64_0p5_0p02_0010_0012" 6131
"/Engine/EngineMaterials/Substrate/GLints/dict_16_192_64_0p5_0p02_0010_0013" 6132
"/Engine/EngineMaterials/Substrate/GLints/dict_16_192_64_0p5_0p02_0010_0014" 6133
"/Engine/EngineMaterials/Substrate/GLints/dict_16_192_64_0p5_0p02_0010_0015" 6134
"/Engine/EngineMaterials/Substrate/GLints/dict_16_192_64_0p5_0p02_0011_0000" 6135
"/Engine/EngineMaterials/Substrate/GLints/dict_16_192_64_0p5_0p02_0011_0001" 6136
"/Engine/EngineMaterials/Substrate/GLints/dict_16_192_64_0p5_0p02_0011_0002" 6137
"../../../Engine/Content/EngineMaterials/Substrate/GLints/dict_16_192_64_0p5_0p02_0009_0000.uasset" 6138
"../../../Engine/Content/EngineMaterials/Substrate/GLints/dict_16_192_64_0p5_0p02_0008_0014.uasset" 6139
"../../../Engine/Content/EngineMaterials/Substrate/GLints/dict_16_192_64_0p5_0p02_0008_0013.uasset" 6140
"../../../Engine/Content/EngineMaterials/Substrate/GLints/dict_16_192_64_0p5_0p02_0008_0015.uasset" 6141
"../../../Engine/Content/EngineMaterials/Substrate/GLints/dict_16_192_64_0p5_0p02_0008_0012.uasset" 6142
"../../../Engine/Content/EngineMaterials/Substrate/GLints/dict_16_192_64_0p5_0p02_0009_0002.uasset" 6143
"../../../Engine/Content/EngineMaterials/Substrate/GLints/dict_16_192_64_0p5_0p02_0009_0001.uasset" 6144
"/Engine/EngineMaterials/Substrate/GLints/dict_16_192_64_0p5_0p02_0009_0003" 6145
"../../../Engine/Content/EngineMaterials/Substrate/GLints/dict_16_192_64_0p5_0p02_0008_0010.uasset" 6146
"../../../Engine/Content/EngineMaterials/Substrate/GLints/dict_16_192_64_0p5_0p02_0008_0011.uasset" 6147
"../../../Engine/Content/EngineMaterials/Substrate/GLints/dict_16_192_64_0p5_0p02_0008_0009.uasset" 6148
"../../../Engine/Content/EngineMaterials/Substrate/GLints/dict_16_192_64_0p5_0p02_0008_0007.uasset" 6149
"../../../Engine/Content/EngineMaterials/Substrate/GLints/dict_16_192_64_0p5_0p02_0008_0004.uasset" 6150
"../../../Engine/Content/EngineMaterials/Substrate/GLints/dict_16_192_64_0p5_0p02_0008_0005.uasset" 6151
"../../../Engine/Content/EngineMaterials/Substrate/GLints/dict_16_192_64_0p5_0p02_0008_0006.uasset" 6152
"../../../Engine/Content/EngineMaterials/Substrate/GLints/dict_16_192_64_0p5_0p02_0008_0003.uasset" 6153
"../../../Engine/Content/EngineMaterials/Substrate/GLints/dict_16_192_64_0p5_0p02_0008_0002.uasset" 6154
"../../../Engine/Content/EngineMaterials/Substrate/GLints/dict_16_192_64_0p5_0p02_0008_0008.uasset" 6155
"/Engine/EngineMaterials/Substrate/GLints/dict_16_192_64_0p5_0p02_0009_0004" 6156
"../../../Engine/Content/EngineMaterials/Substrate/GLints/dict_16_192_64_0p5_0p02_0008_0000.uasset" 6157
"../../../Engine/Content/EngineMaterials/Substrate/GLints/dict_16_192_64_0p5_0p02_0008_0001.uasset" 6158
"../../../Engine/Content/EngineMaterials/Substrate/GLints/dict_16_192_64_0p5_0p02_0007_0015.uasset" 6159
"/Engine/EngineMaterials/Substrate/GLints/dict_16_192_64_0p5_0p02_0009_0005" 6160
"/Engine/EngineMaterials/Substrate/GLints/dict_16_192_64_0p5_0p02_0009_0006" 6161
"/Engine/EngineMaterials/Substrate/GLints/dict_16_192_64_0p5_0p02_0009_0007" 6162
"/Engine/EngineMaterials/Substrate/GLints/dict_16_192_64_0p5_0p02_0009_0008" 6163
"/Engine/EngineMaterials/Substrate/GLints/dict_16_192_64_0p5_0p02_0009_0009" 6164
"/Engine/EngineMaterials/Substrate/GLints/dict_16_192_64_0p5_0p02_0009_0010" 6165
"/Engine/EngineMaterials/Substrate/GLints/dict_16_192_64_0p5_0p02_0009_0011" 6166
"/Engine/EngineMaterials/Substrate/GLints/dict_16_192_64_0p5_0p02_0009_0012" 6167
"/Engine/EngineMaterials/Substrate/GLints/dict_16_192_64_0p5_0p02_0009_0013" 6168
"/Engine/EngineMaterials/Substrate/GLints/dict_16_192_64_0p5_0p02_0009_0014" 6169
"../../../Engine/Content/EngineMaterials/Substrate/GLints/dict_16_192_64_0p5_0p02_0007_0013.uasset" 6170
"../../../Engine/Content/EngineMaterials/Substrate/GLints/dict_16_192_64_0p5_0p02_0007_0010.uasset" 6171
"../../../Engine/Content/EngineMaterials/Substrate/GLints/dict_16_192_64_0p5_0p02_0007_0008.uasset" 6172
"../../../Engine/Content/EngineMaterials/Substrate/GLints/dict_16_192_64_0p5_0p02_0007_0014.uasset" 6173
"../../../Engine/Content/EngineMaterials/Substrate/GLints/dict_16_192_64_0p5_0p02_0007_0011.uasset" 6174
"../../../Engine/Content/EngineMaterials/Substrate/GLints/dict_16_192_64_0p5_0p02_0007_0007.uasset" 6175
"../../../Engine/Content/EngineMaterials/Substrate/GLints/dict_16_192_64_0p5_0p02_0007_0012.uasset" 6176
"/Engine/EngineMaterials/Substrate/GLints/dict_16_192_64_0p5_0p02_0007_0015" 6177
"../../../Engine/Content/EngineMaterials/Substrate/GLints/dict_16_192_64_0p5_0p02_0007_0009.uasset" 6178
"../../../Engine/Content/EngineMaterials/Substrate/GLints/dict_16_192_64_0p5_0p02_0007_0006.uasset" 6179
"../../../Engine/Content/EngineMaterials/Substrate/GLints/dict_16_192_64_0p5_0p02_0007_0005.uasset" 6180
"../../../Engine/Content/EngineMaterials/Substrate/GLints/dict_16_192_64_0p5_0p02_0007_0004.uasset" 6181
"../../../Engine/Content/EngineMaterials/Substrate/GLints/dict_16_192_64_0p5_0p02_0007_0003.uasset" 6182
"/Engine/EngineMaterials/Substrate/GLints/dict_16_192_64_0p5_0p02_0008_0000" 6183
"/Engine/EngineMaterials/Substrate/GLints/dict_16_192_64_0p5_0p02_0008_0001" 6184
"/Engine/EngineMaterials/Substrate/GLints/dict_16_192_64_0p5_0p02_0008_0002" 6185
"/Engine/EngineMaterials/Substrate/GLints/dict_16_192_64_0p5_0p02_0008_0003" 6186
"/Engine/EngineMaterials/Substrate/GLints/dict_16_192_64_0p5_0p02_0008_0004" 6187
"/Engine/EngineMaterials/Substrate/GLints/dict_16_192_64_0p5_0p02_0008_0005" 6188
"/Engine/EngineMaterials/Substrate/GLints/dict_16_192_64_0p5_0p02_0008_0006" 6189
"/Engine/EngineMaterials/Substrate/GLints/dict_16_192_64_0p5_0p02_0008_0007" 6190
"/Engine/EngineMaterials/Substrate/GLints/dict_16_192_64_0p5_0p02_0008_0008" 6191
"/Engine/EngineMaterials/Substrate/GLints/dict_16_192_64_0p5_0p02_0008_0009" 6192
"/Engine/EngineMaterials/Substrate/GLints/dict_16_192_64_0p5_0p02_0008_0010" 6193
"/Engine/EngineMaterials/Substrate/GLints/dict_16_192_64_0p5_0p02_0008_0011" 6194
"/Engine/EngineMaterials/Substrate/GLints/dict_16_192_64_0p5_0p02_0008_0012" 6195
"/Engine/EngineMaterials/Substrate/GLints/dict_16_192_64_0p5_0p02_0008_0013" 6196
"/Engine/EngineMaterials/Substrate/GLints/dict_16_192_64_0p5_0p02_0008_0014" 6197
"/Engine/EngineMaterials/Substrate/GLints/dict_16_192_64_0p5_0p02_0008_0015" 6198
"/Engine/EngineMaterials/Substrate/GLints/dict_16_192_64_0p5_0p02_0009_0000" 6199
"/Engine/EngineMaterials/Substrate/GLints/dict_16_192_64_0p5_0p02_0009_0001" 6200
"/Engine/EngineMaterials/Substrate/GLints/dict_16_192_64_0p5_0p02_0009_0002" 6201
"../../../Engine/Content/EngineMaterials/Substrate/GLints/dict_16_192_64_0p5_0p02_0006_0013.uasset" 6202
"../../../Engine/Content/EngineMaterials/Substrate/GLints/dict_16_192_64_0p5_0p02_0007_0002.uasset" 6203
"/Engine/EngineMaterials/Substrate/GLints/dict_16_192_64_0p5_0p02_0007_0003" 6204
"../../../Engine/Content/EngineMaterials/Substrate/GLints/dict_16_192_64_0p5_0p02_0006_0009.uasset" 6205
"../../../Engine/Content/EngineMaterials/Substrate/GLints/dict_16_192_64_0p5_0p02_0007_0000.uasset" 6206
"../../../Engine/Content/EngineMaterials/Substrate/GLints/dict_16_192_64_0p5_0p02_0007_0001.uasset" 6207
"../../../Engine/Content/EngineMaterials/Substrate/GLints/dict_16_192_64_0p5_0p02_0006_0015.uasset" 6208
"../../../Engine/Content/EngineMaterials/Substrate/GLints/dict_16_192_64_0p5_0p02_0006_0012.uasset" 6209
"../../../Engine/Content/EngineMaterials/Substrate/GLints/dict_16_192_64_0p5_0p02_0006_0011.uasset" 6210
"../../../Engine/Content/EngineMaterials/Substrate/GLints/dict_16_192_64_0p5_0p02_0006_0014.uasset" 6211
"../../../Engine/Content/EngineMaterials/Substrate/GLints/dict_16_192_64_0p5_0p02_0006_0010.uasset" 6212
"../../../Engine/Content/EngineMaterials/Substrate/GLints/dict_16_192_64_0p5_0p02_0006_0008.uasset" 6213
"../../../Engine/Content/EngineMaterials/Substrate/GLints/dict_16_192_64_0p5_0p02_0006_0006.uasset" 6214
"/Engine/EngineMaterials/Substrate/GLints/dict_16_192_64_0p5_0p02_0007_0004" 6215
"../../../Engine/Content/EngineMaterials/Substrate/GLints/dict_16_192_64_0p5_0p02_0006_0005.uasset" 6216
"../../../Engine/Content/EngineMaterials/Substrate/GLints/dict_16_192_64_0p5_0p02_0006_0007.uasset" 6217
"../../../Engine/Content/EngineMaterials/Substrate/GLints/dict_16_192_64_0p5_0p02_0006_0004.uasset" 6218
"../../../Engine/Content/EngineMaterials/Substrate/GLints/dict_16_192_64_0p5_0p02_0006_0003.uasset" 6219
"../../../Engine/Content/EngineMaterials/Substrate/GLints/dict_16_192_64_0p5_0p02_0006_0002.uasset" 6220
"../../../Engine/Content/EngineMaterials/Substrate/GLints/dict_16_192_64_0p5_0p02_0005_0015.uasset" 6221
"../../../Engine/Content/EngineMaterials/Substrate/GLints/dict_16_192_64_0p5_0p02_0006_0001.uasset" 6222
"../../../Engine/Content/EngineMaterials/Substrate/GLints/dict_16_192_64_0p5_0p02_0006_0000.uasset" 6223
"/Engine/EngineMaterials/Substrate/GLints/dict_16_192_64_0p5_0p02_0007_0005" 6224
"/Engine/EngineMaterials/Substrate/GLints/dict_16_192_64_0p5_0p02_0007_0006" 6225
"/Engine/EngineMaterials/Substrate/GLints/dict_16_192_64_0p5_0p02_0007_0007" 6226
"/Engine/EngineMaterials/Substrate/GLints/dict_16_192_64_0p5_0p02_0007_0008" 6227
"/Engine/EngineMaterials/Substrate/GLints/dict_16_192_64_0p5_0p02_0007_0009" 6228
"/Engine/EngineMaterials/Substrate/GLints/dict_16_192_64_0p5_0p02_0007_0010" 6229
"/Engine/EngineMaterials/Substrate/GLints/dict_16_192_64_0p5_0p02_0007_0011" 6230
"/Engine/EngineMaterials/Substrate/GLints/dict_16_192_64_0p5_0p02_0007_0012" 6231
"/Engine/EngineMaterials/Substrate/GLints/dict_16_192_64_0p5_0p02_0007_0013" 6232
"/Engine/EngineMaterials/Substrate/GLints/dict_16_192_64_0p5_0p02_0007_0014" 6233
"../../../Engine/Content/EngineMaterials/Substrate/GLints/dict_16_192_64_0p5_0p02_0005_0009.uasset" 6234
"/Engine/EngineMaterials/Substrate/GLints/dict_16_192_64_0p5_0p02_0005_0015" 6235
"../../../Engine/Content/EngineMaterials/Substrate/GLints/dict_16_192_64_0p5_0p02_0005_0008.uasset" 6236
"../../../Engine/Content/EngineMaterials/Substrate/GLints/dict_16_192_64_0p5_0p02_0005_0005.uasset" 6237
"../../../Engine/Content/EngineMaterials/Substrate/GLints/dict_16_192_64_0p5_0p02_0005_0013.uasset" 6238
"../../../Engine/Content/EngineMaterials/Substrate/GLints/dict_16_192_64_0p5_0p02_0005_0012.uasset" 6239
"../../../Engine/Content/EngineMaterials/Substrate/GLints/dict_16_192_64_0p5_0p02_0005_0014.uasset" 6240
"../../../Engine/Content/EngineMaterials/Substrate/GLints/dict_16_192_64_0p5_0p02_0005_0010.uasset" 6241
"../../../Engine/Content/EngineMaterials/Substrate/GLints/dict_16_192_64_0p5_0p02_0005_0011.uasset" 6242
"../../../Engine/Content/EngineMaterials/Substrate/GLints/dict_16_192_64_0p5_0p02_0005_0007.uasset" 6243
"../../../Engine/Content/EngineMaterials/Substrate/GLints/dict_16_192_64_0p5_0p02_0005_0006.uasset" 6244
"/Engine/EngineMaterials/Substrate/GLints/dict_16_192_64_0p5_0p02_0006_0000" 6245
"../../../Engine/Content/EngineMaterials/Substrate/GLints/dict_16_192_64_0p5_0p02_0005_0004.uasset" 6246
"../../../Engine/Content/EngineMaterials/Substrate/GLints/dict_16_192_64_0p5_0p02_0005_0003.uasset" 6247
"/Engine/EngineMaterials/Substrate/GLints/dict_16_192_64_0p5_0p02_0006_0001" 6248
"/Engine/EngineMaterials/Substrate/GLints/dict_16_192_64_0p5_0p02_0006_0002" 6249
"/Engine/EngineMaterials/Substrate/GLints/dict_16_192_64_0p5_0p02_0006_0003" 6250
"/Engine/EngineMaterials/Substrate/GLints/dict_16_192_64_0p5_0p02_0006_0004" 6251
"/Engine/EngineMaterials/Substrate/GLints/dict_16_192_64_0p5_0p02_0006_0005" 6252
"/Engine/EngineMaterials/Substrate/GLints/dict_16_192_64_0p5_0p02_0006_0006" 6253
"/Engine/EngineMaterials/Substrate/GLints/dict_16_192_64_0p5_0p02_0006_0007" 6254
"/Engine/EngineMaterials/Substrate/GLints/dict_16_192_64_0p5_0p02_0006_0008" 6255
"/Engine/EngineMaterials/Substrate/GLints/dict_16_192_64_0p5_0p02_0006_0009" 6256
"/Engine/EngineMaterials/Substrate/GLints/dict_16_192_64_0p5_0p02_0006_0010" 6257
"/Engine/EngineMaterials/Substrate/GLints/dict_16_192_64_0p5_0p02_0006_0011" 6258
"/Engine/EngineMaterials/Substrate/GLints/dict_16_192_64_0p5_0p02_0006_0012" 6259
"/Engine/EngineMaterials/Substrate/GLints/dict_16_192_64_0p5_0p02_0006_0013" 6260
"/Engine/EngineMaterials/Substrate/GLints/dict_16_192_64_0p5_0p02_0006_0014" 6261
"/Engine/EngineMaterials/Substrate/GLints/dict_16_192_64_0p5_0p02_0006_0015" 6262
"/Engine/EngineMaterials/Substrate/GLints/dict_16_192_64_0p5_0p02_0007_0000" 6263
"/Engine/EngineMaterials/Substrate/GLints/dict_16_192_64_0p5_0p02_0007_0001" 6264
"/Engine/EngineMaterials/Substrate/GLints/dict_16_192_64_0p5_0p02_0007_0002" 6265
"../../../Engine/Content/EngineMaterials/Substrate/GLints/dict_16_192_64_0p5_0p02_0005_0000.uasset" 6266
"/Engine/EngineMaterials/Substrate/GLints/dict_16_192_64_0p5_0p02_0005_0003" 6267
"../../../Engine/Content/EngineMaterials/Substrate/GLints/dict_16_192_64_0p5_0p02_0004_0013.uasset" 6268
"../../../Engine/Content/EngineMaterials/Substrate/GLints/dict_16_192_64_0p5_0p02_0004_0012.uasset" 6269
"../../../Engine/Content/EngineMaterials/Substrate/GLints/dict_16_192_64_0p5_0p02_0004_0009.uasset" 6270
"../../../Engine/Content/EngineMaterials/Substrate/GLints/dict_16_192_64_0p5_0p02_0005_0002.uasset" 6271
"../../../Engine/Content/EngineMaterials/Substrate/GLints/dict_16_192_64_0p5_0p02_0005_0001.uasset" 6272
"../../../Engine/Content/EngineMaterials/Substrate/GLints/dict_16_192_64_0p5_0p02_0004_0011.uasset" 6273
"../../../Engine/Content/EngineMaterials/Substrate/GLints/dict_16_192_64_0p5_0p02_0004_0014.uasset" 6274
"../../../Engine/Content/EngineMaterials/Substrate/GLints/dict_16_192_64_0p5_0p02_0004_0015.uasset" 6275
"../../../Engine/Content/EngineMaterials/Substrate/GLints/dict_16_192_64_0p5_0p02_0004_0010.uasset" 6276
"../../../Engine/Content/EngineMaterials/Substrate/GLints/dict_16_192_64_0p5_0p02_0004_0008.uasset" 6277
"/Engine/EngineMaterials/Substrate/GLints/dict_16_192_64_0p5_0p02_0005_0004" 6278
"../../../Engine/Content/EngineMaterials/Substrate/GLints/dict_16_192_64_0p5_0p02_0004_0007.uasset" 6279
"../../../Engine/Content/EngineMaterials/Substrate/GLints/dict_16_192_64_0p5_0p02_0004_0006.uasset" 6280
"../../../Engine/Content/EngineMaterials/Substrate/GLints/dict_16_192_64_0p5_0p02_0004_0005.uasset" 6281
"../../../Engine/Content/EngineMaterials/Substrate/GLints/dict_16_192_64_0p5_0p02_0004_0003.uasset" 6282
"../../../Engine/Content/EngineMaterials/Substrate/GLints/dict_16_192_64_0p5_0p02_0004_0004.uasset" 6283
"../../../Engine/Content/EngineMaterials/Substrate/GLints/dict_16_192_64_0p5_0p02_0004_0002.uasset" 6284
"../../../Engine/Content/EngineMaterials/Substrate/GLints/dict_16_192_64_0p5_0p02_0004_0001.uasset" 6285
"../../../Engine/Content/EngineMaterials/Substrate/GLints/dict_16_192_64_0p5_0p02_0003_0015.uasset" 6286
"../../../Engine/Content/EngineMaterials/Substrate/GLints/dict_16_192_64_0p5_0p02_0004_0000.uasset" 6287
"/Engine/EngineMaterials/Substrate/GLints/dict_16_192_64_0p5_0p02_0005_0005" 6288
"/Engine/EngineMaterials/Substrate/GLints/dict_16_192_64_0p5_0p02_0005_0006" 6289
"/Engine/EngineMaterials/Substrate/GLints/dict_16_192_64_0p5_0p02_0005_0007" 6290
"/Engine/EngineMaterials/Substrate/GLints/dict_16_192_64_0p5_0p02_0005_0008" 6291
"/Engine/EngineMaterials/Substrate/GLints/dict_16_192_64_0p5_0p02_0005_0009" 6292
"/Engine/EngineMaterials/Substrate/GLints/dict_16_192_64_0p5_0p02_0005_0010" 6293
"/Engine/EngineMaterials/Substrate/GLints/dict_16_192_64_0p5_0p02_0005_0011" 6294
"/Engine/EngineMaterials/Substrate/GLints/dict_16_192_64_0p5_0p02_0005_0012" 6295
"/Engine/EngineMaterials/Substrate/GLints/dict_16_192_64_0p5_0p02_0005_0013" 6296
"/Engine/EngineMaterials/Substrate/GLints/dict_16_192_64_0p5_0p02_0005_0014" 6297
"/Engine/EngineMaterials/Substrate/GLints/dict_16_192_64_0p5_0p02_0003_0015" 6298
"../../../Engine/Content/EngineMaterials/Substrate/GLints/dict_16_192_64_0p5_0p02_0003_0010.uasset" 6299
"../../../Engine/Content/EngineMaterials/Substrate/GLints/dict_16_192_64_0p5_0p02_0003_0005.uasset" 6300
"../../../Engine/Content/EngineMaterials/Substrate/GLints/dict_16_192_64_0p5_0p02_0003_0012.uasset" 6301
"../../../Engine/Content/EngineMaterials/Substrate/GLints/dict_16_192_64_0p5_0p02_0003_0014.uasset" 6302
"../../../Engine/Content/EngineMaterials/Substrate/GLints/dict_16_192_64_0p5_0p02_0003_0007.uasset" 6303
"../../../Engine/Content/EngineMaterials/Substrate/GLints/dict_16_192_64_0p5_0p02_0003_0013.uasset" 6304
"../../../Engine/Content/EngineMaterials/Substrate/GLints/dict_16_192_64_0p5_0p02_0003_0008.uasset" 6305
"/Engine/EngineMaterials/Substrate/GLints/dict_16_192_64_0p5_0p02_0004_0000" 6306
"../../../Engine/Content/EngineMaterials/Substrate/GLints/dict_16_192_64_0p5_0p02_0003_0011.uasset" 6307
"../../../Engine/Content/EngineMaterials/Substrate/GLints/dict_16_192_64_0p5_0p02_0003_0009.uasset" 6308
"../../../Engine/Content/EngineMaterials/Substrate/GLints/dict_16_192_64_0p5_0p02_0003_0004.uasset" 6309
"../../../Engine/Content/EngineMaterials/Substrate/GLints/dict_16_192_64_0p5_0p02_0003_0003.uasset" 6310
"../../../Engine/Content/EngineMaterials/Substrate/GLints/dict_16_192_64_0p5_0p02_0003_0006.uasset" 6311
"/Engine/EngineMaterials/Substrate/GLints/dict_16_192_64_0p5_0p02_0004_0001" 6312
"/Engine/EngineMaterials/Substrate/GLints/dict_16_192_64_0p5_0p02_0004_0002" 6313
"/Engine/EngineMaterials/Substrate/GLints/dict_16_192_64_0p5_0p02_0004_0003" 6314
"/Engine/EngineMaterials/Substrate/GLints/dict_16_192_64_0p5_0p02_0004_0004" 6315
"/Engine/EngineMaterials/Substrate/GLints/dict_16_192_64_0p5_0p02_0004_0005" 6316
"/Engine/EngineMaterials/Substrate/GLints/dict_16_192_64_0p5_0p02_0004_0006" 6317
"/Engine/EngineMaterials/Substrate/GLints/dict_16_192_64_0p5_0p02_0004_0007" 6318
"/Engine/EngineMaterials/Substrate/GLints/dict_16_192_64_0p5_0p02_0004_0008" 6319
"/Engine/EngineMaterials/Substrate/GLints/dict_16_192_64_0p5_0p02_0004_0009" 6320
"/Engine/EngineMaterials/Substrate/GLints/dict_16_192_64_0p5_0p02_0004_0010" 6321
"/Engine/EngineMaterials/Substrate/GLints/dict_16_192_64_0p5_0p02_0004_0011" 6322
"/Engine/EngineMaterials/Substrate/GLints/dict_16_192_64_0p5_0p02_0004_0012" 6323
"/Engine/EngineMaterials/Substrate/GLints/dict_16_192_64_0p5_0p02_0004_0013" 6324
"/Engine/EngineMaterials/Substrate/GLints/dict_16_192_64_0p5_0p02_0004_0014" 6325
"/Engine/EngineMaterials/Substrate/GLints/dict_16_192_64_0p5_0p02_0004_0015" 6326
"/Engine/EngineMaterials/Substrate/GLints/dict_16_192_64_0p5_0p02_0005_0000" 6327
"/Engine/EngineMaterials/Substrate/GLints/dict_16_192_64_0p5_0p02_0005_0001" 6328
"/Engine/EngineMaterials/Substrate/GLints/dict_16_192_64_0p5_0p02_0005_0002" 6329
"../../../Engine/Content/EngineMaterials/Substrate/GLints/dict_16_192_64_0p5_0p02_0002_0015.uasset" 6330
"/Engine/EngineMaterials/Substrate/GLints/dict_16_192_64_0p5_0p02_0003_0003" 6331
"../../../Engine/Content/EngineMaterials/Substrate/GLints/dict_16_192_64_0p5_0p02_0003_0002.uasset" 6332
"../../../Engine/Content/EngineMaterials/Substrate/GLints/dict_16_192_64_0p5_0p02_0002_0013.uasset" 6333
"../../../Engine/Content/EngineMaterials/Substrate/GLints/dict_16_192_64_0p5_0p02_0002_0014.uasset" 6334
"../../../Engine/Content/EngineMaterials/Substrate/GLints/dict_16_192_64_0p5_0p02_0003_0000.uasset" 6335
"../../../Engine/Content/EngineMaterials/Substrate/GLints/dict_16_192_64_0p5_0p02_0002_0012.uasset" 6336
"../../../Engine/Content/EngineMaterials/Substrate/GLints/dict_16_192_64_0p5_0p02_0002_0009.uasset" 6337
"../../../Engine/Content/EngineMaterials/Substrate/GLints/dict_16_192_64_0p5_0p02_0002_0011.uasset" 6338
"../../../Engine/Content/EngineMaterials/Substrate/GLints/dict_16_192_64_0p5_0p02_0003_0001.uasset" 6339
"../../../Engine/Content/EngineMaterials/Substrate/GLints/dict_16_192_64_0p5_0p02_0002_0010.uasset" 6340
"/Engine/EngineMaterials/Substrate/GLints/dict_16_192_64_0p5_0p02_0003_0004" 6341
"../../../Engine/Content/EngineMaterials/Substrate/GLints/dict_16_192_64_0p5_0p02_0002_0006.uasset" 6342
"../../../Engine/Content/EngineMaterials/Substrate/GLints/dict_16_192_64_0p5_0p02_0002_0008.uasset" 6343
"../../../Engine/Content/EngineMaterials/Substrate/GLints/dict_16_192_64_0p5_0p02_0002_0007.uasset" 6344
"../../../Engine/Content/EngineMaterials/Substrate/GLints/dict_16_192_64_0p5_0p02_0002_0005.uasset" 6345
"../../../Engine/Content/EngineMaterials/Substrate/GLints/dict_16_192_64_0p5_0p02_0002_0004.uasset" 6346
"../../../Engine/Content/EngineMaterials/Substrate/GLints/dict_16_192_64_0p5_0p02_0002_0003.uasset" 6347
"../../../Engine/Content/EngineMaterials/Substrate/GLints/dict_16_192_64_0p5_0p02_0002_0002.uasset" 6348
"../../../Engine/Content/EngineMaterials/Substrate/GLints/dict_16_192_64_0p5_0p02_0002_0001.uasset" 6349
"../../../Engine/Content/EngineMaterials/Substrate/GLints/dict_16_192_64_0p5_0p02_0002_0000.uasset" 6350
"../../../Engine/Content/EngineMaterials/Substrate/GLints/dict_16_192_64_0p5_0p02_0001_0015.uasset" 6351
"/Engine/EngineMaterials/Substrate/GLints/dict_16_192_64_0p5_0p02_0003_0005" 6352
"/Engine/EngineMaterials/Substrate/GLints/dict_16_192_64_0p5_0p02_0003_0006" 6353
"/Engine/EngineMaterials/Substrate/GLints/dict_16_192_64_0p5_0p02_0003_0007" 6354
"/Engine/EngineMaterials/Substrate/GLints/dict_16_192_64_0p5_0p02_0003_0008" 6355
"/Engine/EngineMaterials/Substrate/GLints/dict_16_192_64_0p5_0p02_0003_0009" 6356
"/Engine/EngineMaterials/Substrate/GLints/dict_16_192_64_0p5_0p02_0003_0010" 6357
"/Engine/EngineMaterials/Substrate/GLints/dict_16_192_64_0p5_0p02_0003_0011" 6358
"/Engine/EngineMaterials/Substrate/GLints/dict_16_192_64_0p5_0p02_0003_0012" 6359
"/Engine/EngineMaterials/Substrate/GLints/dict_16_192_64_0p5_0p02_0003_0013" 6360
"/Engine/EngineMaterials/Substrate/GLints/dict_16_192_64_0p5_0p02_0003_0014" 6361
"/Engine/EngineMaterials/Substrate/GLints/dict_16_192_64_0p5_0p02_0001_0015" 6362
"../../../Engine/Content/EngineMaterials/Substrate/GLints/dict_16_192_64_0p5_0p02_0001_0011.uasset" 6363
"../../../Engine/Content/EngineMaterials/Substrate/GLints/dict_16_192_64_0p5_0p02_0001_0008.uasset" 6364
"../../../Engine/Content/EngineMaterials/Substrate/GLints/dict_16_192_64_0p5_0p02_0001_0012.uasset" 6365
"../../../Engine/Content/EngineMaterials/Substrate/GLints/dict_16_192_64_0p5_0p02_0001_0006.uasset" 6366
"/Engine/EngineMaterials/Substrate/GLints/dict_16_192_64_0p5_0p02_0002_0000" 6367
"../../../Engine/Content/EngineMaterials/Substrate/GLints/dict_16_192_64_0p5_0p02_0001_0007.uasset" 6368
"../../../Engine/Content/EngineMaterials/Substrate/GLints/dict_16_192_64_0p5_0p02_0001_0014.uasset" 6369
"../../../Engine/Content/EngineMaterials/Substrate/GLints/dict_16_192_64_0p5_0p02_0001_0005.uasset" 6370
"../../../Engine/Content/EngineMaterials/Substrate/GLints/dict_16_192_64_0p5_0p02_0001_0009.uasset" 6371
"../../../Engine/Content/EngineMaterials/Substrate/GLints/dict_16_192_64_0p5_0p02_0001_0010.uasset" 6372
"../../../Engine/Content/EngineMaterials/Substrate/GLints/dict_16_192_64_0p5_0p02_0001_0013.uasset" 6373
"../../../Engine/Content/EngineMaterials/Substrate/GLints/dict_16_192_64_0p5_0p02_0001_0004.uasset" 6374
"../../../Engine/Content/EngineMaterials/Substrate/GLints/dict_16_192_64_0p5_0p02_0001_0003.uasset" 6375
"/Engine/EngineMaterials/Substrate/GLints/dict_16_192_64_0p5_0p02_0002_0001" 6376
"/Engine/EngineMaterials/Substrate/GLints/dict_16_192_64_0p5_0p02_0002_0002" 6377
"/Engine/EngineMaterials/Substrate/GLints/dict_16_192_64_0p5_0p02_0002_0003" 6378
"/Engine/EngineMaterials/Substrate/GLints/dict_16_192_64_0p5_0p02_0002_0004" 6379
"/Engine/EngineMaterials/Substrate/GLints/dict_16_192_64_0p5_0p02_0002_0005" 6380
"/Engine/EngineMaterials/Substrate/GLints/dict_16_192_64_0p5_0p02_0002_0006" 6381
"/Engine/EngineMaterials/Substrate/GLints/dict_16_192_64_0p5_0p02_0002_0007" 6382
"/Engine/EngineMaterials/Substrate/GLints/dict_16_192_64_0p5_0p02_0002_0008" 6383
"/Engine/EngineMaterials/Substrate/GLints/dict_16_192_64_0p5_0p02_0002_0009" 6384
"/Engine/EngineMaterials/Substrate/GLints/dict_16_192_64_0p5_0p02_0002_0010" 6385
"/Engine/EngineMaterials/Substrate/GLints/dict_16_192_64_0p5_0p02_0002_0011" 6386
"/Engine/EngineMaterials/Substrate/GLints/dict_16_192_64_0p5_0p02_0002_0012" 6387
"/Engine/EngineMaterials/Substrate/GLints/dict_16_192_64_0p5_0p02_0002_0013" 6388
"/Engine/EngineMaterials/Substrate/GLints/dict_16_192_64_0p5_0p02_0002_0014" 6389
"/Engine/EngineMaterials/Substrate/GLints/dict_16_192_64_0p5_0p02_0002_0015" 6390
"/Engine/EngineMaterials/Substrate/GLints/dict_16_192_64_0p5_0p02_0003_0000" 6391
"/Engine/EngineMaterials/Substrate/GLints/dict_16_192_64_0p5_0p02_0003_0001" 6392
"/Engine/EngineMaterials/Substrate/GLints/dict_16_192_64_0p5_0p02_0003_0002" 6393
"../../../Engine/Content/EngineMaterials/Substrate/GLints/dict_16_192_64_0p5_0p02_0000_0012.uasset" 6394
"../../../Engine/Content/EngineMaterials/Substrate/GLints/dict_16_192_64_0p5_0p02_0000_0013.uasset" 6395
"../../../Engine/Content/EngineMaterials/Substrate/GLints/dict_16_192_64_0p5_0p02_0001_0002.uasset" 6396
"../../../Engine/Content/EngineMaterials/Substrate/GLints/dict_16_192_64_0p5_0p02_0000_0010.uasset" 6397
"../../../Engine/Content/EngineMaterials/Substrate/GLints/dict_16_192_64_0p5_0p02_0000_0015.uasset" 6398
"../../../Engine/Content/EngineMaterials/Substrate/GLints/dict_16_192_64_0p5_0p02_0000_0009.uasset" 6399
"../../../Engine/Content/EngineMaterials/Substrate/GLints/dict_16_192_64_0p5_0p02_0000_0014.uasset" 6400
"/Engine/EngineMaterials/Substrate/GLints/dict_16_192_64_0p5_0p02_0001_0003" 6401
"../../../Engine/Content/EngineMaterials/Substrate/GLints/dict_16_192_64_0p5_0p02_0001_0001.uasset" 6402
"../../../Engine/Content/EngineMaterials/Substrate/GLints/dict_16_192_64_0p5_0p02_0000_0011.uasset" 6403
"../../../Engine/Content/EngineMaterials/Substrate/GLints/dict_16_192_64_0p5_0p02_0001_0000.uasset" 6404
"../../../Engine/Content/EngineMaterials/Substrate/GLints/dict_16_192_64_0p5_0p02_0000_0008.uasset" 6405
"../../../Engine/Content/EngineMaterials/Substrate/GLints/dict_16_192_64_0p5_0p02_0000_0004.uasset" 6406
"/Engine/EngineMaterials/Substrate/GLints/dict_16_192_64_0p5_0p02_0001_0004" 6407
"../../../Engine/Content/EngineMaterials/Substrate/GLints/dict_16_192_64_0p5_0p02_0000_0006.uasset" 6408
"../../../Engine/Content/EngineMaterials/Substrate/GLints/dict_16_192_64_0p5_0p02_0000_0005.uasset" 6409
"../../../Engine/Content/EngineMaterials/Substrate/GLints/dict_16_192_64_0p5_0p02_0000_0007.uasset" 6410
"../../../Engine/Content/EngineMaterials/Substrate/GLints/dict_16_192_64_0p5_0p02_0000_0003.uasset" 6411
"../../../Engine/Content/EngineMaterials/Substrate/GLints/dict_16_192_64_0p5_0p02_0000_0002.uasset" 6412
"../../../Engine/Content/EngineMaterials/Substrate/GLints/dict_16_192_64_0p5_0p02_0000_0000.uasset" 6413
"../../../Engine/Content/EngineMaterials/Substrate/GLints/dict_16_192_64_0p5_0p02_0000_0001.uasset" 6414
"../../../Engine/Content/EngineMaterials/Substrate/GLints/AGlintTex2dArray.uasset" 6415
"/Engine/EngineMaterials/Substrate/GLints/dict_16_192_64_0p5_0p02_0001_0005" 6416
"/Engine/EngineMaterials/Substrate/GLints/dict_16_192_64_0p5_0p02_0001_0006" 6417
"/Engine/EngineMaterials/Substrate/GLints/dict_16_192_64_0p5_0p02_0001_0007" 6418
"/Engine/EngineMaterials/Substrate/GLints/dict_16_192_64_0p5_0p02_0001_0008" 6419
"/Engine/EngineMaterials/Substrate/GLints/dict_16_192_64_0p5_0p02_0001_0009" 6420
"/Engine/EngineMaterials/Substrate/GLints/dict_16_192_64_0p5_0p02_0001_0010" 6421
"/Engine/EngineMaterials/Substrate/GLints/dict_16_192_64_0p5_0p02_0001_0011" 6422
"/Engine/EngineMaterials/Substrate/GLints/dict_16_192_64_0p5_0p02_0001_0012" 6423
"/Engine/EngineMaterials/Substrate/GLints/dict_16_192_64_0p5_0p02_0001_0013" 6424
"/Engine/EngineMaterials/Substrate/GLints/dict_16_192_64_0p5_0p02_0001_0014" 6425
"../../../Engine/Content/EngineMaterials/Substrate/Glints2/dict_0007_0249.uasset" 6426
"../../../Engine/Content/EngineMaterials/Substrate/Glints2/dict_0007_0252.uasset" 6427
"../../../Engine/Content/EngineMaterials/Substrate/Glints2/dict_0007_0251.uasset" 6428
"../../../Engine/Content/EngineMaterials/Substrate/Glints2/dict_0007_0254.uasset" 6429
"../../../Engine/Content/EngineMaterials/Substrate/Glints2/dict_0007_0250.uasset" 6430
"../../../Engine/Content/EngineMaterials/Substrate/Glints2/dict_0007_0247.uasset" 6431
"../../../Engine/Content/EngineMaterials/Substrate/Glints2/dict_0007_0255.uasset" 6432
"/Engine/EngineMaterials/Substrate/GLints/AGlintTex2dArray" 6433
"../../../Engine/Content/EngineMaterials/Substrate/Glints2/dict_0007_0253.uasset" 6434
"../../../Engine/Content/EngineMaterials/Substrate/Glints2/dict_0007_0248.uasset" 6435
"../../../Engine/Content/EngineMaterials/Substrate/Glints2/dict_0007_0246.uasset" 6436
"../../../Engine/Content/EngineMaterials/Substrate/Glints2/dict_0007_0245.uasset" 6437
"../../../Engine/Content/EngineMaterials/Substrate/Glints2/dict_0007_0244.uasset" 6438
"../../../Engine/Content/EngineMaterials/Substrate/Glints2/dict_0007_0237.uasset" 6439
"../../../Engine/Content/EngineMaterials/Substrate/Glints2/dict_0007_0240.uasset" 6440
"../../../Engine/Content/EngineMaterials/Substrate/Glints2/dict_0007_0241.uasset" 6441
"../../../Engine/Content/EngineMaterials/Substrate/Glints2/dict_0007_0238.uasset" 6442
"../../../Engine/Content/EngineMaterials/Substrate/Glints2/dict_0007_0239.uasset" 6443
"../../../Engine/Content/EngineMaterials/Substrate/Glints2/dict_0007_0242.uasset" 6444
"../../../Engine/Content/EngineMaterials/Substrate/Glints2/dict_0007_0234.uasset" 6445
"../../../Engine/Content/EngineMaterials/Substrate/Glints2/dict_0007_0243.uasset" 6446
"../../../Engine/Content/EngineMaterials/Substrate/Glints2/dict_0007_0236.uasset" 6447
"../../../Engine/Content/EngineMaterials/Substrate/Glints2/dict_0007_0235.uasset" 6448
"../../../Engine/Content/EngineMaterials/Substrate/Glints2/dict_0007_0232.uasset" 6449
"../../../Engine/Content/EngineMaterials/Substrate/Glints2/dict_0007_0231.uasset" 6450
"../../../Engine/Content/EngineMaterials/Substrate/Glints2/dict_0007_0230.uasset" 6451
"../../../Engine/Content/EngineMaterials/Substrate/Glints2/dict_0007_0233.uasset" 6452
"../../../Engine/Content/EngineMaterials/Substrate/Glints2/dict_0007_0229.uasset" 6453
"../../../Engine/Content/EngineMaterials/Substrate/Glints2/dict_0007_0228.uasset" 6454
"../../../Engine/Content/EngineMaterials/Substrate/Glints2/dict_0007_0226.uasset" 6455
"../../../Engine/Content/EngineMaterials/Substrate/Glints2/dict_0007_0227.uasset" 6456
"../../../Engine/Content/EngineMaterials/Substrate/Glints2/dict_0007_0225.uasset" 6457
"../../../Engine/Content/EngineMaterials/Substrate/Glints2/dict_0007_0224.uasset" 6458
"/Engine/EngineMaterials/Substrate/Glints2/dict_0007_0244" 6459
"/Engine/EngineMaterials/Substrate/Glints2/dict_0007_0245" 6460
"/Engine/EngineMaterials/Substrate/Glints2/dict_0007_0246" 6461
"/Engine/EngineMaterials/Substrate/Glints2/dict_0007_0247" 6462
"/Engine/EngineMaterials/Substrate/Glints2/dict_0007_0248" 6463
"/Engine/EngineMaterials/Substrate/Glints2/dict_0007_0249" 6464
"/Engine/EngineMaterials/Substrate/Glints2/dict_0007_0250" 6465
"/Engine/EngineMaterials/Substrate/Glints2/dict_0007_0251" 6466
"/Engine/EngineMaterials/Substrate/Glints2/dict_0007_0252" 6467
"/Engine/EngineMaterials/Substrate/Glints2/dict_0007_0253" 6468
"/Engine/EngineMaterials/Substrate/Glints2/dict_0007_0254" 6469
"/Engine/EngineMaterials/Substrate/Glints2/dict_0007_0255" 6470
"/Engine/EngineMaterials/Substrate/Glints2/dict_0007_0224" 6471
"../../../Engine/Content/EngineMaterials/Substrate/Glints2/dict_0007_0219.uasset" 6472
"../../../Engine/Content/EngineMaterials/Substrate/Glints2/dict_0007_0216.uasset" 6473
"../../../Engine/Content/EngineMaterials/Substrate/Glints2/dict_0007_0217.uasset" 6474
"../../../Engine/Content/EngineMaterials/Substrate/Glints2/dict_0007_0221.uasset" 6475
"../../../Engine/Content/EngineMaterials/Substrate/Glints2/dict_0007_0215.uasset" 6476
"../../../Engine/Content/EngineMaterials/Substrate/Glints2/dict_0007_0218.uasset" 6477
"../../../Engine/Content/EngineMaterials/Substrate/Glints2/dict_0007_0222.uasset" 6478
"../../../Engine/Content/EngineMaterials/Substrate/Glints2/dict_0007_0223.uasset" 6479
"../../../Engine/Content/EngineMaterials/Substrate/Glints2/dict_0007_0214.uasset" 6480
"../../../Engine/Content/EngineMaterials/Substrate/Glints2/dict_0007_0220.uasset" 6481
"/Engine/EngineMaterials/Substrate/Glints2/dict_0007_0225" 6482
"../../../Engine/Content/EngineMaterials/Substrate/Glints2/dict_0007_0213.uasset" 6483
"../../../Engine/Content/EngineMaterials/Substrate/Glints2/dict_0007_0212.uasset" 6484
"/Engine/EngineMaterials/Substrate/Glints2/dict_0007_0226" 6485
"/Engine/EngineMaterials/Substrate/Glints2/dict_0007_0227" 6486
"/Engine/EngineMaterials/Substrate/Glints2/dict_0007_0228" 6487
"/Engine/EngineMaterials/Substrate/Glints2/dict_0007_0229" 6488
"/Engine/EngineMaterials/Substrate/Glints2/dict_0007_0230" 6489
"/Engine/EngineMaterials/Substrate/Glints2/dict_0007_0231" 6490
"/Engine/EngineMaterials/Substrate/Glints2/dict_0007_0232" 6491
"/Engine/EngineMaterials/Substrate/Glints2/dict_0007_0233" 6492
"/Engine/EngineMaterials/Substrate/Glints2/dict_0007_0234" 6493
"/Engine/EngineMaterials/Substrate/Glints2/dict_0007_0235" 6494
"/Engine/EngineMaterials/Substrate/Glints2/dict_0007_0236" 6495
"/Engine/EngineMaterials/Substrate/Glints2/dict_0007_0237" 6496
"/Engine/EngineMaterials/Substrate/Glints2/dict_0007_0238" 6497
"/Engine/EngineMaterials/Substrate/Glints2/dict_0007_0239" 6498
"/Engine/EngineMaterials/Substrate/Glints2/dict_0007_0240" 6499
"/Engine/EngineMaterials/Substrate/Glints2/dict_0007_0241" 6500
"/Engine/EngineMaterials/Substrate/Glints2/dict_0007_0242" 6501
"/Engine/EngineMaterials/Substrate/Glints2/dict_0007_0243" 6502
"../../../Engine/Content/EngineMaterials/Substrate/Glints2/dict_0007_0209.uasset" 6503
"../../../Engine/Content/EngineMaterials/Substrate/Glints2/dict_0007_0210.uasset" 6504
"../../../Engine/Content/EngineMaterials/Substrate/Glints2/dict_0007_0204.uasset" 6505
"../../../Engine/Content/EngineMaterials/Substrate/Glints2/dict_0007_0211.uasset" 6506
"/Engine/EngineMaterials/Substrate/Glints2/dict_0007_0212" 6507
"../../../Engine/Content/EngineMaterials/Substrate/Glints2/dict_0007_0203.uasset" 6508
"../../../Engine/Content/EngineMaterials/Substrate/Glints2/dict_0007_0207.uasset" 6509
"../../../Engine/Content/EngineMaterials/Substrate/Glints2/dict_0007_0202.uasset" 6510
"../../../Engine/Content/EngineMaterials/Substrate/Glints2/dict_0007_0208.uasset" 6511
"../../../Engine/Content/EngineMaterials/Substrate/Glints2/dict_0007_0206.uasset" 6512
"../../../Engine/Content/EngineMaterials/Substrate/Glints2/dict_0007_0205.uasset" 6513
"/Engine/EngineMaterials/Substrate/Glints2/dict_0007_0213" 6514
"../../../Engine/Content/EngineMaterials/Substrate/Glints2/dict_0007_0200.uasset" 6515
"../../../Engine/Content/EngineMaterials/Substrate/Glints2/dict_0007_0196.uasset" 6516
"../../../Engine/Content/EngineMaterials/Substrate/Glints2/dict_0007_0197.uasset" 6517
"../../../Engine/Content/EngineMaterials/Substrate/Glints2/dict_0007_0201.uasset" 6518
"../../../Engine/Content/EngineMaterials/Substrate/Glints2/dict_0007_0198.uasset" 6519
"../../../Engine/Content/EngineMaterials/Substrate/Glints2/dict_0007_0199.uasset" 6520
"../../../Engine/Content/EngineMaterials/Substrate/Glints2/dict_0007_0195.uasset" 6521
"../../../Engine/Content/EngineMaterials/Substrate/Glints2/dict_0007_0194.uasset" 6522
"../../../Engine/Content/EngineMaterials/Substrate/Glints2/dict_0007_0193.uasset" 6523
"../../../Engine/Content/EngineMaterials/Substrate/Glints2/dict_0007_0192.uasset" 6524
"/Engine/EngineMaterials/Substrate/Glints2/dict_0007_0214" 6525
"/Engine/EngineMaterials/Substrate/Glints2/dict_0007_0215" 6526
"/Engine/EngineMaterials/Substrate/Glints2/dict_0007_0216" 6527
"/Engine/EngineMaterials/Substrate/Glints2/dict_0007_0217" 6528
"/Engine/EngineMaterials/Substrate/Glints2/dict_0007_0218" 6529
"/Engine/EngineMaterials/Substrate/Glints2/dict_0007_0219" 6530
"/Engine/EngineMaterials/Substrate/Glints2/dict_0007_0220" 6531
"/Engine/EngineMaterials/Substrate/Glints2/dict_0007_0221" 6532
"/Engine/EngineMaterials/Substrate/Glints2/dict_0007_0222" 6533
"/Engine/EngineMaterials/Substrate/Glints2/dict_0007_0223" 6534
"/Engine/EngineMaterials/Substrate/Glints2/dict_0007_0192" 6535
"../../../Engine/Content/EngineMaterials/Substrate/Glints2/dict_0007_0185.uasset" 6536
"../../../Engine/Content/EngineMaterials/Substrate/Glints2/dict_0007_0188.uasset" 6537
"../../../Engine/Content/EngineMaterials/Substrate/Glints2/dict_0007_0190.uasset" 6538
"../../../Engine/Content/EngineMaterials/Substrate/Glints2/dict_0007_0191.uasset" 6539
"../../../Engine/Content/EngineMaterials/Substrate/Glints2/dict_0007_0187.uasset" 6540
"../../../Engine/Content/EngineMaterials/Substrate/Glints2/dict_0007_0189.uasset" 6541
"../../../Engine/Content/EngineMaterials/Substrate/Glints2/dict_0007_0186.uasset" 6542
"../../../Engine/Content/EngineMaterials/Substrate/Glints2/dict_0007_0183.uasset" 6543
"../../../Engine/Content/EngineMaterials/Substrate/Glints2/dict_0007_0182.uasset" 6544
"../../../Engine/Content/EngineMaterials/Substrate/Glints2/dict_0007_0184.uasset" 6545
"/Engine/EngineMaterials/Substrate/Glints2/dict_0007_0193" 6546
"../../../Engine/Content/EngineMaterials/Substrate/Glints2/dict_0007_0181.uasset" 6547
"../../../Engine/Content/EngineMaterials/Substrate/Glints2/dict_0007_0180.uasset" 6548
"/Engine/EngineMaterials/Substrate/Glints2/dict_0007_0194" 6549
"/Engine/EngineMaterials/Substrate/Glints2/dict_0007_0195" 6550
"/Engine/EngineMaterials/Substrate/Glints2/dict_0007_0196" 6551
"/Engine/EngineMaterials/Substrate/Glints2/dict_0007_0197" 6552
"/Engine/EngineMaterials/Substrate/Glints2/dict_0007_0198" 6553
"/Engine/EngineMaterials/Substrate/Glints2/dict_0007_0199" 6554
"/Engine/EngineMaterials/Substrate/Glints2/dict_0007_0200" 6555
"/Engine/EngineMaterials/Substrate/Glints2/dict_0007_0201" 6556
"/Engine/EngineMaterials/Substrate/Glints2/dict_0007_0202" 6557
"/Engine/EngineMaterials/Substrate/Glints2/dict_0007_0203" 6558
"/Engine/EngineMaterials/Substrate/Glints2/dict_0007_0204" 6559
"/Engine/EngineMaterials/Substrate/Glints2/dict_0007_0205" 6560
"/Engine/EngineMaterials/Substrate/Glints2/dict_0007_0206" 6561
"/Engine/EngineMaterials/Substrate/Glints2/dict_0007_0207" 6562
"/Engine/EngineMaterials/Substrate/Glints2/dict_0007_0208" 6563
"/Engine/EngineMaterials/Substrate/Glints2/dict_0007_0209" 6564
"/Engine/EngineMaterials/Substrate/Glints2/dict_0007_0210" 6565
"/Engine/EngineMaterials/Substrate/Glints2/dict_0007_0211" 6566
"../../../Engine/Content/EngineMaterials/Substrate/Glints2/dict_0007_0178.uasset" 6567
"../../../Engine/Content/EngineMaterials/Substrate/Glints2/dict_0007_0173.uasset" 6568
"../../../Engine/Content/EngineMaterials/Substrate/Glints2/dict_0007_0177.uasset" 6569
"../../../Engine/Content/EngineMaterials/Substrate/Glints2/dict_0007_0176.uasset" 6570
"../../../Engine/Content/EngineMaterials/Substrate/Glints2/dict_0007_0175.uasset" 6571
"/Engine/EngineMaterials/Substrate/Glints2/dict_0007_0180" 6572
"../../../Engine/Content/EngineMaterials/Substrate/Glints2/dict_0007_0174.uasset" 6573
"../../../Engine/Content/EngineMaterials/Substrate/Glints2/dict_0007_0179.uasset" 6574
"../../../Engine/Content/EngineMaterials/Substrate/Glints2/dict_0007_0172.uasset" 6575
"../../../Engine/Content/EngineMaterials/Substrate/Glints2/dict_0007_0171.uasset" 6576
"../../../Engine/Content/EngineMaterials/Substrate/Glints2/dict_0007_0170.uasset" 6577
"../../../Engine/Content/EngineMaterials/Substrate/Glints2/dict_0007_0169.uasset" 6578
"../../../Engine/Content/EngineMaterials/Substrate/Glints2/dict_0007_0168.uasset" 6579
"/Engine/EngineMaterials/Substrate/Glints2/dict_0007_0181" 6580
"../../../Engine/Content/EngineMaterials/Substrate/Glints2/dict_0007_0166.uasset" 6581
"../../../Engine/Content/EngineMaterials/Substrate/Glints2/dict_0007_0162.uasset" 6582
"../../../Engine/Content/EngineMaterials/Substrate/Glints2/dict_0007_0167.uasset" 6583
"../../../Engine/Content/EngineMaterials/Substrate/Glints2/dict_0007_0164.uasset" 6584
"../../../Engine/Content/EngineMaterials/Substrate/Glints2/dict_0007_0163.uasset" 6585
"../../../Engine/Content/EngineMaterials/Substrate/Glints2/dict_0007_0165.uasset" 6586
"../../../Engine/Content/EngineMaterials/Substrate/Glints2/dict_0007_0160.uasset" 6587
"../../../Engine/Content/EngineMaterials/Substrate/Glints2/dict_0007_0161.uasset" 6588
"/Engine/EngineMaterials/Substrate/Glints2/dict_0007_0182" 6589
"/Engine/EngineMaterials/Substrate/Glints2/dict_0007_0183" 6590
"/Engine/EngineMaterials/Substrate/Glints2/dict_0007_0184" 6591
"/Engine/EngineMaterials/Substrate/Glints2/dict_0007_0185" 6592
"/Engine/EngineMaterials/Substrate/Glints2/dict_0007_0186" 6593
"/Engine/EngineMaterials/Substrate/Glints2/dict_0007_0187" 6594
"/Engine/EngineMaterials/Substrate/Glints2/dict_0007_0188" 6595
"/Engine/EngineMaterials/Substrate/Glints2/dict_0007_0189" 6596
"/Engine/EngineMaterials/Substrate/Glints2/dict_0007_0190" 6597
"/Engine/EngineMaterials/Substrate/Glints2/dict_0007_0191" 6598
"../../../Engine/Content/EngineMaterials/Substrate/Glints2/dict_0007_0152.uasset" 6599
"../../../Engine/Content/EngineMaterials/Substrate/Glints2/dict_0007_0159.uasset" 6600
"../../../Engine/Content/EngineMaterials/Substrate/Glints2/dict_0007_0155.uasset" 6601
"../../../Engine/Content/EngineMaterials/Substrate/Glints2/dict_0007_0158.uasset" 6602
"../../../Engine/Content/EngineMaterials/Substrate/Glints2/dict_0007_0151.uasset" 6603
"../../../Engine/Content/EngineMaterials/Substrate/Glints2/dict_0007_0157.uasset" 6604
"../../../Engine/Content/EngineMaterials/Substrate/Glints2/dict_0007_0156.uasset" 6605
"../../../Engine/Content/EngineMaterials/Substrate/Glints2/dict_0007_0153.uasset" 6606
"../../../Engine/Content/EngineMaterials/Substrate/Glints2/dict_0007_0150.uasset" 6607
"/Engine/EngineMaterials/Substrate/Glints2/dict_0007_0160" 6608
"../../../Engine/Content/EngineMaterials/Substrate/Glints2/dict_0007_0154.uasset" 6609
"../../../Engine/Content/EngineMaterials/Substrate/Glints2/dict_0007_0149.uasset" 6610
"../../../Engine/Content/EngineMaterials/Substrate/Glints2/dict_0007_0148.uasset" 6611
"/Engine/EngineMaterials/Substrate/Glints2/dict_0007_0161" 6612
"/Engine/EngineMaterials/Substrate/Glints2/dict_0007_0162" 6613
"/Engine/EngineMaterials/Substrate/Glints2/dict_0007_0163" 6614
"/Engine/EngineMaterials/Substrate/Glints2/dict_0007_0164" 6615
"/Engine/EngineMaterials/Substrate/Glints2/dict_0007_0165" 6616
"/Engine/EngineMaterials/Substrate/Glints2/dict_0007_0166" 6617
"/Engine/EngineMaterials/Substrate/Glints2/dict_0007_0167" 6618
"/Engine/EngineMaterials/Substrate/Glints2/dict_0007_0168" 6619
"/Engine/EngineMaterials/Substrate/Glints2/dict_0007_0169" 6620
"/Engine/EngineMaterials/Substrate/Glints2/dict_0007_0170" 6621
"/Engine/EngineMaterials/Substrate/Glints2/dict_0007_0171" 6622
"/Engine/EngineMaterials/Substrate/Glints2/dict_0007_0172" 6623
"/Engine/EngineMaterials/Substrate/Glints2/dict_0007_0173" 6624
"/Engine/EngineMaterials/Substrate/Glints2/dict_0007_0174" 6625
"/Engine/EngineMaterials/Substrate/Glints2/dict_0007_0175" 6626
"/Engine/EngineMaterials/Substrate/Glints2/dict_0007_0176" 6627
"/Engine/EngineMaterials/Substrate/Glints2/dict_0007_0177" 6628
"/Engine/EngineMaterials/Substrate/Glints2/dict_0007_0178" 6629
"/Engine/EngineMaterials/Substrate/Glints2/dict_0007_0179" 6630
"/Engine/EngineMaterials/Substrate/Glints2/dict_0007_0148" 6631
"../../../Engine/Content/EngineMaterials/Substrate/Glints2/dict_0007_0146.uasset" 6632
"../../../Engine/Content/EngineMaterials/Substrate/Glints2/dict_0007_0144.uasset" 6633
"../../../Engine/Content/EngineMaterials/Substrate/Glints2/dict_0007_0145.uasset" 6634
"../../../Engine/Content/EngineMaterials/Substrate/Glints2/dict_0007_0140.uasset" 6635
"../../../Engine/Content/EngineMaterials/Substrate/Glints2/dict_0007_0141.uasset" 6636
"../../../Engine/Content/EngineMaterials/Substrate/Glints2/dict_0007_0139.uasset" 6637
"../../../Engine/Content/EngineMaterials/Substrate/Glints2/dict_0007_0147.uasset" 6638
"../../../Engine/Content/EngineMaterials/Substrate/Glints2/dict_0007_0142.uasset" 6639
"../../../Engine/Content/EngineMaterials/Substrate/Glints2/dict_0007_0138.uasset" 6640
"../../../Engine/Content/EngineMaterials/Substrate/Glints2/dict_0007_0143.uasset" 6641
"/Engine/EngineMaterials/Substrate/Glints2/dict_0007_0149" 6642
"../../../Engine/Content/EngineMaterials/Substrate/Glints2/dict_0007_0137.uasset" 6643
"../../../Engine/Content/EngineMaterials/Substrate/Glints2/dict_0007_0136.uasset" 6644
"../../../Engine/Content/EngineMaterials/Substrate/Glints2/dict_0007_0134.uasset" 6645
"../../../Engine/Content/EngineMaterials/Substrate/Glints2/dict_0007_0135.uasset" 6646
"../../../Engine/Content/EngineMaterials/Substrate/Glints2/dict_0007_0132.uasset" 6647
"../../../Engine/Content/EngineMaterials/Substrate/Glints2/dict_0007_0133.uasset" 6648
"/Engine/EngineMaterials/Substrate/Glints2/dict_0007_0150" 6649
"../../../Engine/Content/EngineMaterials/Substrate/Glints2/dict_0007_0131.uasset" 6650
"../../../Engine/Content/EngineMaterials/Substrate/Glints2/dict_0007_0130.uasset" 6651
"../../../Engine/Content/EngineMaterials/Substrate/Glints2/dict_0007_0129.uasset" 6652
"/Engine/EngineMaterials/Substrate/Glints2/dict_0007_0151" 6653
"../../../Engine/Content/EngineMaterials/Substrate/Glints2/dict_0007_0128.uasset" 6654
"/Engine/EngineMaterials/Substrate/Glints2/dict_0007_0152" 6655
"/Engine/EngineMaterials/Substrate/Glints2/dict_0007_0153" 6656
"/Engine/EngineMaterials/Substrate/Glints2/dict_0007_0154" 6657
"/Engine/EngineMaterials/Substrate/Glints2/dict_0007_0155" 6658
"/Engine/EngineMaterials/Substrate/Glints2/dict_0007_0156" 6659
"/Engine/EngineMaterials/Substrate/Glints2/dict_0007_0157" 6660
"/Engine/EngineMaterials/Substrate/Glints2/dict_0007_0158" 6661
"/Engine/EngineMaterials/Substrate/Glints2/dict_0007_0159" 6662
"/Engine/EngineMaterials/Substrate/Glints2/dict_0007_0128" 6663
"../../../Engine/Content/EngineMaterials/Substrate/Glints2/dict_0007_0120.uasset" 6664
"../../../Engine/Content/EngineMaterials/Substrate/Glints2/dict_0007_0125.uasset" 6665
"../../../Engine/Content/EngineMaterials/Substrate/Glints2/dict_0007_0122.uasset" 6666
"../../../Engine/Content/EngineMaterials/Substrate/Glints2/dict_0007_0126.uasset" 6667
"../../../Engine/Content/EngineMaterials/Substrate/Glints2/dict_0007_0121.uasset" 6668
"../../../Engine/Content/EngineMaterials/Substrate/Glints2/dict_0007_0127.uasset" 6669
"../../../Engine/Content/EngineMaterials/Substrate/Glints2/dict_0007_0123.uasset" 6670
"../../../Engine/Content/EngineMaterials/Substrate/Glints2/dict_0007_0119.uasset" 6671
"../../../Engine/Content/EngineMaterials/Substrate/Glints2/dict_0007_0118.uasset" 6672
"../../../Engine/Content/EngineMaterials/Substrate/Glints2/dict_0007_0124.uasset" 6673
"../../../Engine/Content/EngineMaterials/Substrate/Glints2/dict_0007_0116.uasset" 6674
"../../../Engine/Content/EngineMaterials/Substrate/Glints2/dict_0007_0117.uasset" 6675
"/Engine/EngineMaterials/Substrate/Glints2/dict_0007_0129" 6676
"/Engine/EngineMaterials/Substrate/Glints2/dict_0007_0130" 6677
"/Engine/EngineMaterials/Substrate/Glints2/dict_0007_0131" 6678
"/Engine/EngineMaterials/Substrate/Glints2/dict_0007_0132" 6679
"/Engine/EngineMaterials/Substrate/Glints2/dict_0007_0133" 6680
"/Engine/EngineMaterials/Substrate/Glints2/dict_0007_0134" 6681
"/Engine/EngineMaterials/Substrate/Glints2/dict_0007_0135" 6682
"/Engine/EngineMaterials/Substrate/Glints2/dict_0007_0136" 6683
"/Engine/EngineMaterials/Substrate/Glints2/dict_0007_0137" 6684
"/Engine/EngineMaterials/Substrate/Glints2/dict_0007_0138" 6685
"/Engine/EngineMaterials/Substrate/Glints2/dict_0007_0139" 6686
"/Engine/EngineMaterials/Substrate/Glints2/dict_0007_0140" 6687
"/Engine/EngineMaterials/Substrate/Glints2/dict_0007_0141" 6688
"/Engine/EngineMaterials/Substrate/Glints2/dict_0007_0142" 6689
"/Engine/EngineMaterials/Substrate/Glints2/dict_0007_0143" 6690
"/Engine/EngineMaterials/Substrate/Glints2/dict_0007_0144" 6691
"/Engine/EngineMaterials/Substrate/Glints2/dict_0007_0145" 6692
"/Engine/EngineMaterials/Substrate/Glints2/dict_0007_0146" 6693
"/Engine/EngineMaterials/Substrate/Glints2/dict_0007_0147" 6694
"/Engine/EngineMaterials/Substrate/Glints2/dict_0007_0116" 6695
"../../../Engine/Content/EngineMaterials/Substrate/Glints2/dict_0007_0113.uasset" 6696
"../../../Engine/Content/EngineMaterials/Substrate/Glints2/dict_0007_0115.uasset" 6697
"../../../Engine/Content/EngineMaterials/Substrate/Glints2/dict_0007_0107.uasset" 6698
"../../../Engine/Content/EngineMaterials/Substrate/Glints2/dict_0007_0112.uasset" 6699
"../../../Engine/Content/EngineMaterials/Substrate/Glints2/dict_0007_0114.uasset" 6700
"../../../Engine/Content/EngineMaterials/Substrate/Glints2/dict_0007_0109.uasset" 6701
"../../../Engine/Content/EngineMaterials/Substrate/Glints2/dict_0007_0106.uasset" 6702
"../../../Engine/Content/EngineMaterials/Substrate/Glints2/dict_0007_0108.uasset" 6703
"../../../Engine/Content/EngineMaterials/Substrate/Glints2/dict_0007_0111.uasset" 6704
"../../../Engine/Content/EngineMaterials/Substrate/Glints2/dict_0007_0110.uasset" 6705
"/Engine/EngineMaterials/Substrate/Glints2/dict_0007_0117" 6706
"../../../Engine/Content/EngineMaterials/Substrate/Glints2/dict_0007_0104.uasset" 6707
"../../../Engine/Content/EngineMaterials/Substrate/Glints2/dict_0007_0105.uasset" 6708
"../../../Engine/Content/EngineMaterials/Substrate/Glints2/dict_0007_0101.uasset" 6709
"../../../Engine/Content/EngineMaterials/Substrate/Glints2/dict_0007_0102.uasset" 6710
"../../../Engine/Content/EngineMaterials/Substrate/Glints2/dict_0007_0103.uasset" 6711
"/Engine/EngineMaterials/Substrate/Glints2/dict_0007_0118" 6712
"../../../Engine/Content/EngineMaterials/Substrate/Glints2/dict_0007_0099.uasset" 6713
"../../../Engine/Content/EngineMaterials/Substrate/Glints2/dict_0007_0100.uasset" 6714
"../../../Engine/Content/EngineMaterials/Substrate/Glints2/dict_0007_0098.uasset" 6715
"../../../Engine/Content/EngineMaterials/Substrate/Glints2/dict_0007_0097.uasset" 6716
"../../../Engine/Content/EngineMaterials/Substrate/Glints2/dict_0007_0096.uasset" 6717
"/Engine/EngineMaterials/Substrate/Glints2/dict_0007_0119" 6718
"/Engine/EngineMaterials/Substrate/Glints2/dict_0007_0120" 6719
"/Engine/EngineMaterials/Substrate/Glints2/dict_0007_0121" 6720
"/Engine/EngineMaterials/Substrate/Glints2/dict_0007_0122" 6721
"/Engine/EngineMaterials/Substrate/Glints2/dict_0007_0123" 6722
"/Engine/EngineMaterials/Substrate/Glints2/dict_0007_0124" 6723
"/Engine/EngineMaterials/Substrate/Glints2/dict_0007_0125" 6724
"/Engine/EngineMaterials/Substrate/Glints2/dict_0007_0126" 6725
"/Engine/EngineMaterials/Substrate/Glints2/dict_0007_0127" 6726
"/Engine/EngineMaterials/Substrate/Glints2/dict_0007_0096" 6727
"../../../Engine/Content/EngineMaterials/Substrate/Glints2/dict_0007_0091.uasset" 6728
"../../../Engine/Content/EngineMaterials/Substrate/Glints2/dict_0007_0093.uasset" 6729
"../../../Engine/Content/EngineMaterials/Substrate/Glints2/dict_0007_0089.uasset" 6730
"../../../Engine/Content/EngineMaterials/Substrate/Glints2/dict_0007_0088.uasset" 6731
"../../../Engine/Content/EngineMaterials/Substrate/Glints2/dict_0007_0095.uasset" 6732
"../../../Engine/Content/EngineMaterials/Substrate/Glints2/dict_0007_0087.uasset" 6733
"../../../Engine/Content/EngineMaterials/Substrate/Glints2/dict_0007_0092.uasset" 6734
"../../../Engine/Content/EngineMaterials/Substrate/Glints2/dict_0007_0094.uasset" 6735
"../../../Engine/Content/EngineMaterials/Substrate/Glints2/dict_0007_0090.uasset" 6736
"../../../Engine/Content/EngineMaterials/Substrate/Glints2/dict_0007_0086.uasset" 6737
"../../../Engine/Content/EngineMaterials/Substrate/Glints2/dict_0007_0084.uasset" 6738
"../../../Engine/Content/EngineMaterials/Substrate/Glints2/dict_0007_0085.uasset" 6739
"/Engine/EngineMaterials/Substrate/Glints2/dict_0007_0097" 6740
"/Engine/EngineMaterials/Substrate/Glints2/dict_0007_0098" 6741
"/Engine/EngineMaterials/Substrate/Glints2/dict_0007_0099" 6742
"/Engine/EngineMaterials/Substrate/Glints2/dict_0007_0100" 6743
"/Engine/EngineMaterials/Substrate/Glints2/dict_0007_0101" 6744
"/Engine/EngineMaterials/Substrate/Glints2/dict_0007_0102" 6745
"/Engine/EngineMaterials/Substrate/Glints2/dict_0007_0103" 6746
"/Engine/EngineMaterials/Substrate/Glints2/dict_0007_0104" 6747
"/Engine/EngineMaterials/Substrate/Glints2/dict_0007_0105" 6748
"/Engine/EngineMaterials/Substrate/Glints2/dict_0007_0106" 6749
"/Engine/EngineMaterials/Substrate/Glints2/dict_0007_0107" 6750
"/Engine/EngineMaterials/Substrate/Glints2/dict_0007_0108" 6751
"/Engine/EngineMaterials/Substrate/Glints2/dict_0007_0109" 6752
"/Engine/EngineMaterials/Substrate/Glints2/dict_0007_0110" 6753
"/Engine/EngineMaterials/Substrate/Glints2/dict_0007_0111" 6754
"/Engine/EngineMaterials/Substrate/Glints2/dict_0007_0112" 6755
"/Engine/EngineMaterials/Substrate/Glints2/dict_0007_0113" 6756
"/Engine/EngineMaterials/Substrate/Glints2/dict_0007_0114" 6757
"/Engine/EngineMaterials/Substrate/Glints2/dict_0007_0115" 6758
"../../../Engine/Content/EngineMaterials/Substrate/Glints2/dict_0007_0075.uasset" 6759
"../../../Engine/Content/EngineMaterials/Substrate/Glints2/dict_0007_0083.uasset" 6760
"../../../Engine/Content/EngineMaterials/Substrate/Glints2/dict_0007_0082.uasset" 6761
"../../../Engine/Content/EngineMaterials/Substrate/Glints2/dict_0007_0079.uasset" 6762
"../../../Engine/Content/EngineMaterials/Substrate/Glints2/dict_0007_0077.uasset" 6763
"/Engine/EngineMaterials/Substrate/Glints2/dict_0007_0084" 6764
"../../../Engine/Content/EngineMaterials/Substrate/Glints2/dict_0007_0080.uasset" 6765
"../../../Engine/Content/EngineMaterials/Substrate/Glints2/dict_0007_0074.uasset" 6766
"../../../Engine/Content/EngineMaterials/Substrate/Glints2/dict_0007_0076.uasset" 6767
"../../../Engine/Content/EngineMaterials/Substrate/Glints2/dict_0007_0078.uasset" 6768
"../../../Engine/Content/EngineMaterials/Substrate/Glints2/dict_0007_0081.uasset" 6769
"../../../Engine/Content/EngineMaterials/Substrate/Glints2/dict_0007_0072.uasset" 6770
"../../../Engine/Content/EngineMaterials/Substrate/Glints2/dict_0007_0071.uasset" 6771
"../../../Engine/Content/EngineMaterials/Substrate/Glints2/dict_0007_0073.uasset" 6772
"../../../Engine/Content/EngineMaterials/Substrate/Glints2/dict_0007_0066.uasset" 6773
"../../../Engine/Content/EngineMaterials/Substrate/Glints2/dict_0007_0069.uasset" 6774
"../../../Engine/Content/EngineMaterials/Substrate/Glints2/dict_0007_0068.uasset" 6775
"../../../Engine/Content/EngineMaterials/Substrate/Glints2/dict_0007_0067.uasset" 6776
"/Engine/EngineMaterials/Substrate/Glints2/dict_0007_0085" 6777
"../../../Engine/Content/EngineMaterials/Substrate/Glints2/dict_0007_0064.uasset" 6778
"../../../Engine/Content/EngineMaterials/Substrate/Glints2/dict_0007_0070.uasset" 6779
"../../../Engine/Content/EngineMaterials/Substrate/Glints2/dict_0007_0065.uasset" 6780
"/Engine/EngineMaterials/Substrate/Glints2/dict_0007_0086" 6781
"/Engine/EngineMaterials/Substrate/Glints2/dict_0007_0087" 6782
"/Engine/EngineMaterials/Substrate/Glints2/dict_0007_0088" 6783
"/Engine/EngineMaterials/Substrate/Glints2/dict_0007_0089" 6784
"/Engine/EngineMaterials/Substrate/Glints2/dict_0007_0090" 6785
"/Engine/EngineMaterials/Substrate/Glints2/dict_0007_0091" 6786
"/Engine/EngineMaterials/Substrate/Glints2/dict_0007_0092" 6787
"/Engine/EngineMaterials/Substrate/Glints2/dict_0007_0093" 6788
"/Engine/EngineMaterials/Substrate/Glints2/dict_0007_0094" 6789
"/Engine/EngineMaterials/Substrate/Glints2/dict_0007_0095" 6790
"../../../Engine/Content/EngineMaterials/Substrate/Glints2/dict_0007_0059.uasset" 6791
"../../../Engine/Content/EngineMaterials/Substrate/Glints2/dict_0007_0063.uasset" 6792
"/Engine/EngineMaterials/Substrate/Glints2/dict_0007_0064" 6793
"../../../Engine/Content/EngineMaterials/Substrate/Glints2/dict_0007_0060.uasset" 6794
"../../../Engine/Content/EngineMaterials/Substrate/Glints2/dict_0007_0056.uasset" 6795
"../../../Engine/Content/EngineMaterials/Substrate/Glints2/dict_0007_0058.uasset" 6796
"../../../Engine/Content/EngineMaterials/Substrate/Glints2/dict_0007_0057.uasset" 6797
"../../../Engine/Content/EngineMaterials/Substrate/Glints2/dict_0007_0055.uasset" 6798
"../../../Engine/Content/EngineMaterials/Substrate/Glints2/dict_0007_0061.uasset" 6799
"../../../Engine/Content/EngineMaterials/Substrate/Glints2/dict_0007_0054.uasset" 6800
"../../../Engine/Content/EngineMaterials/Substrate/Glints2/dict_0007_0062.uasset" 6801
"../../../Engine/Content/EngineMaterials/Substrate/Glints2/dict_0007_0053.uasset" 6802
"../../../Engine/Content/EngineMaterials/Substrate/Glints2/dict_0007_0052.uasset" 6803
"/Engine/EngineMaterials/Substrate/Glints2/dict_0007_0065" 6804
"/Engine/EngineMaterials/Substrate/Glints2/dict_0007_0066" 6805
"/Engine/EngineMaterials/Substrate/Glints2/dict_0007_0067" 6806
"/Engine/EngineMaterials/Substrate/Glints2/dict_0007_0068" 6807
"/Engine/EngineMaterials/Substrate/Glints2/dict_0007_0069" 6808
"/Engine/EngineMaterials/Substrate/Glints2/dict_0007_0070" 6809
"/Engine/EngineMaterials/Substrate/Glints2/dict_0007_0071" 6810
"/Engine/EngineMaterials/Substrate/Glints2/dict_0007_0072" 6811
"/Engine/EngineMaterials/Substrate/Glints2/dict_0007_0073" 6812
"/Engine/EngineMaterials/Substrate/Glints2/dict_0007_0074" 6813
"/Engine/EngineMaterials/Substrate/Glints2/dict_0007_0075" 6814
"/Engine/EngineMaterials/Substrate/Glints2/dict_0007_0076" 6815
"/Engine/EngineMaterials/Substrate/Glints2/dict_0007_0077" 6816
"/Engine/EngineMaterials/Substrate/Glints2/dict_0007_0078" 6817
"/Engine/EngineMaterials/Substrate/Glints2/dict_0007_0079" 6818
"/Engine/EngineMaterials/Substrate/Glints2/dict_0007_0080" 6819
"/Engine/EngineMaterials/Substrate/Glints2/dict_0007_0081" 6820
"/Engine/EngineMaterials/Substrate/Glints2/dict_0007_0082" 6821
"/Engine/EngineMaterials/Substrate/Glints2/dict_0007_0083" 6822
"/Engine/EngineMaterials/Substrate/Glints2/dict_0007_0052" 6823
"../../../Engine/Content/EngineMaterials/Substrate/Glints2/dict_0007_0050.uasset" 6824
"../../../Engine/Content/EngineMaterials/Substrate/Glints2/dict_0007_0047.uasset" 6825
"../../../Engine/Content/EngineMaterials/Substrate/Glints2/dict_0007_0044.uasset" 6826
"../../../Engine/Content/EngineMaterials/Substrate/Glints2/dict_0007_0051.uasset" 6827
"../../../Engine/Content/EngineMaterials/Substrate/Glints2/dict_0007_0046.uasset" 6828
"../../../Engine/Content/EngineMaterials/Substrate/Glints2/dict_0007_0043.uasset" 6829
"../../../Engine/Content/EngineMaterials/Substrate/Glints2/dict_0007_0042.uasset" 6830
"../../../Engine/Content/EngineMaterials/Substrate/Glints2/dict_0007_0049.uasset" 6831
"../../../Engine/Content/EngineMaterials/Substrate/Glints2/dict_0007_0045.uasset" 6832
"../../../Engine/Content/EngineMaterials/Substrate/Glints2/dict_0007_0048.uasset" 6833
"../../../Engine/Content/EngineMaterials/Substrate/Glints2/dict_0007_0041.uasset" 6834
"../../../Engine/Content/EngineMaterials/Substrate/Glints2/dict_0007_0040.uasset" 6835
"../../../Engine/Content/EngineMaterials/Substrate/Glints2/dict_0007_0036.uasset" 6836
"../../../Engine/Content/EngineMaterials/Substrate/Glints2/dict_0007_0035.uasset" 6837
"../../../Engine/Content/EngineMaterials/Substrate/Glints2/dict_0007_0037.uasset" 6838
"/Engine/EngineMaterials/Substrate/Glints2/dict_0007_0053" 6839
"../../../Engine/Content/EngineMaterials/Substrate/Glints2/dict_0007_0033.uasset" 6840
"../../../Engine/Content/EngineMaterials/Substrate/Glints2/dict_0007_0034.uasset" 6841
"../../../Engine/Content/EngineMaterials/Substrate/Glints2/dict_0007_0038.uasset" 6842
"../../../Engine/Content/EngineMaterials/Substrate/Glints2/dict_0007_0032.uasset" 6843
"../../../Engine/Content/EngineMaterials/Substrate/Glints2/dict_0007_0039.uasset" 6844
"/Engine/EngineMaterials/Substrate/Glints2/dict_0007_0054" 6845
"/Engine/EngineMaterials/Substrate/Glints2/dict_0007_0055" 6846
"/Engine/EngineMaterials/Substrate/Glints2/dict_0007_0056" 6847
"/Engine/EngineMaterials/Substrate/Glints2/dict_0007_0057" 6848
"/Engine/EngineMaterials/Substrate/Glints2/dict_0007_0058" 6849
"/Engine/EngineMaterials/Substrate/Glints2/dict_0007_0059" 6850
"/Engine/EngineMaterials/Substrate/Glints2/dict_0007_0060" 6851
"/Engine/EngineMaterials/Substrate/Glints2/dict_0007_0061" 6852
"/Engine/EngineMaterials/Substrate/Glints2/dict_0007_0062" 6853
"/Engine/EngineMaterials/Substrate/Glints2/dict_0007_0063" 6854
"../../../Engine/Content/EngineMaterials/Substrate/Glints2/dict_0007_0027.uasset" 6855
"/Engine/EngineMaterials/Substrate/Glints2/dict_0007_0032" 6856
"../../../Engine/Content/EngineMaterials/Substrate/Glints2/dict_0007_0030.uasset" 6857
"../../../Engine/Content/EngineMaterials/Substrate/Glints2/dict_0007_0025.uasset" 6858
"../../../Engine/Content/EngineMaterials/Substrate/Glints2/dict_0007_0031.uasset" 6859
"../../../Engine/Content/EngineMaterials/Substrate/Glints2/dict_0007_0024.uasset" 6860
"../../../Engine/Content/EngineMaterials/Substrate/Glints2/dict_0007_0029.uasset" 6861
"../../../Engine/Content/EngineMaterials/Substrate/Glints2/dict_0007_0026.uasset" 6862
"../../../Engine/Content/EngineMaterials/Substrate/Glints2/dict_0007_0028.uasset" 6863
"../../../Engine/Content/EngineMaterials/Substrate/Glints2/dict_0007_0023.uasset" 6864
"../../../Engine/Content/EngineMaterials/Substrate/Glints2/dict_0007_0022.uasset" 6865
"../../../Engine/Content/EngineMaterials/Substrate/Glints2/dict_0007_0021.uasset" 6866
"../../../Engine/Content/EngineMaterials/Substrate/Glints2/dict_0007_0020.uasset" 6867
"/Engine/EngineMaterials/Substrate/Glints2/dict_0007_0033" 6868
"/Engine/EngineMaterials/Substrate/Glints2/dict_0007_0034" 6869
"/Engine/EngineMaterials/Substrate/Glints2/dict_0007_0035" 6870
"/Engine/EngineMaterials/Substrate/Glints2/dict_0007_0036" 6871
"/Engine/EngineMaterials/Substrate/Glints2/dict_0007_0037" 6872
"/Engine/EngineMaterials/Substrate/Glints2/dict_0007_0038" 6873
"/Engine/EngineMaterials/Substrate/Glints2/dict_0007_0039" 6874
"/Engine/EngineMaterials/Substrate/Glints2/dict_0007_0040" 6875
"/Engine/EngineMaterials/Substrate/Glints2/dict_0007_0041" 6876
"/Engine/EngineMaterials/Substrate/Glints2/dict_0007_0042" 6877
"/Engine/EngineMaterials/Substrate/Glints2/dict_0007_0043" 6878
"/Engine/EngineMaterials/Substrate/Glints2/dict_0007_0044" 6879
"/Engine/EngineMaterials/Substrate/Glints2/dict_0007_0045" 6880
"/Engine/EngineMaterials/Substrate/Glints2/dict_0007_0046" 6881
"/Engine/EngineMaterials/Substrate/Glints2/dict_0007_0047" 6882
"/Engine/EngineMaterials/Substrate/Glints2/dict_0007_0048" 6883
"/Engine/EngineMaterials/Substrate/Glints2/dict_0007_0049" 6884
"/Engine/EngineMaterials/Substrate/Glints2/dict_0007_0050" 6885
"/Engine/EngineMaterials/Substrate/Glints2/dict_0007_0051" 6886
"../../../Engine/Content/EngineMaterials/Substrate/Glints2/dict_0007_0016.uasset" 6887
"../../../Engine/Content/EngineMaterials/Substrate/Glints2/dict_0007_0017.uasset" 6888
"../../../Engine/Content/EngineMaterials/Substrate/Glints2/dict_0007_0015.uasset" 6889
"../../../Engine/Content/EngineMaterials/Substrate/Glints2/dict_0007_0014.uasset" 6890
"../../../Engine/Content/EngineMaterials/Substrate/Glints2/dict_0007_0019.uasset" 6891
"../../../Engine/Content/EngineMaterials/Substrate/Glints2/dict_0007_0013.uasset" 6892
"/Engine/EngineMaterials/Substrate/Glints2/dict_0007_0020" 6893
"../../../Engine/Content/EngineMaterials/Substrate/Glints2/dict_0007_0018.uasset" 6894
"../../../Engine/Content/EngineMaterials/Substrate/Glints2/dict_0007_0012.uasset" 6895
"../../../Engine/Content/EngineMaterials/Substrate/Glints2/dict_0007_0011.uasset" 6896
"../../../Engine/Content/EngineMaterials/Substrate/Glints2/dict_0007_0010.uasset" 6897
"../../../Engine/Content/EngineMaterials/Substrate/Glints2/dict_0007_0009.uasset" 6898
"../../../Engine/Content/EngineMaterials/Substrate/Glints2/dict_0007_0008.uasset" 6899
"../../../Engine/Content/EngineMaterials/Substrate/Glints2/dict_0007_0007.uasset" 6900
"../../../Engine/Content/EngineMaterials/Substrate/Glints2/dict_0007_0006.uasset" 6901
"../../../Engine/Content/EngineMaterials/Substrate/Glints2/dict_0007_0002.uasset" 6902
"../../../Engine/Content/EngineMaterials/Substrate/Glints2/dict_0007_0003.uasset" 6903
"../../../Engine/Content/EngineMaterials/Substrate/Glints2/dict_0007_0005.uasset" 6904
"/Engine/EngineMaterials/Substrate/Glints2/dict_0007_0021" 6905
"../../../Engine/Content/EngineMaterials/Substrate/Glints2/dict_0007_0000.uasset" 6906
"../../../Engine/Content/EngineMaterials/Substrate/Glints2/dict_0007_0001.uasset" 6907
"../../../Engine/Content/EngineMaterials/Substrate/Glints2/dict_0007_0004.uasset" 6908
"/Engine/EngineMaterials/Substrate/Glints2/dict_0007_0022" 6909
"/Engine/EngineMaterials/Substrate/Glints2/dict_0007_0023" 6910
"/Engine/EngineMaterials/Substrate/Glints2/dict_0007_0024" 6911
"/Engine/EngineMaterials/Substrate/Glints2/dict_0007_0025" 6912
"/Engine/EngineMaterials/Substrate/Glints2/dict_0007_0026" 6913
"/Engine/EngineMaterials/Substrate/Glints2/dict_0007_0027" 6914
"/Engine/EngineMaterials/Substrate/Glints2/dict_0007_0028" 6915
"/Engine/EngineMaterials/Substrate/Glints2/dict_0007_0029" 6916
"/Engine/EngineMaterials/Substrate/Glints2/dict_0007_0030" 6917
"/Engine/EngineMaterials/Substrate/Glints2/dict_0007_0031" 6918
"../../../Engine/Content/EngineMaterials/Substrate/Glints2/dict_0006_0251.uasset" 6919
"../../../Engine/Content/EngineMaterials/Substrate/Glints2/dict_0006_0253.uasset" 6920
"../../../Engine/Content/EngineMaterials/Substrate/Glints2/dict_0006_0249.uasset" 6921
"../../../Engine/Content/EngineMaterials/Substrate/Glints2/dict_0006_0248.uasset" 6922
"../../../Engine/Content/EngineMaterials/Substrate/Glints2/dict_0006_0254.uasset" 6923
"/Engine/EngineMaterials/Substrate/Glints2/dict_0007_0000" 6924
"../../../Engine/Content/EngineMaterials/Substrate/Glints2/dict_0006_0246.uasset" 6925
"../../../Engine/Content/EngineMaterials/Substrate/Glints2/dict_0006_0250.uasset" 6926
"../../../Engine/Content/EngineMaterials/Substrate/Glints2/dict_0006_0252.uasset" 6927
"../../../Engine/Content/EngineMaterials/Substrate/Glints2/dict_0006_0247.uasset" 6928
"../../../Engine/Content/EngineMaterials/Substrate/Glints2/dict_0006_0255.uasset" 6929
"../../../Engine/Content/EngineMaterials/Substrate/Glints2/dict_0006_0244.uasset" 6930
"../../../Engine/Content/EngineMaterials/Substrate/Glints2/dict_0006_0245.uasset" 6931
"/Engine/EngineMaterials/Substrate/Glints2/dict_0007_0001" 6932
"/Engine/EngineMaterials/Substrate/Glints2/dict_0007_0002" 6933
"/Engine/EngineMaterials/Substrate/Glints2/dict_0007_0003" 6934
"/Engine/EngineMaterials/Substrate/Glints2/dict_0007_0004" 6935
"/Engine/EngineMaterials/Substrate/Glints2/dict_0007_0005" 6936
"/Engine/EngineMaterials/Substrate/Glints2/dict_0007_0006" 6937
"/Engine/EngineMaterials/Substrate/Glints2/dict_0007_0007" 6938
"/Engine/EngineMaterials/Substrate/Glints2/dict_0007_0008" 6939
"/Engine/EngineMaterials/Substrate/Glints2/dict_0007_0009" 6940
"/Engine/EngineMaterials/Substrate/Glints2/dict_0007_0010" 6941
"/Engine/EngineMaterials/Substrate/Glints2/dict_0007_0011" 6942
"/Engine/EngineMaterials/Substrate/Glints2/dict_0007_0012" 6943
"/Engine/EngineMaterials/Substrate/Glints2/dict_0007_0013" 6944
"/Engine/EngineMaterials/Substrate/Glints2/dict_0007_0014" 6945
"/Engine/EngineMaterials/Substrate/Glints2/dict_0007_0015" 6946
"/Engine/EngineMaterials/Substrate/Glints2/dict_0007_0016" 6947
"/Engine/EngineMaterials/Substrate/Glints2/dict_0007_0017" 6948
"/Engine/EngineMaterials/Substrate/Glints2/dict_0007_0018" 6949
"/Engine/EngineMaterials/Substrate/Glints2/dict_0007_0019" 6950
"../../../Engine/Content/EngineMaterials/Substrate/Glints2/dict_0006_0238.uasset" 6951
"../../../Engine/Content/EngineMaterials/Substrate/Glints2/dict_0006_0235.uasset" 6952
"../../../Engine/Content/EngineMaterials/Substrate/Glints2/dict_0006_0236.uasset" 6953
"/Engine/EngineMaterials/Substrate/Glints2/dict_0006_0244" 6954
"../../../Engine/Content/EngineMaterials/Substrate/Glints2/dict_0006_0240.uasset" 6955
"../../../Engine/Content/EngineMaterials/Substrate/Glints2/dict_0006_0241.uasset" 6956
"../../../Engine/Content/EngineMaterials/Substrate/Glints2/dict_0006_0237.uasset" 6957
"../../../Engine/Content/EngineMaterials/Substrate/Glints2/dict_0006_0243.uasset" 6958
"../../../Engine/Content/EngineMaterials/Substrate/Glints2/dict_0006_0239.uasset" 6959
"../../../Engine/Content/EngineMaterials/Substrate/Glints2/dict_0006_0234.uasset" 6960
"../../../Engine/Content/EngineMaterials/Substrate/Glints2/dict_0006_0242.uasset" 6961
"../../../Engine/Content/EngineMaterials/Substrate/Glints2/dict_0006_0228.uasset" 6962
"../../../Engine/Content/EngineMaterials/Substrate/Glints2/dict_0006_0232.uasset" 6963
"../../../Engine/Content/EngineMaterials/Substrate/Glints2/dict_0006_0229.uasset" 6964
"../../../Engine/Content/EngineMaterials/Substrate/Glints2/dict_0006_0233.uasset" 6965
"../../../Engine/Content/EngineMaterials/Substrate/Glints2/dict_0006_0231.uasset" 6966
"/Engine/EngineMaterials/Substrate/Glints2/dict_0006_0245" 6967
"../../../Engine/Content/EngineMaterials/Substrate/Glints2/dict_0006_0227.uasset" 6968
"../../../Engine/Content/EngineMaterials/Substrate/Glints2/dict_0006_0226.uasset" 6969
"../../../Engine/Content/EngineMaterials/Substrate/Glints2/dict_0006_0230.uasset" 6970
"../../../Engine/Content/EngineMaterials/Substrate/Glints2/dict_0006_0225.uasset" 6971
"../../../Engine/Content/EngineMaterials/Substrate/Glints2/dict_0006_0224.uasset" 6972
"/Engine/EngineMaterials/Substrate/Glints2/dict_0006_0246" 6973
"/Engine/EngineMaterials/Substrate/Glints2/dict_0006_0247" 6974
"/Engine/EngineMaterials/Substrate/Glints2/dict_0006_0248" 6975
"/Engine/EngineMaterials/Substrate/Glints2/dict_0006_0249" 6976
"/Engine/EngineMaterials/Substrate/Glints2/dict_0006_0250" 6977
"/Engine/EngineMaterials/Substrate/Glints2/dict_0006_0251" 6978
"/Engine/EngineMaterials/Substrate/Glints2/dict_0006_0252" 6979
"/Engine/EngineMaterials/Substrate/Glints2/dict_0006_0253" 6980
"/Engine/EngineMaterials/Substrate/Glints2/dict_0006_0254" 6981
"/Engine/EngineMaterials/Substrate/Glints2/dict_0006_0255" 6982
"/Engine/EngineMaterials/Substrate/Glints2/dict_0006_0224" 6983
"../../../Engine/Content/EngineMaterials/Substrate/Glints2/dict_0006_0219.uasset" 6984
"../../../Engine/Content/EngineMaterials/Substrate/Glints2/dict_0006_0223.uasset" 6985
"../../../Engine/Content/EngineMaterials/Substrate/Glints2/dict_0006_0218.uasset" 6986
"../../../Engine/Content/EngineMaterials/Substrate/Glints2/dict_0006_0214.uasset" 6987
"../../../Engine/Content/EngineMaterials/Substrate/Glints2/dict_0006_0217.uasset" 6988
"../../../Engine/Content/EngineMaterials/Substrate/Glints2/dict_0006_0215.uasset" 6989
"../../../Engine/Content/EngineMaterials/Substrate/Glints2/dict_0006_0220.uasset" 6990
"../../../Engine/Content/EngineMaterials/Substrate/Glints2/dict_0006_0216.uasset" 6991
"../../../Engine/Content/EngineMaterials/Substrate/Glints2/dict_0006_0221.uasset" 6992
"../../../Engine/Content/EngineMaterials/Substrate/Glints2/dict_0006_0222.uasset" 6993
"/Engine/EngineMaterials/Substrate/Glints2/dict_0006_0225" 6994
"../../../Engine/Content/EngineMaterials/Substrate/Glints2/dict_0006_0212.uasset" 6995
"../../../Engine/Content/EngineMaterials/Substrate/Glints2/dict_0006_0213.uasset" 6996
"/Engine/EngineMaterials/Substrate/Glints2/dict_0006_0226" 6997
"/Engine/EngineMaterials/Substrate/Glints2/dict_0006_0227" 6998
"/Engine/EngineMaterials/Substrate/Glints2/dict_0006_0228" 6999
"/Engine/EngineMaterials/Substrate/Glints2/dict_0006_0229" 7000
"/Engine/EngineMaterials/Substrate/Glints2/dict_0006_0230" 7001
"/Engine/EngineMaterials/Substrate/Glints2/dict_0006_0231" 7002
"/Engine/EngineMaterials/Substrate/Glints2/dict_0006_0232" 7003
"/Engine/EngineMaterials/Substrate/Glints2/dict_0006_0233" 7004
"/Engine/EngineMaterials/Substrate/Glints2/dict_0006_0234" 7005
"/Engine/EngineMaterials/Substrate/Glints2/dict_0006_0235" 7006
"/Engine/EngineMaterials/Substrate/Glints2/dict_0006_0236" 7007
"/Engine/EngineMaterials/Substrate/Glints2/dict_0006_0237" 7008
"/Engine/EngineMaterials/Substrate/Glints2/dict_0006_0238" 7009
"/Engine/EngineMaterials/Substrate/Glints2/dict_0006_0239" 7010
"/Engine/EngineMaterials/Substrate/Glints2/dict_0006_0240" 7011
"/Engine/EngineMaterials/Substrate/Glints2/dict_0006_0241" 7012
"/Engine/EngineMaterials/Substrate/Glints2/dict_0006_0242" 7013
"/Engine/EngineMaterials/Substrate/Glints2/dict_0006_0243" 7014
"../../../Engine/Content/EngineMaterials/Substrate/Glints2/dict_0006_0205.uasset" 7015
"../../../Engine/Content/EngineMaterials/Substrate/Glints2/dict_0006_0209.uasset" 7016
"../../../Engine/Content/EngineMaterials/Substrate/Glints2/dict_0006_0210.uasset" 7017
"../../../Engine/Content/EngineMaterials/Substrate/Glints2/dict_0006_0211.uasset" 7018
"../../../Engine/Content/EngineMaterials/Substrate/Glints2/dict_0006_0207.uasset" 7019
"../../../Engine/Content/EngineMaterials/Substrate/Glints2/dict_0006_0204.uasset" 7020
"../../../Engine/Content/EngineMaterials/Substrate/Glints2/dict_0006_0203.uasset" 7021
"../../../Engine/Content/EngineMaterials/Substrate/Glints2/dict_0006_0206.uasset" 7022
"../../../Engine/Content/EngineMaterials/Substrate/Glints2/dict_0006_0208.uasset" 7023
"/Engine/EngineMaterials/Substrate/Glints2/dict_0006_0212" 7024
"../../../Engine/Content/EngineMaterials/Substrate/Glints2/dict_0006_0202.uasset" 7025
"../../../Engine/Content/EngineMaterials/Substrate/Glints2/dict_0006_0199.uasset" 7026
"../../../Engine/Content/EngineMaterials/Substrate/Glints2/dict_0006_0201.uasset" 7027
"../../../Engine/Content/EngineMaterials/Substrate/Glints2/dict_0006_0198.uasset" 7028
"../../../Engine/Content/EngineMaterials/Substrate/Glints2/dict_0006_0197.uasset" 7029
"../../../Engine/Content/EngineMaterials/Substrate/Glints2/dict_0006_0196.uasset" 7030
"../../../Engine/Content/EngineMaterials/Substrate/Glints2/dict_0006_0195.uasset" 7031
"/Engine/EngineMaterials/Substrate/Glints2/dict_0006_0213" 7032
"../../../Engine/Content/EngineMaterials/Substrate/Glints2/dict_0006_0194.uasset" 7033
"../../../Engine/Content/EngineMaterials/Substrate/Glints2/dict_0006_0200.uasset" 7034
"../../../Engine/Content/EngineMaterials/Substrate/Glints2/dict_0006_0193.uasset" 7035
"../../../Engine/Content/EngineMaterials/Substrate/Glints2/dict_0006_0192.uasset" 7036
"/Engine/EngineMaterials/Substrate/Glints2/dict_0006_0214" 7037
"/Engine/EngineMaterials/Substrate/Glints2/dict_0006_0215" 7038
"/Engine/EngineMaterials/Substrate/Glints2/dict_0006_0216" 7039
"/Engine/EngineMaterials/Substrate/Glints2/dict_0006_0217" 7040
"/Engine/EngineMaterials/Substrate/Glints2/dict_0006_0218" 7041
"/Engine/EngineMaterials/Substrate/Glints2/dict_0006_0219" 7042
"/Engine/EngineMaterials/Substrate/Glints2/dict_0006_0220" 7043
"/Engine/EngineMaterials/Substrate/Glints2/dict_0006_0221" 7044
"/Engine/EngineMaterials/Substrate/Glints2/dict_0006_0222" 7045
"/Engine/EngineMaterials/Substrate/Glints2/dict_0006_0223" 7046
"/Engine/EngineMaterials/Substrate/Glints2/dict_0006_0192" 7047
"../../../Engine/Content/EngineMaterials/Substrate/Glints2/dict_0006_0189.uasset" 7048
"../../../Engine/Content/EngineMaterials/Substrate/Glints2/dict_0006_0183.uasset" 7049
"../../../Engine/Content/EngineMaterials/Substrate/Glints2/dict_0006_0187.uasset" 7050
"../../../Engine/Content/EngineMaterials/Substrate/Glints2/dict_0006_0191.uasset" 7051
"../../../Engine/Content/EngineMaterials/Substrate/Glints2/dict_0006_0182.uasset" 7052
"../../../Engine/Content/EngineMaterials/Substrate/Glints2/dict_0006_0188.uasset" 7053
"../../../Engine/Content/EngineMaterials/Substrate/Glints2/dict_0006_0184.uasset" 7054
"../../../Engine/Content/EngineMaterials/Substrate/Glints2/dict_0006_0186.uasset" 7055
"../../../Engine/Content/EngineMaterials/Substrate/Glints2/dict_0006_0190.uasset" 7056
"../../../Engine/Content/EngineMaterials/Substrate/Glints2/dict_0006_0185.uasset" 7057
"../../../Engine/Content/EngineMaterials/Substrate/Glints2/dict_0006_0181.uasset" 7058
"/Engine/EngineMaterials/Substrate/Glints2/dict_0006_0193" 7059
"../../../Engine/Content/EngineMaterials/Substrate/Glints2/dict_0006_0180.uasset" 7060
"/Engine/EngineMaterials/Substrate/Glints2/dict_0006_0194" 7061
"/Engine/EngineMaterials/Substrate/Glints2/dict_0006_0195" 7062
"/Engine/EngineMaterials/Substrate/Glints2/dict_0006_0196" 7063
"/Engine/EngineMaterials/Substrate/Glints2/dict_0006_0197" 7064
"/Engine/EngineMaterials/Substrate/Glints2/dict_0006_0198" 7065
"/Engine/EngineMaterials/Substrate/Glints2/dict_0006_0199" 7066
"/Engine/EngineMaterials/Substrate/Glints2/dict_0006_0200" 7067
"/Engine/EngineMaterials/Substrate/Glints2/dict_0006_0201" 7068
"/Engine/EngineMaterials/Substrate/Glints2/dict_0006_0202" 7069
"/Engine/EngineMaterials/Substrate/Glints2/dict_0006_0203" 7070
"/Engine/EngineMaterials/Substrate/Glints2/dict_0006_0204" 7071
"/Engine/EngineMaterials/Substrate/Glints2/dict_0006_0205" 7072
"/Engine/EngineMaterials/Substrate/Glints2/dict_0006_0206" 7073
"/Engine/EngineMaterials/Substrate/Glints2/dict_0006_0207" 7074
"/Engine/EngineMaterials/Substrate/Glints2/dict_0006_0208" 7075
"/Engine/EngineMaterials/Substrate/Glints2/dict_0006_0209" 7076
"/Engine/EngineMaterials/Substrate/Glints2/dict_0006_0210" 7077
"/Engine/EngineMaterials/Substrate/Glints2/dict_0006_0211" 7078
"../../../Engine/Content/EngineMaterials/Substrate/Glints2/dict_0006_0178.uasset" 7079
"../../../Engine/Content/EngineMaterials/Substrate/Glints2/dict_0006_0176.uasset" 7080
"../../../Engine/Content/EngineMaterials/Substrate/Glints2/dict_0006_0170.uasset" 7081
"../../../Engine/Content/EngineMaterials/Substrate/Glints2/dict_0006_0171.uasset" 7082
"../../../Engine/Content/EngineMaterials/Substrate/Glints2/dict_0006_0173.uasset" 7083
"../../../Engine/Content/EngineMaterials/Substrate/Glints2/dict_0006_0179.uasset" 7084
"../../../Engine/Content/EngineMaterials/Substrate/Glints2/dict_0006_0172.uasset" 7085
"/Engine/EngineMaterials/Substrate/Glints2/dict_0006_0180" 7086
"../../../Engine/Content/EngineMaterials/Substrate/Glints2/dict_0006_0175.uasset" 7087
"../../../Engine/Content/EngineMaterials/Substrate/Glints2/dict_0006_0177.uasset" 7088
"../../../Engine/Content/EngineMaterials/Substrate/Glints2/dict_0006_0174.uasset" 7089
"../../../Engine/Content/EngineMaterials/Substrate/Glints2/dict_0006_0168.uasset" 7090
"../../../Engine/Content/EngineMaterials/Substrate/Glints2/dict_0006_0167.uasset" 7091
"../../../Engine/Content/EngineMaterials/Substrate/Glints2/dict_0006_0165.uasset" 7092
"../../../Engine/Content/EngineMaterials/Substrate/Glints2/dict_0006_0169.uasset" 7093
"../../../Engine/Content/EngineMaterials/Substrate/Glints2/dict_0006_0166.uasset" 7094
"../../../Engine/Content/EngineMaterials/Substrate/Glints2/dict_0006_0164.uasset" 7095
"../../../Engine/Content/EngineMaterials/Substrate/Glints2/dict_0006_0163.uasset" 7096
"../../../Engine/Content/EngineMaterials/Substrate/Glints2/dict_0006_0162.uasset" 7097
"../../../Engine/Content/EngineMaterials/Substrate/Glints2/dict_0006_0161.uasset" 7098
"/Engine/EngineMaterials/Substrate/Glints2/dict_0006_0181" 7099
"../../../Engine/Content/EngineMaterials/Substrate/Glints2/dict_0006_0160.uasset" 7100
"/Engine/EngineMaterials/Substrate/Glints2/dict_0006_0182" 7101
"/Engine/EngineMaterials/Substrate/Glints2/dict_0006_0183" 7102
"/Engine/EngineMaterials/Substrate/Glints2/dict_0006_0184" 7103
"/Engine/EngineMaterials/Substrate/Glints2/dict_0006_0185" 7104
"/Engine/EngineMaterials/Substrate/Glints2/dict_0006_0186" 7105
"/Engine/EngineMaterials/Substrate/Glints2/dict_0006_0187" 7106
"/Engine/EngineMaterials/Substrate/Glints2/dict_0006_0188" 7107
"/Engine/EngineMaterials/Substrate/Glints2/dict_0006_0189" 7108
"/Engine/EngineMaterials/Substrate/Glints2/dict_0006_0190" 7109
"/Engine/EngineMaterials/Substrate/Glints2/dict_0006_0191" 7110
"../../../Engine/Content/EngineMaterials/Substrate/Glints2/dict_0006_0157.uasset" 7111
"/Engine/EngineMaterials/Substrate/Glints2/dict_0006_0160" 7112
"../../../Engine/Content/EngineMaterials/Substrate/Glints2/dict_0006_0159.uasset" 7113
"../../../Engine/Content/EngineMaterials/Substrate/Glints2/dict_0006_0156.uasset" 7114
"../../../Engine/Content/EngineMaterials/Substrate/Glints2/dict_0006_0152.uasset" 7115
"../../../Engine/Content/EngineMaterials/Substrate/Glints2/dict_0006_0154.uasset" 7116
"../../../Engine/Content/EngineMaterials/Substrate/Glints2/dict_0006_0155.uasset" 7117
"../../../Engine/Content/EngineMaterials/Substrate/Glints2/dict_0006_0151.uasset" 7118
"../../../Engine/Content/EngineMaterials/Substrate/Glints2/dict_0006_0158.uasset" 7119
"../../../Engine/Content/EngineMaterials/Substrate/Glints2/dict_0006_0150.uasset" 7120
"../../../Engine/Content/EngineMaterials/Substrate/Glints2/dict_0006_0153.uasset" 7121
"../../../Engine/Content/EngineMaterials/Substrate/Glints2/dict_0006_0148.uasset" 7122
"../../../Engine/Content/EngineMaterials/Substrate/Glints2/dict_0006_0149.uasset" 7123
"/Engine/EngineMaterials/Substrate/Glints2/dict_0006_0161" 7124
"/Engine/EngineMaterials/Substrate/Glints2/dict_0006_0162" 7125
"/Engine/EngineMaterials/Substrate/Glints2/dict_0006_0163" 7126
"/Engine/EngineMaterials/Substrate/Glints2/dict_0006_0164" 7127
"/Engine/EngineMaterials/Substrate/Glints2/dict_0006_0165" 7128
"/Engine/EngineMaterials/Substrate/Glints2/dict_0006_0166" 7129
"/Engine/EngineMaterials/Substrate/Glints2/dict_0006_0167" 7130
"/Engine/EngineMaterials/Substrate/Glints2/dict_0006_0168" 7131
"/Engine/EngineMaterials/Substrate/Glints2/dict_0006_0169" 7132
"/Engine/EngineMaterials/Substrate/Glints2/dict_0006_0170" 7133
"/Engine/EngineMaterials/Substrate/Glints2/dict_0006_0171" 7134
"/Engine/EngineMaterials/Substrate/Glints2/dict_0006_0172" 7135
"/Engine/EngineMaterials/Substrate/Glints2/dict_0006_0173" 7136
"/Engine/EngineMaterials/Substrate/Glints2/dict_0006_0174" 7137
"/Engine/EngineMaterials/Substrate/Glints2/dict_0006_0175" 7138
"/Engine/EngineMaterials/Substrate/Glints2/dict_0006_0176" 7139
"/Engine/EngineMaterials/Substrate/Glints2/dict_0006_0177" 7140
"/Engine/EngineMaterials/Substrate/Glints2/dict_0006_0178" 7141
"/Engine/EngineMaterials/Substrate/Glints2/dict_0006_0179" 7142
"../../../Engine/Content/EngineMaterials/Substrate/Glints2/dict_0006_0146.uasset" 7143
"../../../Engine/Content/EngineMaterials/Substrate/Glints2/dict_0006_0145.uasset" 7144
"../../../Engine/Content/EngineMaterials/Substrate/Glints2/dict_0006_0143.uasset" 7145
"../../../Engine/Content/EngineMaterials/Substrate/Glints2/dict_0006_0144.uasset" 7146
"../../../Engine/Content/EngineMaterials/Substrate/Glints2/dict_0006_0141.uasset" 7147
"../../../Engine/Content/EngineMaterials/Substrate/Glints2/dict_0006_0140.uasset" 7148
"../../../Engine/Content/EngineMaterials/Substrate/Glints2/dict_0006_0139.uasset" 7149
"../../../Engine/Content/EngineMaterials/Substrate/Glints2/dict_0006_0138.uasset" 7150
"/Engine/EngineMaterials/Substrate/Glints2/dict_0006_0148" 7151
"../../../Engine/Content/EngineMaterials/Substrate/Glints2/dict_0006_0142.uasset" 7152
"../../../Engine/Content/EngineMaterials/Substrate/Glints2/dict_0006_0147.uasset" 7153
"../../../Engine/Content/EngineMaterials/Substrate/Glints2/dict_0006_0136.uasset" 7154
"../../../Engine/Content/EngineMaterials/Substrate/Glints2/dict_0006_0137.uasset" 7155
"../../../Engine/Content/EngineMaterials/Substrate/Glints2/dict_0006_0134.uasset" 7156
"../../../Engine/Content/EngineMaterials/Substrate/Glints2/dict_0006_0135.uasset" 7157
"../../../Engine/Content/EngineMaterials/Substrate/Glints2/dict_0006_0133.uasset" 7158
"../../../Engine/Content/EngineMaterials/Substrate/Glints2/dict_0006_0132.uasset" 7159
"../../../Engine/Content/EngineMaterials/Substrate/Glints2/dict_0006_0131.uasset" 7160
"../../../Engine/Content/EngineMaterials/Substrate/Glints2/dict_0006_0130.uasset" 7161
"../../../Engine/Content/EngineMaterials/Substrate/Glints2/dict_0006_0129.uasset" 7162
"../../../Engine/Content/EngineMaterials/Substrate/Glints2/dict_0006_0128.uasset" 7163
"/Engine/EngineMaterials/Substrate/Glints2/dict_0006_0149" 7164
"/Engine/EngineMaterials/Substrate/Glints2/dict_0006_0150" 7165
"/Engine/EngineMaterials/Substrate/Glints2/dict_0006_0151" 7166
"/Engine/EngineMaterials/Substrate/Glints2/dict_0006_0152" 7167
"/Engine/EngineMaterials/Substrate/Glints2/dict_0006_0153" 7168
"/Engine/EngineMaterials/Substrate/Glints2/dict_0006_0154" 7169
"/Engine/EngineMaterials/Substrate/Glints2/dict_0006_0155" 7170
"/Engine/EngineMaterials/Substrate/Glints2/dict_0006_0156" 7171
"/Engine/EngineMaterials/Substrate/Glints2/dict_0006_0157" 7172
"/Engine/EngineMaterials/Substrate/Glints2/dict_0006_0158" 7173
"/Engine/EngineMaterials/Substrate/Glints2/dict_0006_0159" 7174
"../../../Engine/Content/EngineMaterials/Substrate/Glints2/dict_0006_0127.uasset" 7175
"../../../Engine/Content/EngineMaterials/Substrate/Glints2/dict_0006_0124.uasset" 7176
"../../../Engine/Content/EngineMaterials/Substrate/Glints2/dict_0006_0126.uasset" 7177
"../../../Engine/Content/EngineMaterials/Substrate/Glints2/dict_0006_0123.uasset" 7178
"../../../Engine/Content/EngineMaterials/Substrate/Glints2/dict_0006_0122.uasset" 7179
"../../../Engine/Content/EngineMaterials/Substrate/Glints2/dict_0006_0121.uasset" 7180
"../../../Engine/Content/EngineMaterials/Substrate/Glints2/dict_0006_0125.uasset" 7181
"../../../Engine/Content/EngineMaterials/Substrate/Glints2/dict_0006_0119.uasset" 7182
"../../../Engine/Content/EngineMaterials/Substrate/Glints2/dict_0006_0120.uasset" 7183
"/Engine/EngineMaterials/Substrate/Glints2/dict_0006_0128" 7184
"../../../Engine/Content/EngineMaterials/Substrate/Glints2/dict_0006_0118.uasset" 7185
"/Engine/EngineMaterials/Substrate/Glints2/dict_0006_0129" 7186
"/Engine/EngineMaterials/Substrate/Glints2/dict_0006_0130" 7187
"/Engine/EngineMaterials/Substrate/Glints2/dict_0006_0131" 7188
"/Engine/EngineMaterials/Substrate/Glints2/dict_0006_0132" 7189
"../../../Engine/Content/EngineMaterials/Substrate/Glints2/dict_0006_0117.uasset" 7190
"../../../Engine/Content/EngineMaterials/Substrate/Glints2/dict_0006_0116.uasset" 7191
"/Engine/EngineMaterials/Substrate/Glints2/dict_0006_0133" 7192
"/Engine/EngineMaterials/Substrate/Glints2/dict_0006_0134" 7193
"/Engine/EngineMaterials/Substrate/Glints2/dict_0006_0135" 7194
"/Engine/EngineMaterials/Substrate/Glints2/dict_0006_0136" 7195
"/Engine/EngineMaterials/Substrate/Glints2/dict_0006_0137" 7196
"/Engine/EngineMaterials/Substrate/Glints2/dict_0006_0138" 7197
"/Engine/EngineMaterials/Substrate/Glints2/dict_0006_0139" 7198
"/Engine/EngineMaterials/Substrate/Glints2/dict_0006_0140" 7199
"/Engine/EngineMaterials/Substrate/Glints2/dict_0006_0141" 7200
"/Engine/EngineMaterials/Substrate/Glints2/dict_0006_0142" 7201
"/Engine/EngineMaterials/Substrate/Glints2/dict_0006_0143" 7202
"/Engine/EngineMaterials/Substrate/Glints2/dict_0006_0144" 7203
"/Engine/EngineMaterials/Substrate/Glints2/dict_0006_0145" 7204
"/Engine/EngineMaterials/Substrate/Glints2/dict_0006_0146" 7205
"/Engine/EngineMaterials/Substrate/Glints2/dict_0006_0147" 7206
"../../../Engine/Content/EngineMaterials/Substrate/Glints2/dict_0006_0115.uasset" 7207
"../../../Engine/Content/EngineMaterials/Substrate/Glints2/dict_0006_0112.uasset" 7208
"../../../Engine/Content/EngineMaterials/Substrate/Glints2/dict_0006_0110.uasset" 7209
"../../../Engine/Content/EngineMaterials/Substrate/Glints2/dict_0006_0114.uasset" 7210
"../../../Engine/Content/EngineMaterials/Substrate/Glints2/dict_0006_0111.uasset" 7211
"../../../Engine/Content/EngineMaterials/Substrate/Glints2/dict_0006_0109.uasset" 7212
"/Engine/EngineMaterials/Substrate/Glints2/dict_0006_0118" 7213
"../../../Engine/Content/EngineMaterials/Substrate/Glints2/dict_0006_0113.uasset" 7214
"../../../Engine/Content/EngineMaterials/Substrate/Glints2/dict_0006_0108.uasset" 7215
"../../../Engine/Content/EngineMaterials/Substrate/Glints2/dict_0006_0105.uasset" 7216
"../../../Engine/Content/EngineMaterials/Substrate/Glints2/dict_0006_0103.uasset" 7217
"../../../Engine/Content/EngineMaterials/Substrate/Glints2/dict_0006_0104.uasset" 7218
"../../../Engine/Content/EngineMaterials/Substrate/Glints2/dict_0006_0107.uasset" 7219
"../../../Engine/Content/EngineMaterials/Substrate/Glints2/dict_0006_0106.uasset" 7220
"../../../Engine/Content/EngineMaterials/Substrate/Glints2/dict_0006_0102.uasset" 7221
"../../../Engine/Content/EngineMaterials/Substrate/Glints2/dict_0006_0101.uasset" 7222
"/Engine/EngineMaterials/Substrate/Glints2/dict_0006_0119" 7223
"../../../Engine/Content/EngineMaterials/Substrate/Glints2/dict_0006_0099.uasset" 7224
"../../../Engine/Content/EngineMaterials/Substrate/Glints2/dict_0006_0097.uasset" 7225
"../../../Engine/Content/EngineMaterials/Substrate/Glints2/dict_0006_0100.uasset" 7226
"../../../Engine/Content/EngineMaterials/Substrate/Glints2/dict_0006_0096.uasset" 7227
"../../../Engine/Content/EngineMaterials/Substrate/Glints2/dict_0006_0098.uasset" 7228
"/Engine/EngineMaterials/Substrate/Glints2/dict_0006_0120" 7229
"/Engine/EngineMaterials/Substrate/Glints2/dict_0006_0121" 7230
"/Engine/EngineMaterials/Substrate/Glints2/dict_0006_0122" 7231
"/Engine/EngineMaterials/Substrate/Glints2/dict_0006_0123" 7232
"/Engine/EngineMaterials/Substrate/Glints2/dict_0006_0124" 7233
"/Engine/EngineMaterials/Substrate/Glints2/dict_0006_0125" 7234
"/Engine/EngineMaterials/Substrate/Glints2/dict_0006_0126" 7235
"/Engine/EngineMaterials/Substrate/Glints2/dict_0006_0127" 7236
"../../../Engine/Content/EngineMaterials/Substrate/Glints2/dict_0006_0093.uasset" 7237
"../../../Engine/Content/EngineMaterials/Substrate/Glints2/dict_0006_0094.uasset" 7238
"/Engine/EngineMaterials/Substrate/Glints2/dict_0006_0096" 7239
"../../../Engine/Content/EngineMaterials/Substrate/Glints2/dict_0006_0089.uasset" 7240
"../../../Engine/Content/EngineMaterials/Substrate/Glints2/dict_0006_0091.uasset" 7241
"../../../Engine/Content/EngineMaterials/Substrate/Glints2/dict_0006_0086.uasset" 7242
"../../../Engine/Content/EngineMaterials/Substrate/Glints2/dict_0006_0095.uasset" 7243
"../../../Engine/Content/EngineMaterials/Substrate/Glints2/dict_0006_0087.uasset" 7244
"../../../Engine/Content/EngineMaterials/Substrate/Glints2/dict_0006_0092.uasset" 7245
"../../../Engine/Content/EngineMaterials/Substrate/Glints2/dict_0006_0088.uasset" 7246
"../../../Engine/Content/EngineMaterials/Substrate/Glints2/dict_0006_0090.uasset" 7247
"/Engine/EngineMaterials/Substrate/Glints2/dict_0006_0097" 7248
"/Engine/EngineMaterials/Substrate/Glints2/dict_0006_0098" 7249
"/Engine/EngineMaterials/Substrate/Glints2/dict_0006_0099" 7250
"/Engine/EngineMaterials/Substrate/Glints2/dict_0006_0100" 7251
"/Engine/EngineMaterials/Substrate/Glints2/dict_0006_0101" 7252
"/Engine/EngineMaterials/Substrate/Glints2/dict_0006_0102" 7253
"/Engine/EngineMaterials/Substrate/Glints2/dict_0006_0103" 7254
"/Engine/EngineMaterials/Substrate/Glints2/dict_0006_0104" 7255
"/Engine/EngineMaterials/Substrate/Glints2/dict_0006_0105" 7256
"/Engine/EngineMaterials/Substrate/Glints2/dict_0006_0106" 7257
"/Engine/EngineMaterials/Substrate/Glints2/dict_0006_0107" 7258
"/Engine/EngineMaterials/Substrate/Glints2/dict_0006_0108" 7259
"/Engine/EngineMaterials/Substrate/Glints2/dict_0006_0109" 7260
"/Engine/EngineMaterials/Substrate/Glints2/dict_0006_0110" 7261
"/Engine/EngineMaterials/Substrate/Glints2/dict_0006_0111" 7262
"/Engine/EngineMaterials/Substrate/Glints2/dict_0006_0112" 7263
"/Engine/EngineMaterials/Substrate/Glints2/dict_0006_0116" 7264
"/Engine/EngineMaterials/Substrate/Glints2/dict_0006_0117" 7265
"/Engine/EngineMaterials/Substrate/Glints2/dict_0006_0113" 7266
"/Engine/EngineMaterials/Substrate/Glints2/dict_0006_0114" 7267
"/Engine/EngineMaterials/Substrate/Glints2/dict_0006_0115" 7268
"../../../Engine/Content/EngineMaterials/Substrate/Glints2/dict_0006_0084.uasset" 7269
"/Engine/EngineMaterials/Substrate/Glints2/dict_0006_0086" 7270
"../../../Engine/Content/EngineMaterials/Substrate/Glints2/dict_0006_0081.uasset" 7271
"../../../Engine/Content/EngineMaterials/Substrate/Glints2/dict_0006_0080.uasset" 7272
"../../../Engine/Content/EngineMaterials/Substrate/Glints2/dict_0006_0085.uasset" 7273
"../../../Engine/Content/EngineMaterials/Substrate/Glints2/dict_0006_0079.uasset" 7274
"../../../Engine/Content/EngineMaterials/Substrate/Glints2/dict_0006_0082.uasset" 7275
"../../../Engine/Content/EngineMaterials/Substrate/Glints2/dict_0006_0076.uasset" 7276
"../../../Engine/Content/EngineMaterials/Substrate/Glints2/dict_0006_0083.uasset" 7277
"../../../Engine/Content/EngineMaterials/Substrate/Glints2/dict_0006_0077.uasset" 7278
"../../../Engine/Content/EngineMaterials/Substrate/Glints2/dict_0006_0078.uasset" 7279
"/Engine/EngineMaterials/Substrate/Glints2/dict_0006_0087" 7280
"/Engine/EngineMaterials/Substrate/Glints2/dict_0006_0088" 7281
"../../../Engine/Content/EngineMaterials/Substrate/Glints2/dict_0006_0075.uasset" 7282
"/Engine/EngineMaterials/Substrate/Glints2/dict_0006_0089" 7283
"../../../Engine/Content/EngineMaterials/Substrate/Glints2/dict_0006_0074.uasset" 7284
"../../../Engine/Content/EngineMaterials/Substrate/Glints2/dict_0006_0072.uasset" 7285
"../../../Engine/Content/EngineMaterials/Substrate/Glints2/dict_0006_0073.uasset" 7286
"../../../Engine/Content/EngineMaterials/Substrate/Glints2/dict_0006_0071.uasset" 7287
"/Engine/EngineMaterials/Substrate/Glints2/dict_0006_0090" 7288
"../../../Engine/Content/EngineMaterials/Substrate/Glints2/dict_0006_0070.uasset" 7289
"/Engine/EngineMaterials/Substrate/Glints2/dict_0006_0091" 7290
"../../../Engine/Content/EngineMaterials/Substrate/Glints2/dict_0006_0068.uasset" 7291
"../../../Engine/Content/EngineMaterials/Substrate/Glints2/dict_0006_0069.uasset" 7292
"../../../Engine/Content/EngineMaterials/Substrate/Glints2/dict_0006_0067.uasset" 7293
"../../../Engine/Content/EngineMaterials/Substrate/Glints2/dict_0006_0066.uasset" 7294
"/Engine/EngineMaterials/Substrate/Glints2/dict_0006_0092" 7295
"/Engine/EngineMaterials/Substrate/Glints2/dict_0006_0093" 7296
"/Engine/EngineMaterials/Substrate/Glints2/dict_0006_0094" 7297
"/Engine/EngineMaterials/Substrate/Glints2/dict_0006_0095" 7298
"/Engine/EngineMaterials/Substrate/Glints2/dict_0006_0076" 7299
"/Engine/EngineMaterials/Substrate/Glints2/dict_0006_0077" 7300
"/Engine/EngineMaterials/Substrate/Glints2/dict_0006_0078" 7301
"/Engine/EngineMaterials/Substrate/Glints2/dict_0006_0079" 7302
"/Engine/EngineMaterials/Substrate/Glints2/dict_0006_0080" 7303
"/Engine/EngineMaterials/Substrate/Glints2/dict_0006_0081" 7304
"/Engine/EngineMaterials/Substrate/Glints2/dict_0006_0082" 7305
"/Engine/EngineMaterials/Substrate/Glints2/dict_0006_0083" 7306
"/Engine/EngineMaterials/Substrate/Glints2/dict_0006_0084" 7307
"/Engine/EngineMaterials/Substrate/Glints2/dict_0006_0085" 7308
"../../../Engine/Content/EngineMaterials/Substrate/Glints2/dict_0006_0065.uasset" 7309
"../../../Engine/Content/EngineMaterials/Substrate/Glints2/dict_0006_0064.uasset" 7310
"../../../Engine/Content/EngineMaterials/Substrate/Glints2/dict_0006_0062.uasset" 7311
"../../../Engine/Content/EngineMaterials/Substrate/Glints2/dict_0006_0063.uasset" 7312
"../../../Engine/Content/EngineMaterials/Substrate/Glints2/dict_0006_0061.uasset" 7313
"../../../Engine/Content/EngineMaterials/Substrate/Glints2/dict_0006_0057.uasset" 7314
"../../../Engine/Content/EngineMaterials/Substrate/Glints2/dict_0006_0058.uasset" 7315
"../../../Engine/Content/EngineMaterials/Substrate/Glints2/dict_0006_0060.uasset" 7316
"../../../Engine/Content/EngineMaterials/Substrate/Glints2/dict_0006_0059.uasset" 7317
"../../../Engine/Content/EngineMaterials/Substrate/Glints2/dict_0006_0054.uasset" 7318
"../../../Engine/Content/EngineMaterials/Substrate/Glints2/dict_0006_0056.uasset" 7319
"../../../Engine/Content/EngineMaterials/Substrate/Glints2/dict_0006_0055.uasset" 7320
"../../../Engine/Content/EngineMaterials/Substrate/Glints2/dict_0006_0053.uasset" 7321
"../../../Engine/Content/EngineMaterials/Substrate/Glints2/dict_0006_0051.uasset" 7322
"../../../Engine/Content/EngineMaterials/Substrate/Glints2/dict_0006_0052.uasset" 7323
"../../../Engine/Content/EngineMaterials/Substrate/Glints2/dict_0006_0048.uasset" 7324
"../../../Engine/Content/EngineMaterials/Substrate/Glints2/dict_0006_0045.uasset" 7325
"../../../Engine/Content/EngineMaterials/Substrate/Glints2/dict_0006_0050.uasset" 7326
"../../../Engine/Content/EngineMaterials/Substrate/Glints2/dict_0006_0046.uasset" 7327
"../../../Engine/Content/EngineMaterials/Substrate/Glints2/dict_0006_0049.uasset" 7328
"../../../Engine/Content/EngineMaterials/Substrate/Glints2/dict_0006_0047.uasset" 7329
"../../../Engine/Content/EngineMaterials/Substrate/Glints2/dict_0006_0044.uasset" 7330
"/Engine/EngineMaterials/Substrate/Glints2/dict_0006_0064" 7331
"/Engine/EngineMaterials/Substrate/Glints2/dict_0006_0065" 7332
"/Engine/EngineMaterials/Substrate/Glints2/dict_0006_0066" 7333
"/Engine/EngineMaterials/Substrate/Glints2/dict_0006_0067" 7334
"/Engine/EngineMaterials/Substrate/Glints2/dict_0006_0068" 7335
"/Engine/EngineMaterials/Substrate/Glints2/dict_0006_0069" 7336
"/Engine/EngineMaterials/Substrate/Glints2/dict_0006_0070" 7337
"/Engine/EngineMaterials/Substrate/Glints2/dict_0006_0071" 7338
"/Engine/EngineMaterials/Substrate/Glints2/dict_0006_0072" 7339
"/Engine/EngineMaterials/Substrate/Glints2/dict_0006_0073" 7340
"/Engine/EngineMaterials/Substrate/Glints2/dict_0006_0074" 7341
"/Engine/EngineMaterials/Substrate/Glints2/dict_0006_0075" 7342
"/Engine/EngineMaterials/Substrate/Glints2/dict_0006_0044" 7343
"/Engine/EngineMaterials/Substrate/Glints2/dict_0006_0045" 7344
"/Engine/EngineMaterials/Substrate/Glints2/dict_0006_0046" 7345
"/Engine/EngineMaterials/Substrate/Glints2/dict_0006_0047" 7346
"/Engine/EngineMaterials/Substrate/Glints2/dict_0006_0048" 7347
"/Engine/EngineMaterials/Substrate/Glints2/dict_0006_0049" 7348
"/Engine/EngineMaterials/Substrate/Glints2/dict_0006_0050" 7349
"/Engine/EngineMaterials/Substrate/Glints2/dict_0006_0054" 7350
"/Engine/EngineMaterials/Substrate/Glints2/dict_0006_0055" 7351
"/Engine/EngineMaterials/Substrate/Glints2/dict_0006_0056" 7352
"/Engine/EngineMaterials/Substrate/Glints2/dict_0006_0057" 7353
"/Engine/EngineMaterials/Substrate/Glints2/dict_0006_0058" 7354
"/Engine/EngineMaterials/Substrate/Glints2/dict_0006_0059" 7355
"/Engine/EngineMaterials/Substrate/Glints2/dict_0006_0060" 7356
"/Engine/EngineMaterials/Substrate/Glints2/dict_0006_0061" 7357
"/Engine/EngineMaterials/Substrate/Glints2/dict_0006_0062" 7358
"/Engine/EngineMaterials/Substrate/Glints2/dict_0006_0051" 7359
"/Engine/EngineMaterials/Substrate/Glints2/dict_0006_0052" 7360
"/Engine/EngineMaterials/Substrate/Glints2/dict_0006_0053" 7361
"/Engine/EngineMaterials/Substrate/Glints2/dict_0006_0063" 7362
"../../../Engine/Content/EngineMaterials/Substrate/Glints2/dict_0006_0043.uasset" 7363
"../../../Engine/Content/EngineMaterials/Substrate/Glints2/dict_0006_0042.uasset" 7364
"../../../Engine/Content/EngineMaterials/Substrate/Glints2/dict_0006_0040.uasset" 7365
"../../../Engine/Content/EngineMaterials/Substrate/Glints2/dict_0006_0041.uasset" 7366
"../../../Engine/Content/EngineMaterials/Substrate/Glints2/dict_0006_0039.uasset" 7367
"../../../Engine/Content/EngineMaterials/Substrate/Glints2/dict_0006_0038.uasset" 7368
"../../../Engine/Content/EngineMaterials/Substrate/Glints2/dict_0006_0037.uasset" 7369
"../../../Engine/Content/EngineMaterials/Substrate/Glints2/dict_0006_0036.uasset" 7370
"../../../Engine/Content/EngineMaterials/Substrate/Glints2/dict_0006_0035.uasset" 7371
"../../../Engine/Content/EngineMaterials/Substrate/Glints2/dict_0006_0034.uasset" 7372
"../../../Engine/Content/EngineMaterials/Substrate/Glints2/dict_0006_0033.uasset" 7373
"../../../Engine/Content/EngineMaterials/Substrate/Glints2/dict_0006_0032.uasset" 7374
"../../../Engine/Content/EngineMaterials/Substrate/Glints2/dict_0006_0031.uasset" 7375
"../../../Engine/Content/EngineMaterials/Substrate/Glints2/dict_0006_0030.uasset" 7376
"../../../Engine/Content/EngineMaterials/Substrate/Glints2/dict_0006_0029.uasset" 7377
"../../../Engine/Content/EngineMaterials/Substrate/Glints2/dict_0006_0028.uasset" 7378
"../../../Engine/Content/EngineMaterials/Substrate/Glints2/dict_0006_0027.uasset" 7379
"../../../Engine/Content/EngineMaterials/Substrate/Glints2/dict_0006_0026.uasset" 7380
"../../../Engine/Content/EngineMaterials/Substrate/Glints2/dict_0006_0025.uasset" 7381
"../../../Engine/Content/EngineMaterials/Substrate/Glints2/dict_0006_0024.uasset" 7382
"../../../Engine/Content/EngineMaterials/Substrate/Glints2/dict_0006_0023.uasset" 7383
"../../../Engine/Content/EngineMaterials/Substrate/Glints2/dict_0006_0022.uasset" 7384
"../../../Engine/Content/EngineMaterials/Substrate/Glints2/dict_0006_0021.uasset" 7385
"../../../Engine/Content/EngineMaterials/Substrate/Glints2/dict_0006_0020.uasset" 7386
"../../../Engine/Content/EngineMaterials/Substrate/Glints2/dict_0006_0019.uasset" 7387
"../../../Engine/Content/EngineMaterials/Substrate/Glints2/dict_0006_0018.uasset" 7388
"../../../Engine/Content/EngineMaterials/Substrate/Glints2/dict_0006_0017.uasset" 7389
"../../../Engine/Content/EngineMaterials/Substrate/Glints2/dict_0006_0016.uasset" 7390
"../../../Engine/Content/EngineMaterials/Substrate/Glints2/dict_0006_0015.uasset" 7391
"../../../Engine/Content/EngineMaterials/Substrate/Glints2/dict_0006_0014.uasset" 7392
"../../../Engine/Content/EngineMaterials/Substrate/Glints2/dict_0006_0013.uasset" 7393
"../../../Engine/Content/EngineMaterials/Substrate/Glints2/dict_0006_0012.uasset" 7394
"/Engine/EngineMaterials/Substrate/Glints2/dict_0006_0012" 7395
"/Engine/EngineMaterials/Substrate/Glints2/dict_0006_0013" 7396
"/Engine/EngineMaterials/Substrate/Glints2/dict_0006_0014" 7397
"/Engine/EngineMaterials/Substrate/Glints2/dict_0006_0015" 7398
"/Engine/EngineMaterials/Substrate/Glints2/dict_0006_0016" 7399
"/Engine/EngineMaterials/Substrate/Glints2/dict_0006_0017" 7400
"/Engine/EngineMaterials/Substrate/Glints2/dict_0006_0018" 7401
"/Engine/EngineMaterials/Substrate/Glints2/dict_0006_0019" 7402
"/Engine/EngineMaterials/Substrate/Glints2/dict_0006_0020" 7403
"/Engine/EngineMaterials/Substrate/Glints2/dict_0006_0021" 7404
"/Engine/EngineMaterials/Substrate/Glints2/dict_0006_0022" 7405
"/Engine/EngineMaterials/Substrate/Glints2/dict_0006_0023" 7406
"/Engine/EngineMaterials/Substrate/Glints2/dict_0006_0024" 7407
"/Engine/EngineMaterials/Substrate/Glints2/dict_0006_0025" 7408
"/Engine/EngineMaterials/Substrate/Glints2/dict_0006_0026" 7409
"/Engine/EngineMaterials/Substrate/Glints2/dict_0006_0027" 7410
"/Engine/EngineMaterials/Substrate/Glints2/dict_0006_0028" 7411
"/Engine/EngineMaterials/Substrate/Glints2/dict_0006_0029" 7412
"/Engine/EngineMaterials/Substrate/Glints2/dict_0006_0030" 7413
"/Engine/EngineMaterials/Substrate/Glints2/dict_0006_0031" 7414
"/Engine/EngineMaterials/Substrate/Glints2/dict_0006_0032" 7415
"/Engine/EngineMaterials/Substrate/Glints2/dict_0006_0033" 7416
"/Engine/EngineMaterials/Substrate/Glints2/dict_0006_0034" 7417
"/Engine/EngineMaterials/Substrate/Glints2/dict_0006_0035" 7418
"/Engine/EngineMaterials/Substrate/Glints2/dict_0006_0036" 7419
"/Engine/EngineMaterials/Substrate/Glints2/dict_0006_0037" 7420
"/Engine/EngineMaterials/Substrate/Glints2/dict_0006_0038" 7421
"/Engine/EngineMaterials/Substrate/Glints2/dict_0006_0039" 7422
"/Engine/EngineMaterials/Substrate/Glints2/dict_0006_0040" 7423
"/Engine/EngineMaterials/Substrate/Glints2/dict_0006_0041" 7424
"/Engine/EngineMaterials/Substrate/Glints2/dict_0006_0042" 7425
"/Engine/EngineMaterials/Substrate/Glints2/dict_0006_0043" 7426
"../../../Engine/Content/EngineMaterials/Substrate/Glints2/dict_0006_0011.uasset" 7427
"../../../Engine/Content/EngineMaterials/Substrate/Glints2/dict_0006_0010.uasset" 7428
"../../../Engine/Content/EngineMaterials/Substrate/Glints2/dict_0006_0009.uasset" 7429
"../../../Engine/Content/EngineMaterials/Substrate/Glints2/dict_0006_0008.uasset" 7430
"../../../Engine/Content/EngineMaterials/Substrate/Glints2/dict_0006_0007.uasset" 7431
"../../../Engine/Content/EngineMaterials/Substrate/Glints2/dict_0006_0006.uasset" 7432
"../../../Engine/Content/EngineMaterials/Substrate/Glints2/dict_0006_0005.uasset" 7433
"../../../Engine/Content/EngineMaterials/Substrate/Glints2/dict_0006_0004.uasset" 7434
"../../../Engine/Content/EngineMaterials/Substrate/Glints2/dict_0006_0003.uasset" 7435
"../../../Engine/Content/EngineMaterials/Substrate/Glints2/dict_0006_0002.uasset" 7436
"../../../Engine/Content/EngineMaterials/Substrate/Glints2/dict_0006_0001.uasset" 7437
"../../../Engine/Content/EngineMaterials/Substrate/Glints2/dict_0006_0000.uasset" 7438
"../../../Engine/Content/EngineMaterials/Substrate/Glints2/dict_0005_0255.uasset" 7439
"../../../Engine/Content/EngineMaterials/Substrate/Glints2/dict_0005_0254.uasset" 7440
"../../../Engine/Content/EngineMaterials/Substrate/Glints2/dict_0005_0253.uasset" 7441
"../../../Engine/Content/EngineMaterials/Substrate/Glints2/dict_0005_0252.uasset" 7442
"../../../Engine/Content/EngineMaterials/Substrate/Glints2/dict_0005_0251.uasset" 7443
"../../../Engine/Content/EngineMaterials/Substrate/Glints2/dict_0005_0250.uasset" 7444
"../../../Engine/Content/EngineMaterials/Substrate/Glints2/dict_0005_0249.uasset" 7445
"../../../Engine/Content/EngineMaterials/Substrate/Glints2/dict_0005_0248.uasset" 7446
"../../../Engine/Content/EngineMaterials/Substrate/Glints2/dict_0005_0247.uasset" 7447
"../../../Engine/Content/EngineMaterials/Substrate/Glints2/dict_0005_0246.uasset" 7448
"../../../Engine/Content/EngineMaterials/Substrate/Glints2/dict_0005_0245.uasset" 7449
"../../../Engine/Content/EngineMaterials/Substrate/Glints2/dict_0005_0244.uasset" 7450
"../../../Engine/Content/EngineMaterials/Substrate/Glints2/dict_0005_0243.uasset" 7451
"../../../Engine/Content/EngineMaterials/Substrate/Glints2/dict_0005_0242.uasset" 7452
"../../../Engine/Content/EngineMaterials/Substrate/Glints2/dict_0005_0241.uasset" 7453
"../../../Engine/Content/EngineMaterials/Substrate/Glints2/dict_0005_0240.uasset" 7454
"../../../Engine/Content/EngineMaterials/Substrate/Glints2/dict_0005_0239.uasset" 7455
"../../../Engine/Content/EngineMaterials/Substrate/Glints2/dict_0005_0238.uasset" 7456
"../../../Engine/Content/EngineMaterials/Substrate/Glints2/dict_0005_0237.uasset" 7457
"../../../Engine/Content/EngineMaterials/Substrate/Glints2/dict_0005_0236.uasset" 7458
"/Engine/EngineMaterials/Substrate/Glints2/dict_0005_0236" 7459
"/Engine/EngineMaterials/Substrate/Glints2/dict_0005_0237" 7460
"/Engine/EngineMaterials/Substrate/Glints2/dict_0005_0238" 7461
"/Engine/EngineMaterials/Substrate/Glints2/dict_0005_0239" 7462
"/Engine/EngineMaterials/Substrate/Glints2/dict_0005_0240" 7463
"/Engine/EngineMaterials/Substrate/Glints2/dict_0005_0241" 7464
"/Engine/EngineMaterials/Substrate/Glints2/dict_0005_0242" 7465
"/Engine/EngineMaterials/Substrate/Glints2/dict_0005_0243" 7466
"/Engine/EngineMaterials/Substrate/Glints2/dict_0005_0244" 7467
"/Engine/EngineMaterials/Substrate/Glints2/dict_0005_0245" 7468
"/Engine/EngineMaterials/Substrate/Glints2/dict_0005_0246" 7469
"/Engine/EngineMaterials/Substrate/Glints2/dict_0005_0247" 7470
"/Engine/EngineMaterials/Substrate/Glints2/dict_0005_0248" 7471
"/Engine/EngineMaterials/Substrate/Glints2/dict_0005_0249" 7472
"/Engine/EngineMaterials/Substrate/Glints2/dict_0005_0250" 7473
"/Engine/EngineMaterials/Substrate/Glints2/dict_0005_0251" 7474
"/Engine/EngineMaterials/Substrate/Glints2/dict_0005_0252" 7475
"/Engine/EngineMaterials/Substrate/Glints2/dict_0005_0253" 7476
"/Engine/EngineMaterials/Substrate/Glints2/dict_0005_0254" 7477
"/Engine/EngineMaterials/Substrate/Glints2/dict_0005_0255" 7478
"/Engine/EngineMaterials/Substrate/Glints2/dict_0006_0000" 7479
"/Engine/EngineMaterials/Substrate/Glints2/dict_0006_0001" 7480
"/Engine/EngineMaterials/Substrate/Glints2/dict_0006_0002" 7481
"/Engine/EngineMaterials/Substrate/Glints2/dict_0006_0003" 7482
"/Engine/EngineMaterials/Substrate/Glints2/dict_0006_0004" 7483
"/Engine/EngineMaterials/Substrate/Glints2/dict_0006_0005" 7484
"/Engine/EngineMaterials/Substrate/Glints2/dict_0006_0006" 7485
"/Engine/EngineMaterials/Substrate/Glints2/dict_0006_0007" 7486
"/Engine/EngineMaterials/Substrate/Glints2/dict_0006_0008" 7487
"/Engine/EngineMaterials/Substrate/Glints2/dict_0006_0009" 7488
"/Engine/EngineMaterials/Substrate/Glints2/dict_0006_0010" 7489
"/Engine/EngineMaterials/Substrate/Glints2/dict_0006_0011" 7490
"../../../Engine/Content/EngineMaterials/Substrate/Glints2/dict_0005_0234.uasset" 7491
"../../../Engine/Content/EngineMaterials/Substrate/Glints2/dict_0005_0235.uasset" 7492
"../../../Engine/Content/EngineMaterials/Substrate/Glints2/dict_0005_0233.uasset" 7493
"../../../Engine/Content/EngineMaterials/Substrate/Glints2/dict_0005_0232.uasset" 7494
"../../../Engine/Content/EngineMaterials/Substrate/Glints2/dict_0005_0231.uasset" 7495
"../../../Engine/Content/EngineMaterials/Substrate/Glints2/dict_0005_0230.uasset" 7496
"../../../Engine/Content/EngineMaterials/Substrate/Glints2/dict_0005_0229.uasset" 7497
"../../../Engine/Content/EngineMaterials/Substrate/Glints2/dict_0005_0228.uasset" 7498
"../../../Engine/Content/EngineMaterials/Substrate/Glints2/dict_0005_0227.uasset" 7499
"../../../Engine/Content/EngineMaterials/Substrate/Glints2/dict_0005_0226.uasset" 7500
"../../../Engine/Content/EngineMaterials/Substrate/Glints2/dict_0005_0225.uasset" 7501
"../../../Engine/Content/EngineMaterials/Substrate/Glints2/dict_0005_0224.uasset" 7502
"../../../Engine/Content/EngineMaterials/Substrate/Glints2/dict_0005_0223.uasset" 7503
"../../../Engine/Content/EngineMaterials/Substrate/Glints2/dict_0005_0222.uasset" 7504
"../../../Engine/Content/EngineMaterials/Substrate/Glints2/dict_0005_0221.uasset" 7505
"../../../Engine/Content/EngineMaterials/Substrate/Glints2/dict_0005_0218.uasset" 7506
"../../../Engine/Content/EngineMaterials/Substrate/Glints2/dict_0005_0220.uasset" 7507
"../../../Engine/Content/EngineMaterials/Substrate/Glints2/dict_0005_0217.uasset" 7508
"../../../Engine/Content/EngineMaterials/Substrate/Glints2/dict_0005_0219.uasset" 7509
"../../../Engine/Content/EngineMaterials/Substrate/Glints2/dict_0005_0215.uasset" 7510
"../../../Engine/Content/EngineMaterials/Substrate/Glints2/dict_0005_0216.uasset" 7511
"../../../Engine/Content/EngineMaterials/Substrate/Glints2/dict_0005_0214.uasset" 7512
"../../../Engine/Content/EngineMaterials/Substrate/Glints2/dict_0005_0213.uasset" 7513
"../../../Engine/Content/EngineMaterials/Substrate/Glints2/dict_0005_0212.uasset" 7514
"../../../Engine/Content/EngineMaterials/Substrate/Glints2/dict_0005_0211.uasset" 7515
"../../../Engine/Content/EngineMaterials/Substrate/Glints2/dict_0005_0210.uasset" 7516
"../../../Engine/Content/EngineMaterials/Substrate/Glints2/dict_0005_0209.uasset" 7517
"../../../Engine/Content/EngineMaterials/Substrate/Glints2/dict_0005_0208.uasset" 7518
"../../../Engine/Content/EngineMaterials/Substrate/Glints2/dict_0005_0207.uasset" 7519
"../../../Engine/Content/EngineMaterials/Substrate/Glints2/dict_0005_0206.uasset" 7520
"../../../Engine/Content/EngineMaterials/Substrate/Glints2/dict_0005_0205.uasset" 7521
"../../../Engine/Content/EngineMaterials/Substrate/Glints2/dict_0005_0204.uasset" 7522
"/Engine/EngineMaterials/Substrate/Glints2/dict_0005_0204" 7523
"/Engine/EngineMaterials/Substrate/Glints2/dict_0005_0205" 7524
"/Engine/EngineMaterials/Substrate/Glints2/dict_0005_0206" 7525
"/Engine/EngineMaterials/Substrate/Glints2/dict_0005_0207" 7526
"/Engine/EngineMaterials/Substrate/Glints2/dict_0005_0208" 7527
"/Engine/EngineMaterials/Substrate/Glints2/dict_0005_0209" 7528
"/Engine/EngineMaterials/Substrate/Glints2/dict_0005_0210" 7529
"/Engine/EngineMaterials/Substrate/Glints2/dict_0005_0211" 7530
"/Engine/EngineMaterials/Substrate/Glints2/dict_0005_0212" 7531
"/Engine/EngineMaterials/Substrate/Glints2/dict_0005_0213" 7532
"/Engine/EngineMaterials/Substrate/Glints2/dict_0005_0214" 7533
"/Engine/EngineMaterials/Substrate/Glints2/dict_0005_0215" 7534
"/Engine/EngineMaterials/Substrate/Glints2/dict_0005_0216" 7535
"/Engine/EngineMaterials/Substrate/Glints2/dict_0005_0217" 7536
"/Engine/EngineMaterials/Substrate/Glints2/dict_0005_0218" 7537
"/Engine/EngineMaterials/Substrate/Glints2/dict_0005_0219" 7538
"/Engine/EngineMaterials/Substrate/Glints2/dict_0005_0220" 7539
"/Engine/EngineMaterials/Substrate/Glints2/dict_0005_0221" 7540
"/Engine/EngineMaterials/Substrate/Glints2/dict_0005_0222" 7541
"/Engine/EngineMaterials/Substrate/Glints2/dict_0005_0223" 7542
"/Engine/EngineMaterials/Substrate/Glints2/dict_0005_0224" 7543
"/Engine/EngineMaterials/Substrate/Glints2/dict_0005_0225" 7544
"/Engine/EngineMaterials/Substrate/Glints2/dict_0005_0226" 7545
"/Engine/EngineMaterials/Substrate/Glints2/dict_0005_0227" 7546
"/Engine/EngineMaterials/Substrate/Glints2/dict_0005_0228" 7547
"/Engine/EngineMaterials/Substrate/Glints2/dict_0005_0229" 7548
"/Engine/EngineMaterials/Substrate/Glints2/dict_0005_0230" 7549
"/Engine/EngineMaterials/Substrate/Glints2/dict_0005_0231" 7550
"/Engine/EngineMaterials/Substrate/Glints2/dict_0005_0232" 7551
"/Engine/EngineMaterials/Substrate/Glints2/dict_0005_0233" 7552
"/Engine/EngineMaterials/Substrate/Glints2/dict_0005_0234" 7553
"/Engine/EngineMaterials/Substrate/Glints2/dict_0005_0235" 7554
"../../../Engine/Content/EngineMaterials/Substrate/Glints2/dict_0005_0203.uasset" 7555
"../../../Engine/Content/EngineMaterials/Substrate/Glints2/dict_0005_0202.uasset" 7556
"../../../Engine/Content/EngineMaterials/Substrate/Glints2/dict_0005_0201.uasset" 7557
"../../../Engine/Content/EngineMaterials/Substrate/Glints2/dict_0005_0200.uasset" 7558
"../../../Engine/Content/EngineMaterials/Substrate/Glints2/dict_0005_0199.uasset" 7559
"../../../Engine/Content/EngineMaterials/Substrate/Glints2/dict_0005_0198.uasset" 7560
"../../../Engine/Content/EngineMaterials/Substrate/Glints2/dict_0005_0197.uasset" 7561
"../../../Engine/Content/EngineMaterials/Substrate/Glints2/dict_0005_0196.uasset" 7562
"../../../Engine/Content/EngineMaterials/Substrate/Glints2/dict_0005_0195.uasset" 7563
"../../../Engine/Content/EngineMaterials/Substrate/Glints2/dict_0005_0194.uasset" 7564
"../../../Engine/Content/EngineMaterials/Substrate/Glints2/dict_0005_0193.uasset" 7565
"../../../Engine/Content/EngineMaterials/Substrate/Glints2/dict_0005_0192.uasset" 7566
"../../../Engine/Content/EngineMaterials/Substrate/Glints2/dict_0005_0191.uasset" 7567
"../../../Engine/Content/EngineMaterials/Substrate/Glints2/dict_0005_0190.uasset" 7568
"../../../Engine/Content/EngineMaterials/Substrate/Glints2/dict_0005_0188.uasset" 7569
"../../../Engine/Content/EngineMaterials/Substrate/Glints2/dict_0005_0189.uasset" 7570
"../../../Engine/Content/EngineMaterials/Substrate/Glints2/dict_0005_0187.uasset" 7571
"../../../Engine/Content/EngineMaterials/Substrate/Glints2/dict_0005_0185.uasset" 7572
"../../../Engine/Content/EngineMaterials/Substrate/Glints2/dict_0005_0186.uasset" 7573
"../../../Engine/Content/EngineMaterials/Substrate/Glints2/dict_0005_0184.uasset" 7574
"../../../Engine/Content/EngineMaterials/Substrate/Glints2/dict_0005_0183.uasset" 7575
"../../../Engine/Content/EngineMaterials/Substrate/Glints2/dict_0005_0181.uasset" 7576
"../../../Engine/Content/EngineMaterials/Substrate/Glints2/dict_0005_0182.uasset" 7577
"../../../Engine/Content/EngineMaterials/Substrate/Glints2/dict_0005_0180.uasset" 7578
"../../../Engine/Content/EngineMaterials/Substrate/Glints2/dict_0005_0179.uasset" 7579
"../../../Engine/Content/EngineMaterials/Substrate/Glints2/dict_0005_0178.uasset" 7580
"../../../Engine/Content/EngineMaterials/Substrate/Glints2/dict_0005_0177.uasset" 7581
"../../../Engine/Content/EngineMaterials/Substrate/Glints2/dict_0005_0176.uasset" 7582
"../../../Engine/Content/EngineMaterials/Substrate/Glints2/dict_0005_0175.uasset" 7583
"../../../Engine/Content/EngineMaterials/Substrate/Glints2/dict_0005_0174.uasset" 7584
"../../../Engine/Content/EngineMaterials/Substrate/Glints2/dict_0005_0173.uasset" 7585
"../../../Engine/Content/EngineMaterials/Substrate/Glints2/dict_0005_0172.uasset" 7586
"/Engine/EngineMaterials/Substrate/Glints2/dict_0005_0172" 7587
"/Engine/EngineMaterials/Substrate/Glints2/dict_0005_0173" 7588
"/Engine/EngineMaterials/Substrate/Glints2/dict_0005_0174" 7589
"/Engine/EngineMaterials/Substrate/Glints2/dict_0005_0175" 7590
"/Engine/EngineMaterials/Substrate/Glints2/dict_0005_0176" 7591
"/Engine/EngineMaterials/Substrate/Glints2/dict_0005_0177" 7592
"/Engine/EngineMaterials/Substrate/Glints2/dict_0005_0178" 7593
"/Engine/EngineMaterials/Substrate/Glints2/dict_0005_0179" 7594
"/Engine/EngineMaterials/Substrate/Glints2/dict_0005_0180" 7595
"/Engine/EngineMaterials/Substrate/Glints2/dict_0005_0181" 7596
"/Engine/EngineMaterials/Substrate/Glints2/dict_0005_0182" 7597
"/Engine/EngineMaterials/Substrate/Glints2/dict_0005_0183" 7598
"/Engine/EngineMaterials/Substrate/Glints2/dict_0005_0184" 7599
"/Engine/EngineMaterials/Substrate/Glints2/dict_0005_0185" 7600
"/Engine/EngineMaterials/Substrate/Glints2/dict_0005_0186" 7601
"/Engine/EngineMaterials/Substrate/Glints2/dict_0005_0187" 7602
"/Engine/EngineMaterials/Substrate/Glints2/dict_0005_0188" 7603
"/Engine/EngineMaterials/Substrate/Glints2/dict_0005_0189" 7604
"/Engine/EngineMaterials/Substrate/Glints2/dict_0005_0190" 7605
"/Engine/EngineMaterials/Substrate/Glints2/dict_0005_0191" 7606
"/Engine/EngineMaterials/Substrate/Glints2/dict_0005_0192" 7607
"/Engine/EngineMaterials/Substrate/Glints2/dict_0005_0193" 7608
"/Engine/EngineMaterials/Substrate/Glints2/dict_0005_0194" 7609
"/Engine/EngineMaterials/Substrate/Glints2/dict_0005_0195" 7610
"/Engine/EngineMaterials/Substrate/Glints2/dict_0005_0196" 7611
"/Engine/EngineMaterials/Substrate/Glints2/dict_0005_0197" 7612
"/Engine/EngineMaterials/Substrate/Glints2/dict_0005_0198" 7613
"/Engine/EngineMaterials/Substrate/Glints2/dict_0005_0199" 7614
"/Engine/EngineMaterials/Substrate/Glints2/dict_0005_0200" 7615
"/Engine/EngineMaterials/Substrate/Glints2/dict_0005_0201" 7616
"/Engine/EngineMaterials/Substrate/Glints2/dict_0005_0202" 7617
"/Engine/EngineMaterials/Substrate/Glints2/dict_0005_0203" 7618
"../../../Engine/Content/EngineMaterials/Substrate/Glints2/dict_0005_0171.uasset" 7619
"../../../Engine/Content/EngineMaterials/Substrate/Glints2/dict_0005_0170.uasset" 7620
"../../../Engine/Content/EngineMaterials/Substrate/Glints2/dict_0005_0169.uasset" 7621
"../../../Engine/Content/EngineMaterials/Substrate/Glints2/dict_0005_0168.uasset" 7622
"../../../Engine/Content/EngineMaterials/Substrate/Glints2/dict_0005_0167.uasset" 7623
"../../../Engine/Content/EngineMaterials/Substrate/Glints2/dict_0005_0166.uasset" 7624
"../../../Engine/Content/EngineMaterials/Substrate/Glints2/dict_0005_0165.uasset" 7625
"../../../Engine/Content/EngineMaterials/Substrate/Glints2/dict_0005_0164.uasset" 7626
"../../../Engine/Content/EngineMaterials/Substrate/Glints2/dict_0005_0163.uasset" 7627
"../../../Engine/Content/EngineMaterials/Substrate/Glints2/dict_0005_0162.uasset" 7628
"../../../Engine/Content/EngineMaterials/Substrate/Glints2/dict_0005_0161.uasset" 7629
"../../../Engine/Content/EngineMaterials/Substrate/Glints2/dict_0005_0160.uasset" 7630
"../../../Engine/Content/EngineMaterials/Substrate/Glints2/dict_0005_0159.uasset" 7631
"../../../Engine/Content/EngineMaterials/Substrate/Glints2/dict_0005_0157.uasset" 7632
"../../../Engine/Content/EngineMaterials/Substrate/Glints2/dict_0005_0156.uasset" 7633
"../../../Engine/Content/EngineMaterials/Substrate/Glints2/dict_0005_0158.uasset" 7634
"../../../Engine/Content/EngineMaterials/Substrate/Glints2/dict_0005_0155.uasset" 7635
"../../../Engine/Content/EngineMaterials/Substrate/Glints2/dict_0005_0154.uasset" 7636
"../../../Engine/Content/EngineMaterials/Substrate/Glints2/dict_0005_0153.uasset" 7637
"../../../Engine/Content/EngineMaterials/Substrate/Glints2/dict_0005_0151.uasset" 7638
"../../../Engine/Content/EngineMaterials/Substrate/Glints2/dict_0005_0149.uasset" 7639
"../../../Engine/Content/EngineMaterials/Substrate/Glints2/dict_0005_0150.uasset" 7640
"../../../Engine/Content/EngineMaterials/Substrate/Glints2/dict_0005_0152.uasset" 7641
"../../../Engine/Content/EngineMaterials/Substrate/Glints2/dict_0005_0148.uasset" 7642
"../../../Engine/Content/EngineMaterials/Substrate/Glints2/dict_0005_0147.uasset" 7643
"../../../Engine/Content/EngineMaterials/Substrate/Glints2/dict_0005_0146.uasset" 7644
"../../../Engine/Content/EngineMaterials/Substrate/Glints2/dict_0005_0145.uasset" 7645
"../../../Engine/Content/EngineMaterials/Substrate/Glints2/dict_0005_0144.uasset" 7646
"../../../Engine/Content/EngineMaterials/Substrate/Glints2/dict_0005_0143.uasset" 7647
"../../../Engine/Content/EngineMaterials/Substrate/Glints2/dict_0005_0142.uasset" 7648
"../../../Engine/Content/EngineMaterials/Substrate/Glints2/dict_0005_0141.uasset" 7649
"../../../Engine/Content/EngineMaterials/Substrate/Glints2/dict_0005_0140.uasset" 7650
"/Engine/EngineMaterials/Substrate/Glints2/dict_0005_0140" 7651
"/Engine/EngineMaterials/Substrate/Glints2/dict_0005_0141" 7652
"/Engine/EngineMaterials/Substrate/Glints2/dict_0005_0142" 7653
"/Engine/EngineMaterials/Substrate/Glints2/dict_0005_0143" 7654
"/Engine/EngineMaterials/Substrate/Glints2/dict_0005_0144" 7655
"/Engine/EngineMaterials/Substrate/Glints2/dict_0005_0145" 7656
"/Engine/EngineMaterials/Substrate/Glints2/dict_0005_0146" 7657
"/Engine/EngineMaterials/Substrate/Glints2/dict_0005_0147" 7658
"/Engine/EngineMaterials/Substrate/Glints2/dict_0005_0148" 7659
"/Engine/EngineMaterials/Substrate/Glints2/dict_0005_0149" 7660
"/Engine/EngineMaterials/Substrate/Glints2/dict_0005_0150" 7661
"/Engine/EngineMaterials/Substrate/Glints2/dict_0005_0151" 7662
"/Engine/EngineMaterials/Substrate/Glints2/dict_0005_0152" 7663
"/Engine/EngineMaterials/Substrate/Glints2/dict_0005_0153" 7664
"/Engine/EngineMaterials/Substrate/Glints2/dict_0005_0154" 7665
"/Engine/EngineMaterials/Substrate/Glints2/dict_0005_0155" 7666
"/Engine/EngineMaterials/Substrate/Glints2/dict_0005_0156" 7667
"/Engine/EngineMaterials/Substrate/Glints2/dict_0005_0157" 7668
"/Engine/EngineMaterials/Substrate/Glints2/dict_0005_0158" 7669
"/Engine/EngineMaterials/Substrate/Glints2/dict_0005_0159" 7670
"/Engine/EngineMaterials/Substrate/Glints2/dict_0005_0160" 7671
"/Engine/EngineMaterials/Substrate/Glints2/dict_0005_0161" 7672
"/Engine/EngineMaterials/Substrate/Glints2/dict_0005_0162" 7673
"/Engine/EngineMaterials/Substrate/Glints2/dict_0005_0163" 7674
"/Engine/EngineMaterials/Substrate/Glints2/dict_0005_0164" 7675
"/Engine/EngineMaterials/Substrate/Glints2/dict_0005_0165" 7676
"/Engine/EngineMaterials/Substrate/Glints2/dict_0005_0166" 7677
"/Engine/EngineMaterials/Substrate/Glints2/dict_0005_0167" 7678
"/Engine/EngineMaterials/Substrate/Glints2/dict_0005_0168" 7679
"/Engine/EngineMaterials/Substrate/Glints2/dict_0005_0169" 7680
"/Engine/EngineMaterials/Substrate/Glints2/dict_0005_0170" 7681
"/Engine/EngineMaterials/Substrate/Glints2/dict_0005_0171" 7682
"../../../Engine/Content/EngineMaterials/Substrate/Glints2/dict_0005_0139.uasset" 7683
"../../../Engine/Content/EngineMaterials/Substrate/Glints2/dict_0005_0138.uasset" 7684
"../../../Engine/Content/EngineMaterials/Substrate/Glints2/dict_0005_0137.uasset" 7685
"../../../Engine/Content/EngineMaterials/Substrate/Glints2/dict_0005_0136.uasset" 7686
"../../../Engine/Content/EngineMaterials/Substrate/Glints2/dict_0005_0135.uasset" 7687
"../../../Engine/Content/EngineMaterials/Substrate/Glints2/dict_0005_0134.uasset" 7688
"../../../Engine/Content/EngineMaterials/Substrate/Glints2/dict_0005_0133.uasset" 7689
"../../../Engine/Content/EngineMaterials/Substrate/Glints2/dict_0005_0132.uasset" 7690
"../../../Engine/Content/EngineMaterials/Substrate/Glints2/dict_0005_0131.uasset" 7691
"../../../Engine/Content/EngineMaterials/Substrate/Glints2/dict_0005_0130.uasset" 7692
"../../../Engine/Content/EngineMaterials/Substrate/Glints2/dict_0005_0129.uasset" 7693
"../../../Engine/Content/EngineMaterials/Substrate/Glints2/dict_0005_0128.uasset" 7694
"../../../Engine/Content/EngineMaterials/Substrate/Glints2/dict_0005_0127.uasset" 7695
"../../../Engine/Content/EngineMaterials/Substrate/Glints2/dict_0005_0126.uasset" 7696
"../../../Engine/Content/EngineMaterials/Substrate/Glints2/dict_0005_0125.uasset" 7697
"../../../Engine/Content/EngineMaterials/Substrate/Glints2/dict_0005_0124.uasset" 7698
"../../../Engine/Content/EngineMaterials/Substrate/Glints2/dict_0005_0123.uasset" 7699
"../../../Engine/Content/EngineMaterials/Substrate/Glints2/dict_0005_0122.uasset" 7700
"../../../Engine/Content/EngineMaterials/Substrate/Glints2/dict_0005_0121.uasset" 7701
"../../../Engine/Content/EngineMaterials/Substrate/Glints2/dict_0005_0120.uasset" 7702
"../../../Engine/Content/EngineMaterials/Substrate/Glints2/dict_0005_0119.uasset" 7703
"../../../Engine/Content/EngineMaterials/Substrate/Glints2/dict_0005_0118.uasset" 7704
"../../../Engine/Content/EngineMaterials/Substrate/Glints2/dict_0005_0117.uasset" 7705
"../../../Engine/Content/EngineMaterials/Substrate/Glints2/dict_0005_0116.uasset" 7706
"../../../Engine/Content/EngineMaterials/Substrate/Glints2/dict_0005_0115.uasset" 7707
"../../../Engine/Content/EngineMaterials/Substrate/Glints2/dict_0005_0114.uasset" 7708
"../../../Engine/Content/EngineMaterials/Substrate/Glints2/dict_0005_0113.uasset" 7709
"../../../Engine/Content/EngineMaterials/Substrate/Glints2/dict_0005_0112.uasset" 7710
"../../../Engine/Content/EngineMaterials/Substrate/Glints2/dict_0005_0111.uasset" 7711
"../../../Engine/Content/EngineMaterials/Substrate/Glints2/dict_0005_0110.uasset" 7712
"../../../Engine/Content/EngineMaterials/Substrate/Glints2/dict_0005_0109.uasset" 7713
"../../../Engine/Content/EngineMaterials/Substrate/Glints2/dict_0005_0108.uasset" 7714
"/Engine/EngineMaterials/Substrate/Glints2/dict_0005_0108" 7715
"/Engine/EngineMaterials/Substrate/Glints2/dict_0005_0109" 7716
"/Engine/EngineMaterials/Substrate/Glints2/dict_0005_0110" 7717
"/Engine/EngineMaterials/Substrate/Glints2/dict_0005_0111" 7718
"/Engine/EngineMaterials/Substrate/Glints2/dict_0005_0112" 7719
"/Engine/EngineMaterials/Substrate/Glints2/dict_0005_0113" 7720
"/Engine/EngineMaterials/Substrate/Glints2/dict_0005_0114" 7721
"/Engine/EngineMaterials/Substrate/Glints2/dict_0005_0115" 7722
"/Engine/EngineMaterials/Substrate/Glints2/dict_0005_0116" 7723
"/Engine/EngineMaterials/Substrate/Glints2/dict_0005_0117" 7724
"/Engine/EngineMaterials/Substrate/Glints2/dict_0005_0118" 7725
"/Engine/EngineMaterials/Substrate/Glints2/dict_0005_0119" 7726
"/Engine/EngineMaterials/Substrate/Glints2/dict_0005_0120" 7727
"/Engine/EngineMaterials/Substrate/Glints2/dict_0005_0121" 7728
"/Engine/EngineMaterials/Substrate/Glints2/dict_0005_0122" 7729
"/Engine/EngineMaterials/Substrate/Glints2/dict_0005_0123" 7730
"/Engine/EngineMaterials/Substrate/Glints2/dict_0005_0124" 7731
"/Engine/EngineMaterials/Substrate/Glints2/dict_0005_0125" 7732
"/Engine/EngineMaterials/Substrate/Glints2/dict_0005_0126" 7733
"/Engine/EngineMaterials/Substrate/Glints2/dict_0005_0127" 7734
"/Engine/EngineMaterials/Substrate/Glints2/dict_0005_0128" 7735
"/Engine/EngineMaterials/Substrate/Glints2/dict_0005_0129" 7736
"/Engine/EngineMaterials/Substrate/Glints2/dict_0005_0130" 7737
"/Engine/EngineMaterials/Substrate/Glints2/dict_0005_0131" 7738
"/Engine/EngineMaterials/Substrate/Glints2/dict_0005_0132" 7739
"/Engine/EngineMaterials/Substrate/Glints2/dict_0005_0133" 7740
"/Engine/EngineMaterials/Substrate/Glints2/dict_0005_0134" 7741
"/Engine/EngineMaterials/Substrate/Glints2/dict_0005_0135" 7742
"/Engine/EngineMaterials/Substrate/Glints2/dict_0005_0136" 7743
"/Engine/EngineMaterials/Substrate/Glints2/dict_0005_0137" 7744
"/Engine/EngineMaterials/Substrate/Glints2/dict_0005_0138" 7745
"/Engine/EngineMaterials/Substrate/Glints2/dict_0005_0139" 7746
"../../../Engine/Content/EngineMaterials/Substrate/Glints2/dict_0005_0107.uasset" 7747
"../../../Engine/Content/EngineMaterials/Substrate/Glints2/dict_0005_0106.uasset" 7748
"../../../Engine/Content/EngineMaterials/Substrate/Glints2/dict_0005_0105.uasset" 7749
"../../../Engine/Content/EngineMaterials/Substrate/Glints2/dict_0005_0104.uasset" 7750
"../../../Engine/Content/EngineMaterials/Substrate/Glints2/dict_0005_0103.uasset" 7751
"../../../Engine/Content/EngineMaterials/Substrate/Glints2/dict_0005_0102.uasset" 7752
"../../../Engine/Content/EngineMaterials/Substrate/Glints2/dict_0005_0101.uasset" 7753
"../../../Engine/Content/EngineMaterials/Substrate/Glints2/dict_0005_0099.uasset" 7754
"../../../Engine/Content/EngineMaterials/Substrate/Glints2/dict_0005_0100.uasset" 7755
"../../../Engine/Content/EngineMaterials/Substrate/Glints2/dict_0005_0098.uasset" 7756
"../../../Engine/Content/EngineMaterials/Substrate/Glints2/dict_0005_0096.uasset" 7757
"../../../Engine/Content/EngineMaterials/Substrate/Glints2/dict_0005_0097.uasset" 7758
"../../../Engine/Content/EngineMaterials/Substrate/Glints2/dict_0005_0095.uasset" 7759
"../../../Engine/Content/EngineMaterials/Substrate/Glints2/dict_0005_0094.uasset" 7760
"../../../Engine/Content/EngineMaterials/Substrate/Glints2/dict_0005_0092.uasset" 7761
"../../../Engine/Content/EngineMaterials/Substrate/Glints2/dict_0005_0093.uasset" 7762
"../../../Engine/Content/EngineMaterials/Substrate/Glints2/dict_0005_0091.uasset" 7763
"../../../Engine/Content/EngineMaterials/Substrate/Glints2/dict_0005_0090.uasset" 7764
"../../../Engine/Content/EngineMaterials/Substrate/Glints2/dict_0005_0089.uasset" 7765
"../../../Engine/Content/EngineMaterials/Substrate/Glints2/dict_0005_0088.uasset" 7766
"../../../Engine/Content/EngineMaterials/Substrate/Glints2/dict_0005_0087.uasset" 7767
"../../../Engine/Content/EngineMaterials/Substrate/Glints2/dict_0005_0086.uasset" 7768
"../../../Engine/Content/EngineMaterials/Substrate/Glints2/dict_0005_0085.uasset" 7769
"../../../Engine/Content/EngineMaterials/Substrate/Glints2/dict_0005_0084.uasset" 7770
"/Engine/EngineMaterials/Substrate/Glints2/dict_0005_0088" 7771
"/Engine/EngineMaterials/Substrate/Glints2/dict_0005_0089" 7772
"/Engine/EngineMaterials/Substrate/Glints2/dict_0005_0090" 7773
"../../../Engine/Content/EngineMaterials/Substrate/Glints2/dict_0005_0083.uasset" 7774
"../../../Engine/Content/EngineMaterials/Substrate/Glints2/dict_0005_0081.uasset" 7775
"../../../Engine/Content/EngineMaterials/Substrate/Glints2/dict_0005_0082.uasset" 7776
"/Engine/EngineMaterials/Substrate/Glints2/dict_0005_0091" 7777
"../../../Engine/Content/EngineMaterials/Substrate/Glints2/dict_0005_0080.uasset" 7778
"/Engine/EngineMaterials/Substrate/Glints2/dict_0005_0092" 7779
"../../../Engine/Content/EngineMaterials/Substrate/Glints2/dict_0005_0079.uasset" 7780
"../../../Engine/Content/EngineMaterials/Substrate/Glints2/dict_0005_0078.uasset" 7781
"../../../Engine/Content/EngineMaterials/Substrate/Glints2/dict_0005_0077.uasset" 7782
"/Engine/EngineMaterials/Substrate/Glints2/dict_0005_0093" 7783
"../../../Engine/Content/EngineMaterials/Substrate/Glints2/dict_0005_0076.uasset" 7784
"/Engine/EngineMaterials/Substrate/Glints2/dict_0005_0094" 7785
"/Engine/EngineMaterials/Substrate/Glints2/dict_0005_0095" 7786
"/Engine/EngineMaterials/Substrate/Glints2/dict_0005_0096" 7787
"/Engine/EngineMaterials/Substrate/Glints2/dict_0005_0097" 7788
"/Engine/EngineMaterials/Substrate/Glints2/dict_0005_0098" 7789
"/Engine/EngineMaterials/Substrate/Glints2/dict_0005_0099" 7790
"/Engine/EngineMaterials/Substrate/Glints2/dict_0005_0100" 7791
"/Engine/EngineMaterials/Substrate/Glints2/dict_0005_0101" 7792
"/Engine/EngineMaterials/Substrate/Glints2/dict_0005_0102" 7793
"/Engine/EngineMaterials/Substrate/Glints2/dict_0005_0103" 7794
"/Engine/EngineMaterials/Substrate/Glints2/dict_0005_0104" 7795
"/Engine/EngineMaterials/Substrate/Glints2/dict_0005_0105" 7796
"/Engine/EngineMaterials/Substrate/Glints2/dict_0005_0106" 7797
"/Engine/EngineMaterials/Substrate/Glints2/dict_0005_0107" 7798
"../../../Engine/Content/EngineMaterials/Substrate/Glints2/dict_0005_0075.uasset" 7799
"/Engine/EngineMaterials/Substrate/Glints2/dict_0005_0076" 7800
"../../../Engine/Content/EngineMaterials/Substrate/Glints2/dict_0005_0074.uasset" 7801
"/Engine/EngineMaterials/Substrate/Glints2/dict_0005_0077" 7802
"/Engine/EngineMaterials/Substrate/Glints2/dict_0005_0078" 7803
"/Engine/EngineMaterials/Substrate/Glints2/dict_0005_0079" 7804
"../../../Engine/Content/EngineMaterials/Substrate/Glints2/dict_0005_0073.uasset" 7805
"/Engine/EngineMaterials/Substrate/Glints2/dict_0005_0080" 7806
"../../../Engine/Content/EngineMaterials/Substrate/Glints2/dict_0005_0072.uasset" 7807
"../../../Engine/Content/EngineMaterials/Substrate/Glints2/dict_0005_0071.uasset" 7808
"/Engine/EngineMaterials/Substrate/Glints2/dict_0005_0081" 7809
"../../../Engine/Content/EngineMaterials/Substrate/Glints2/dict_0005_0070.uasset" 7810
"../../../Engine/Content/EngineMaterials/Substrate/Glints2/dict_0005_0069.uasset" 7811
"../../../Engine/Content/EngineMaterials/Substrate/Glints2/dict_0005_0068.uasset" 7812
"/Engine/EngineMaterials/Substrate/Glints2/dict_0005_0082" 7813
"/Engine/EngineMaterials/Substrate/Glints2/dict_0005_0083" 7814
"/Engine/EngineMaterials/Substrate/Glints2/dict_0005_0084" 7815
"../../../Engine/Content/EngineMaterials/Substrate/Glints2/dict_0005_0066.uasset" 7816
"../../../Engine/Content/EngineMaterials/Substrate/Glints2/dict_0005_0067.uasset" 7817
"../../../Engine/Content/EngineMaterials/Substrate/Glints2/dict_0005_0065.uasset" 7818
"/Engine/EngineMaterials/Substrate/Glints2/dict_0005_0085" 7819
"/Engine/EngineMaterials/Substrate/Glints2/dict_0005_0086" 7820
"/Engine/EngineMaterials/Substrate/Glints2/dict_0005_0087" 7821
"/Engine/EngineMaterials/Substrate/Glints2/dict_0005_0068" 7822
"../../../Engine/Content/EngineMaterials/Substrate/Glints2/dict_0005_0064.uasset" 7823
"../../../Engine/Content/EngineMaterials/Substrate/Glints2/dict_0005_0063.uasset" 7824
"../../../Engine/Content/EngineMaterials/Substrate/Glints2/dict_0005_0062.uasset" 7825
"/Engine/EngineMaterials/Substrate/Glints2/dict_0005_0069" 7826
"/Engine/EngineMaterials/Substrate/Glints2/dict_0005_0070" 7827
"../../../Engine/Content/EngineMaterials/Substrate/Glints2/dict_0005_0060.uasset" 7828
"../../../Engine/Content/EngineMaterials/Substrate/Glints2/dict_0005_0059.uasset" 7829
"../../../Engine/Content/EngineMaterials/Substrate/Glints2/dict_0005_0061.uasset" 7830
"/Engine/EngineMaterials/Substrate/Glints2/dict_0005_0071" 7831
"../../../Engine/Content/EngineMaterials/Substrate/Glints2/dict_0005_0057.uasset" 7832
"../../../Engine/Content/EngineMaterials/Substrate/Glints2/dict_0005_0058.uasset" 7833
"../../../Engine/Content/EngineMaterials/Substrate/Glints2/dict_0005_0056.uasset" 7834
"/Engine/EngineMaterials/Substrate/Glints2/dict_0005_0072" 7835
"../../../Engine/Content/EngineMaterials/Substrate/Glints2/dict_0005_0055.uasset" 7836
"/Engine/EngineMaterials/Substrate/Glints2/dict_0005_0073" 7837
"../../../Engine/Content/EngineMaterials/Substrate/Glints2/dict_0005_0054.uasset" 7838
"../../../Engine/Content/EngineMaterials/Substrate/Glints2/dict_0005_0053.uasset" 7839
"../../../Engine/Content/EngineMaterials/Substrate/Glints2/dict_0005_0052.uasset" 7840
"../../../Engine/Content/EngineMaterials/Substrate/Glints2/dict_0005_0051.uasset" 7841
"/Engine/EngineMaterials/Substrate/Glints2/dict_0005_0074" 7842
"/Engine/EngineMaterials/Substrate/Glints2/dict_0005_0075" 7843
"../../../Engine/Content/EngineMaterials/Substrate/Glints2/dict_0005_0050.uasset" 7844
"../../../Engine/Content/EngineMaterials/Substrate/Glints2/dict_0005_0048.uasset" 7845
"/Engine/EngineMaterials/Substrate/Glints2/dict_0005_0051" 7846
"../../../Engine/Content/EngineMaterials/Substrate/Glints2/dict_0005_0047.uasset" 7847
"../../../Engine/Content/EngineMaterials/Substrate/Glints2/dict_0005_0049.uasset" 7848
"/Engine/EngineMaterials/Substrate/Glints2/dict_0005_0052" 7849
"/Engine/EngineMaterials/Substrate/Glints2/dict_0005_0053" 7850
"../../../Engine/Content/EngineMaterials/Substrate/Glints2/dict_0005_0046.uasset" 7851
"../../../Engine/Content/EngineMaterials/Substrate/Glints2/dict_0005_0045.uasset" 7852
"../../../Engine/Content/EngineMaterials/Substrate/Glints2/dict_0005_0043.uasset" 7853
"../../../Engine/Content/EngineMaterials/Substrate/Glints2/dict_0005_0044.uasset" 7854
"/Engine/EngineMaterials/Substrate/Glints2/dict_0005_0054" 7855
"/Engine/EngineMaterials/Substrate/Glints2/dict_0005_0055" 7856
"../../../Engine/Content/EngineMaterials/Substrate/Glints2/dict_0005_0042.uasset" 7857
"/Engine/EngineMaterials/Substrate/Glints2/dict_0005_0056" 7858
"../../../Engine/Content/EngineMaterials/Substrate/Glints2/dict_0005_0040.uasset" 7859
"../../../Engine/Content/EngineMaterials/Substrate/Glints2/dict_0005_0041.uasset" 7860
"../../../Engine/Content/EngineMaterials/Substrate/Glints2/dict_0005_0039.uasset" 7861
"../../../Engine/Content/EngineMaterials/Substrate/Glints2/dict_0005_0038.uasset" 7862
"/Engine/EngineMaterials/Substrate/Glints2/dict_0005_0057" 7863
"/Engine/EngineMaterials/Substrate/Glints2/dict_0005_0058" 7864
"/Engine/EngineMaterials/Substrate/Glints2/dict_0005_0059" 7865
"../../../Engine/Content/EngineMaterials/Substrate/Glints2/dict_0005_0037.uasset" 7866
"../../../Engine/Content/EngineMaterials/Substrate/Glints2/dict_0005_0036.uasset" 7867
"/Engine/EngineMaterials/Substrate/Glints2/dict_0005_0060" 7868
"/Engine/EngineMaterials/Substrate/Glints2/dict_0005_0061" 7869
"/Engine/EngineMaterials/Substrate/Glints2/dict_0005_0062" 7870
"/Engine/EngineMaterials/Substrate/Glints2/dict_0005_0063" 7871
"/Engine/EngineMaterials/Substrate/Glints2/dict_0005_0064" 7872
"/Engine/EngineMaterials/Substrate/Glints2/dict_0005_0065" 7873
"/Engine/EngineMaterials/Substrate/Glints2/dict_0005_0066" 7874
"/Engine/EngineMaterials/Substrate/Glints2/dict_0005_0067" 7875
"../../../Engine/Content/EngineMaterials/Substrate/Glints2/dict_0005_0035.uasset" 7876
"../../../Engine/Content/EngineMaterials/Substrate/Glints2/dict_0005_0034.uasset" 7877
"/Engine/EngineMaterials/Substrate/Glints2/dict_0005_0044" 7878
"../../../Engine/Content/EngineMaterials/Substrate/Glints2/dict_0005_0033.uasset" 7879
"/Engine/EngineMaterials/Substrate/Glints2/dict_0005_0045" 7880
"../../../Engine/Content/EngineMaterials/Substrate/Glints2/dict_0005_0032.uasset" 7881
"../../../Engine/Content/EngineMaterials/Substrate/Glints2/dict_0005_0031.uasset" 7882
"../../../Engine/Content/EngineMaterials/Substrate/Glints2/dict_0005_0030.uasset" 7883
"../../../Engine/Content/EngineMaterials/Substrate/Glints2/dict_0005_0029.uasset" 7884
"/Engine/EngineMaterials/Substrate/Glints2/dict_0005_0046" 7885
"../../../Engine/Content/EngineMaterials/Substrate/Glints2/dict_0005_0028.uasset" 7886
"../../../Engine/Content/EngineMaterials/Substrate/Glints2/dict_0005_0027.uasset" 7887
"../../../Engine/Content/EngineMaterials/Substrate/Glints2/dict_0005_0026.uasset" 7888
"../../../Engine/Content/EngineMaterials/Substrate/Glints2/dict_0005_0025.uasset" 7889
"/Engine/EngineMaterials/Substrate/Glints2/dict_0005_0047" 7890
"../../../Engine/Content/EngineMaterials/Substrate/Glints2/dict_0005_0024.uasset" 7891
"../../../Engine/Content/EngineMaterials/Substrate/Glints2/dict_0005_0023.uasset" 7892
"../../../Engine/Content/EngineMaterials/Substrate/Glints2/dict_0005_0022.uasset" 7893
"../../../Engine/Content/EngineMaterials/Substrate/Glints2/dict_0005_0021.uasset" 7894
"../../../Engine/Content/EngineMaterials/Substrate/Glints2/dict_0005_0020.uasset" 7895
"/Engine/EngineMaterials/Substrate/Glints2/dict_0005_0048" 7896
"../../../Engine/Content/EngineMaterials/Substrate/Glints2/dict_0005_0019.uasset" 7897
"/Engine/EngineMaterials/Substrate/Glints2/dict_0005_0049" 7898
"/Engine/EngineMaterials/Substrate/Glints2/dict_0005_0050" 7899
"/Engine/EngineMaterials/Substrate/Glints2/dict_0005_0036" 7900
"/Engine/EngineMaterials/Substrate/Glints2/dict_0005_0037" 7901
"/Engine/EngineMaterials/Substrate/Glints2/dict_0005_0038" 7902
"/Engine/EngineMaterials/Substrate/Glints2/dict_0005_0039" 7903
"/Engine/EngineMaterials/Substrate/Glints2/dict_0005_0040" 7904
"/Engine/EngineMaterials/Substrate/Glints2/dict_0005_0041" 7905
"/Engine/EngineMaterials/Substrate/Glints2/dict_0005_0042" 7906
"/Engine/EngineMaterials/Substrate/Glints2/dict_0005_0043" 7907
"../../../Engine/Content/EngineMaterials/Substrate/Glints2/dict_0005_0017.uasset" 7908
"/Engine/EngineMaterials/Substrate/Glints2/dict_0005_0019" 7909
"../../../Engine/Content/EngineMaterials/Substrate/Glints2/dict_0005_0018.uasset" 7910
"/Engine/EngineMaterials/Substrate/Glints2/dict_0005_0020" 7911
"../../../Engine/Content/EngineMaterials/Substrate/Glints2/dict_0005_0016.uasset" 7912
"/Engine/EngineMaterials/Substrate/Glints2/dict_0005_0021" 7913
"../../../Engine/Content/EngineMaterials/Substrate/Glints2/dict_0005_0014.uasset" 7914
"/Engine/EngineMaterials/Substrate/Glints2/dict_0005_0022" 7915
"../../../Engine/Content/EngineMaterials/Substrate/Glints2/dict_0005_0015.uasset" 7916
"../../../Engine/Content/EngineMaterials/Substrate/Glints2/dict_0005_0013.uasset" 7917
"../../../Engine/Content/EngineMaterials/Substrate/Glints2/dict_0005_0012.uasset" 7918
"/Engine/EngineMaterials/Substrate/Glints2/dict_0005_0023" 7919
"../../../Engine/Content/EngineMaterials/Substrate/Glints2/dict_0005_0011.uasset" 7920
"/Engine/EngineMaterials/Substrate/Glints2/dict_0005_0024" 7921
"../../../Engine/Content/EngineMaterials/Substrate/Glints2/dict_0005_0010.uasset" 7922
"../../../Engine/Content/EngineMaterials/Substrate/Glints2/dict_0005_0009.uasset" 7923
"../../../Engine/Content/EngineMaterials/Substrate/Glints2/dict_0005_0008.uasset" 7924
"/Engine/EngineMaterials/Substrate/Glints2/dict_0005_0025" 7925
"../../../Engine/Content/EngineMaterials/Substrate/Glints2/dict_0005_0007.uasset" 7926
"../../../Engine/Content/EngineMaterials/Substrate/Glints2/dict_0005_0006.uasset" 7927
"../../../Engine/Content/EngineMaterials/Substrate/Glints2/dict_0005_0005.uasset" 7928
"../../../Engine/Content/EngineMaterials/Substrate/Glints2/dict_0005_0004.uasset" 7929
"/Engine/EngineMaterials/Substrate/Glints2/dict_0005_0026" 7930
"/Engine/EngineMaterials/Substrate/Glints2/dict_0005_0027" 7931
"/Engine/EngineMaterials/Substrate/Glints2/dict_0005_0028" 7932
"/Engine/EngineMaterials/Substrate/Glints2/dict_0005_0029" 7933
"/Engine/EngineMaterials/Substrate/Glints2/dict_0005_0030" 7934
"/Engine/EngineMaterials/Substrate/Glints2/dict_0005_0031" 7935
"/Engine/EngineMaterials/Substrate/Glints2/dict_0005_0032" 7936
"/Engine/EngineMaterials/Substrate/Glints2/dict_0005_0033" 7937
"/Engine/EngineMaterials/Substrate/Glints2/dict_0005_0034" 7938
"/Engine/EngineMaterials/Substrate/Glints2/dict_0005_0035" 7939
"../../../Engine/Content/EngineMaterials/Substrate/Glints2/dict_0005_0002.uasset" 7940
"../../../Engine/Content/EngineMaterials/Substrate/Glints2/dict_0005_0003.uasset" 7941
"../../../Engine/Content/EngineMaterials/Substrate/Glints2/dict_0005_0001.uasset" 7942
"/Engine/EngineMaterials/Substrate/Glints2/dict_0005_0004" 7943
"../../../Engine/Content/EngineMaterials/Substrate/Glints2/dict_0005_0000.uasset" 7944
"../../../Engine/Content/EngineMaterials/Substrate/Glints2/dict_0004_0255.uasset" 7945
"../../../Engine/Content/EngineMaterials/Substrate/Glints2/dict_0004_0254.uasset" 7946
"/Engine/EngineMaterials/Substrate/Glints2/dict_0005_0005" 7947
"../../../Engine/Content/EngineMaterials/Substrate/Glints2/dict_0004_0253.uasset" 7948
"../../../Engine/Content/EngineMaterials/Substrate/Glints2/dict_0004_0252.uasset" 7949
"/Engine/EngineMaterials/Substrate/Glints2/dict_0005_0006" 7950
"../../../Engine/Content/EngineMaterials/Substrate/Glints2/dict_0004_0251.uasset" 7951
"../../../Engine/Content/EngineMaterials/Substrate/Glints2/dict_0004_0250.uasset" 7952
"../../../Engine/Content/EngineMaterials/Substrate/Glints2/dict_0004_0249.uasset" 7953
"/Engine/EngineMaterials/Substrate/Glints2/dict_0005_0007" 7954
"../../../Engine/Content/EngineMaterials/Substrate/Glints2/dict_0004_0248.uasset" 7955
"../../../Engine/Content/EngineMaterials/Substrate/Glints2/dict_0004_0247.uasset" 7956
"/Engine/EngineMaterials/Substrate/Glints2/dict_0005_0008" 7957
"../../../Engine/Content/EngineMaterials/Substrate/Glints2/dict_0004_0246.uasset" 7958
"../../../Engine/Content/EngineMaterials/Substrate/Glints2/dict_0004_0245.uasset" 7959
"/Engine/EngineMaterials/Substrate/Glints2/dict_0005_0009" 7960
"../../../Engine/Content/EngineMaterials/Substrate/Glints2/dict_0004_0244.uasset" 7961
"../../../Engine/Content/EngineMaterials/Substrate/Glints2/dict_0004_0243.uasset" 7962
"/Engine/EngineMaterials/Substrate/Glints2/dict_0005_0010" 7963
"/Engine/EngineMaterials/Substrate/Glints2/dict_0005_0002" 7964
"/Engine/EngineMaterials/Substrate/Glints2/dict_0005_0011" 7965
"/Engine/EngineMaterials/Substrate/Glints2/dict_0005_0012" 7966
"/Engine/EngineMaterials/Substrate/Glints2/dict_0005_0013" 7967
"/Engine/EngineMaterials/Substrate/Glints2/dict_0005_0014" 7968
"/Engine/EngineMaterials/Substrate/Glints2/dict_0005_0015" 7969
"/Engine/EngineMaterials/Substrate/Glints2/dict_0005_0016" 7970
"/Engine/EngineMaterials/Substrate/Glints2/dict_0005_0017" 7971
"/Engine/EngineMaterials/Substrate/Glints2/dict_0005_0018" 7972
"/Engine/EngineMaterials/Substrate/Glints2/dict_0004_0243" 7973
"../../../Engine/Content/EngineMaterials/Substrate/Glints2/dict_0004_0242.uasset" 7974
"../../../Engine/Content/EngineMaterials/Substrate/Glints2/dict_0004_0241.uasset" 7975
"../../../Engine/Content/EngineMaterials/Substrate/Glints2/dict_0004_0240.uasset" 7976
"/Engine/EngineMaterials/Substrate/Glints2/dict_0004_0244" 7977
"../../../Engine/Content/EngineMaterials/Substrate/Glints2/dict_0004_0239.uasset" 7978
"/Engine/EngineMaterials/Substrate/Glints2/dict_0004_0245" 7979
"../../../Engine/Content/EngineMaterials/Substrate/Glints2/dict_0004_0238.uasset" 7980
"../../../Engine/Content/EngineMaterials/Substrate/Glints2/dict_0004_0237.uasset" 7981
"../../../Engine/Content/EngineMaterials/Substrate/Glints2/dict_0004_0236.uasset" 7982
"../../../Engine/Content/EngineMaterials/Substrate/Glints2/dict_0004_0235.uasset" 7983
"../../../Engine/Content/EngineMaterials/Substrate/Glints2/dict_0004_0234.uasset" 7984
"/Engine/EngineMaterials/Substrate/Glints2/dict_0004_0246" 7985
"../../../Engine/Content/EngineMaterials/Substrate/Glints2/dict_0004_0233.uasset" 7986
"../../../Engine/Content/EngineMaterials/Substrate/Glints2/dict_0004_0232.uasset" 7987
"../../../Engine/Content/EngineMaterials/Substrate/Glints2/dict_0004_0231.uasset" 7988
"/Engine/EngineMaterials/Substrate/Glints2/dict_0004_0247" 7989
"../../../Engine/Content/EngineMaterials/Substrate/Glints2/dict_0004_0230.uasset" 7990
"../../../Engine/Content/EngineMaterials/Substrate/Glints2/dict_0004_0229.uasset" 7991
"../../../Engine/Content/EngineMaterials/Substrate/Glints2/dict_0004_0228.uasset" 7992
"/Engine/EngineMaterials/Substrate/Glints2/dict_0004_0248" 7993
"../../../Engine/Content/EngineMaterials/Substrate/Glints2/dict_0004_0227.uasset" 7994
"/Engine/EngineMaterials/Substrate/Glints2/dict_0004_0249" 7995
"/Engine/EngineMaterials/Substrate/Glints2/dict_0004_0250" 7996
"/Engine/EngineMaterials/Substrate/Glints2/dict_0004_0251" 7997
"/Engine/EngineMaterials/Substrate/Glints2/dict_0004_0252" 7998
"/Engine/EngineMaterials/Substrate/Glints2/dict_0004_0253" 7999
"/Engine/EngineMaterials/Substrate/Glints2/dict_0004_0254" 8000
"/Engine/EngineMaterials/Substrate/Glints2/dict_0004_0255" 8001
"/Engine/EngineMaterials/Substrate/Glints2/dict_0005_0000" 8002
"/Engine/EngineMaterials/Substrate/Glints2/dict_0005_0001" 8003
"/Engine/EngineMaterials/Substrate/Glints2/dict_0005_0003" 8004
"/Engine/EngineMaterials/Substrate/Glints2/dict_0004_0227" 8005
"../../../Engine/Content/EngineMaterials/Substrate/Glints2/dict_0004_0226.uasset" 8006
"../../../Engine/Content/EngineMaterials/Substrate/Glints2/dict_0004_0225.uasset" 8007
"/Engine/EngineMaterials/Substrate/Glints2/dict_0004_0228" 8008
"../../../Engine/Content/EngineMaterials/Substrate/Glints2/dict_0004_0224.uasset" 8009
"../../../Engine/Content/EngineMaterials/Substrate/Glints2/dict_0004_0223.uasset" 8010
"/Engine/EngineMaterials/Substrate/Glints2/dict_0004_0229" 8011
"../../../Engine/Content/EngineMaterials/Substrate/Glints2/dict_0004_0222.uasset" 8012
"../../../Engine/Content/EngineMaterials/Substrate/Glints2/dict_0004_0221.uasset" 8013
"/Engine/EngineMaterials/Substrate/Glints2/dict_0004_0230" 8014
"../../../Engine/Content/EngineMaterials/Substrate/Glints2/dict_0004_0220.uasset" 8015
"../../../Engine/Content/EngineMaterials/Substrate/Glints2/dict_0004_0219.uasset" 8016
"../../../Engine/Content/EngineMaterials/Substrate/Glints2/dict_0004_0218.uasset" 8017
"/Engine/EngineMaterials/Substrate/Glints2/dict_0004_0231" 8018
"../../../Engine/Content/EngineMaterials/Substrate/Glints2/dict_0004_0217.uasset" 8019
"../../../Engine/Content/EngineMaterials/Substrate/Glints2/dict_0004_0215.uasset" 8020
"/Engine/EngineMaterials/Substrate/Glints2/dict_0004_0232" 8021
"../../../Engine/Content/EngineMaterials/Substrate/Glints2/dict_0004_0216.uasset" 8022
"../../../Engine/Content/EngineMaterials/Substrate/Glints2/dict_0004_0213.uasset" 8023
"../../../Engine/Content/EngineMaterials/Substrate/Glints2/dict_0004_0214.uasset" 8024
"/Engine/EngineMaterials/Substrate/Glints2/dict_0004_0233" 8025
"/Engine/EngineMaterials/Substrate/Glints2/dict_0004_0234" 8026
"../../../Engine/Content/EngineMaterials/Substrate/Glints2/dict_0004_0211.uasset" 8027
"../../../Engine/Content/EngineMaterials/Substrate/Glints2/dict_0004_0212.uasset" 8028
"/Engine/EngineMaterials/Substrate/Glints2/dict_0004_0235" 8029
"/Engine/EngineMaterials/Substrate/Glints2/dict_0004_0236" 8030
"/Engine/EngineMaterials/Substrate/Glints2/dict_0004_0237" 8031
"/Engine/EngineMaterials/Substrate/Glints2/dict_0004_0238" 8032
"/Engine/EngineMaterials/Substrate/Glints2/dict_0004_0239" 8033
"/Engine/EngineMaterials/Substrate/Glints2/dict_0004_0240" 8034
"/Engine/EngineMaterials/Substrate/Glints2/dict_0004_0241" 8035
"/Engine/EngineMaterials/Substrate/Glints2/dict_0004_0242" 8036
"/Engine/EngineMaterials/Substrate/Glints2/dict_0004_0211" 8037
"../../../Engine/Content/EngineMaterials/Substrate/Glints2/dict_0004_0209.uasset" 8038
"../../../Engine/Content/EngineMaterials/Substrate/Glints2/dict_0004_0210.uasset" 8039
"/Engine/EngineMaterials/Substrate/Glints2/dict_0004_0212" 8040
"../../../Engine/Content/EngineMaterials/Substrate/Glints2/dict_0004_0207.uasset" 8041
"../../../Engine/Content/EngineMaterials/Substrate/Glints2/dict_0004_0208.uasset" 8042
"/Engine/EngineMaterials/Substrate/Glints2/dict_0004_0213" 8043
"/Engine/EngineMaterials/Substrate/Glints2/dict_0004_0214" 8044
"../../../Engine/Content/EngineMaterials/Substrate/Glints2/dict_0004_0206.uasset" 8045
"../../../Engine/Content/EngineMaterials/Substrate/Glints2/dict_0004_0205.uasset" 8046
"/Engine/EngineMaterials/Substrate/Glints2/dict_0004_0215" 8047
"../../../Engine/Content/EngineMaterials/Substrate/Glints2/dict_0004_0204.uasset" 8048
"/Engine/EngineMaterials/Substrate/Glints2/dict_0004_0216" 8049
"../../../Engine/Content/EngineMaterials/Substrate/Glints2/dict_0004_0203.uasset" 8050
"../../../Engine/Content/EngineMaterials/Substrate/Glints2/dict_0004_0202.uasset" 8051
"../../../Engine/Content/EngineMaterials/Substrate/Glints2/dict_0004_0201.uasset" 8052
"/Engine/EngineMaterials/Substrate/Glints2/dict_0004_0217" 8053
"../../../Engine/Content/EngineMaterials/Substrate/Glints2/dict_0004_0200.uasset" 8054
"../../../Engine/Content/EngineMaterials/Substrate/Glints2/dict_0004_0199.uasset" 8055
"/Engine/EngineMaterials/Substrate/Glints2/dict_0004_0218" 8056
"../../../Engine/Content/EngineMaterials/Substrate/Glints2/dict_0004_0198.uasset" 8057
"../../../Engine/Content/EngineMaterials/Substrate/Glints2/dict_0004_0197.uasset" 8058
"../../../Engine/Content/EngineMaterials/Substrate/Glints2/dict_0004_0195.uasset" 8059
"/Engine/EngineMaterials/Substrate/Glints2/dict_0004_0219" 8060
"../../../Engine/Content/EngineMaterials/Substrate/Glints2/dict_0004_0196.uasset" 8061
"/Engine/EngineMaterials/Substrate/Glints2/dict_0004_0220" 8062
"/Engine/EngineMaterials/Substrate/Glints2/dict_0004_0221" 8063
"/Engine/EngineMaterials/Substrate/Glints2/dict_0004_0222" 8064
"/Engine/EngineMaterials/Substrate/Glints2/dict_0004_0223" 8065
"/Engine/EngineMaterials/Substrate/Glints2/dict_0004_0224" 8066
"/Engine/EngineMaterials/Substrate/Glints2/dict_0004_0225" 8067
"/Engine/EngineMaterials/Substrate/Glints2/dict_0004_0226" 8068
"../../../Engine/Content/EngineMaterials/Substrate/Glints2/dict_0004_0194.uasset" 8069
"../../../Engine/Content/EngineMaterials/Substrate/Glints2/dict_0004_0193.uasset" 8070
"/Engine/EngineMaterials/Substrate/Glints2/dict_0004_0195" 8071
"../../../Engine/Content/EngineMaterials/Substrate/Glints2/dict_0004_0192.uasset" 8072
"../../../Engine/Content/EngineMaterials/Substrate/Glints2/dict_0004_0191.uasset" 8073
"/Engine/EngineMaterials/Substrate/Glints2/dict_0004_0196" 8074
"../../../Engine/Content/EngineMaterials/Substrate/Glints2/dict_0004_0190.uasset" 8075
"../../../Engine/Content/EngineMaterials/Substrate/Glints2/dict_0004_0189.uasset" 8076
"/Engine/EngineMaterials/Substrate/Glints2/dict_0004_0197" 8077
"../../../Engine/Content/EngineMaterials/Substrate/Glints2/dict_0004_0188.uasset" 8078
"../../../Engine/Content/EngineMaterials/Substrate/Glints2/dict_0004_0187.uasset" 8079
"/Engine/EngineMaterials/Substrate/Glints2/dict_0004_0198" 8080
"../../../Engine/Content/EngineMaterials/Substrate/Glints2/dict_0004_0186.uasset" 8081
"../../../Engine/Content/EngineMaterials/Substrate/Glints2/dict_0004_0185.uasset" 8082
"../../../Engine/Content/EngineMaterials/Substrate/Glints2/dict_0004_0184.uasset" 8083
"/Engine/EngineMaterials/Substrate/Glints2/dict_0004_0199" 8084
"../../../Engine/Content/EngineMaterials/Substrate/Glints2/dict_0004_0183.uasset" 8085
"/Engine/EngineMaterials/Substrate/Glints2/dict_0004_0200" 8086
"../../../Engine/Content/EngineMaterials/Substrate/Glints2/dict_0004_0182.uasset" 8087
"../../../Engine/Content/EngineMaterials/Substrate/Glints2/dict_0004_0181.uasset" 8088
"../../../Engine/Content/EngineMaterials/Substrate/Glints2/dict_0004_0180.uasset" 8089
"/Engine/EngineMaterials/Substrate/Glints2/dict_0004_0201" 8090
"../../../Engine/Content/EngineMaterials/Substrate/Glints2/dict_0004_0179.uasset" 8091
"/Engine/EngineMaterials/Substrate/Glints2/dict_0004_0202" 8092
"/Engine/EngineMaterials/Substrate/Glints2/dict_0004_0203" 8093
"/Engine/EngineMaterials/Substrate/Glints2/dict_0004_0204" 8094
"/Engine/EngineMaterials/Substrate/Glints2/dict_0004_0205" 8095
"/Engine/EngineMaterials/Substrate/Glints2/dict_0004_0206" 8096
"/Engine/EngineMaterials/Substrate/Glints2/dict_0004_0207" 8097
"/Engine/EngineMaterials/Substrate/Glints2/dict_0004_0208" 8098
"/Engine/EngineMaterials/Substrate/Glints2/dict_0004_0209" 8099
"/Engine/EngineMaterials/Substrate/Glints2/dict_0004_0210" 8100
"/Engine/EngineMaterials/Substrate/Glints2/dict_0004_0179" 8101
"../../../Engine/Content/EngineMaterials/Substrate/Glints2/dict_0004_0177.uasset" 8102
"../../../Engine/Content/EngineMaterials/Substrate/Glints2/dict_0004_0178.uasset" 8103
"../../../Engine/Content/EngineMaterials/Substrate/Glints2/dict_0004_0176.uasset" 8104
"../../../Engine/Content/EngineMaterials/Substrate/Glints2/dict_0004_0175.uasset" 8105
"/Engine/EngineMaterials/Substrate/Glints2/dict_0004_0180" 8106
"../../../Engine/Content/EngineMaterials/Substrate/Glints2/dict_0004_0174.uasset" 8107
"../../../Engine/Content/EngineMaterials/Substrate/Glints2/dict_0004_0172.uasset" 8108
"../../../Engine/Content/EngineMaterials/Substrate/Glints2/dict_0004_0171.uasset" 8109
"/Engine/EngineMaterials/Substrate/Glints2/dict_0004_0181" 8110
"../../../Engine/Content/EngineMaterials/Substrate/Glints2/dict_0004_0173.uasset" 8111
"../../../Engine/Content/EngineMaterials/Substrate/Glints2/dict_0004_0168.uasset" 8112
"../../../Engine/Content/EngineMaterials/Substrate/Glints2/dict_0004_0169.uasset" 8113
"/Engine/EngineMaterials/Substrate/Glints2/dict_0004_0182" 8114
"../../../Engine/Content/EngineMaterials/Substrate/Glints2/dict_0004_0167.uasset" 8115
"../../../Engine/Content/EngineMaterials/Substrate/Glints2/dict_0004_0166.uasset" 8116
"../../../Engine/Content/EngineMaterials/Substrate/Glints2/dict_0004_0170.uasset" 8117
"../../../Engine/Content/EngineMaterials/Substrate/Glints2/dict_0004_0165.uasset" 8118
"../../../Engine/Content/EngineMaterials/Substrate/Glints2/dict_0004_0164.uasset" 8119
"../../../Engine/Content/EngineMaterials/Substrate/Glints2/dict_0004_0163.uasset" 8120
"/Engine/EngineMaterials/Substrate/Glints2/dict_0004_0183" 8121
"/Engine/EngineMaterials/Substrate/Glints2/dict_0004_0184" 8122
"/Engine/EngineMaterials/Substrate/Glints2/dict_0004_0185" 8123
"/Engine/EngineMaterials/Substrate/Glints2/dict_0004_0186" 8124
"/Engine/EngineMaterials/Substrate/Glints2/dict_0004_0187" 8125
"/Engine/EngineMaterials/Substrate/Glints2/dict_0004_0188" 8126
"/Engine/EngineMaterials/Substrate/Glints2/dict_0004_0189" 8127
"/Engine/EngineMaterials/Substrate/Glints2/dict_0004_0190" 8128
"/Engine/EngineMaterials/Substrate/Glints2/dict_0004_0191" 8129
"/Engine/EngineMaterials/Substrate/Glints2/dict_0004_0192" 8130
"/Engine/EngineMaterials/Substrate/Glints2/dict_0004_0193" 8131
"/Engine/EngineMaterials/Substrate/Glints2/dict_0004_0194" 8132
"/Engine/EngineMaterials/Substrate/Glints2/dict_0004_0163" 8133
"../../../Engine/Content/EngineMaterials/Substrate/Glints2/dict_0004_0162.uasset" 8134
"../../../Engine/Content/EngineMaterials/Substrate/Glints2/dict_0004_0161.uasset" 8135
"../../../Engine/Content/EngineMaterials/Substrate/Glints2/dict_0004_0160.uasset" 8136
"../../../Engine/Content/EngineMaterials/Substrate/Glints2/dict_0004_0159.uasset" 8137
"/Engine/EngineMaterials/Substrate/Glints2/dict_0004_0164" 8138
"../../../Engine/Content/EngineMaterials/Substrate/Glints2/dict_0004_0157.uasset" 8139
"../../../Engine/Content/EngineMaterials/Substrate/Glints2/dict_0004_0158.uasset" 8140
"../../../Engine/Content/EngineMaterials/Substrate/Glints2/dict_0004_0156.uasset" 8141
"../../../Engine/Content/EngineMaterials/Substrate/Glints2/dict_0004_0155.uasset" 8142
"../../../Engine/Content/EngineMaterials/Substrate/Glints2/dict_0004_0154.uasset" 8143
"/Engine/EngineMaterials/Substrate/Glints2/dict_0004_0165" 8144
"../../../Engine/Content/EngineMaterials/Substrate/Glints2/dict_0004_0153.uasset" 8145
"../../../Engine/Content/EngineMaterials/Substrate/Glints2/dict_0004_0152.uasset" 8146
"../../../Engine/Content/EngineMaterials/Substrate/Glints2/dict_0004_0151.uasset" 8147
"/Engine/EngineMaterials/Substrate/Glints2/dict_0004_0166" 8148
"../../../Engine/Content/EngineMaterials/Substrate/Glints2/dict_0004_0149.uasset" 8149
"../../../Engine/Content/EngineMaterials/Substrate/Glints2/dict_0004_0148.uasset" 8150
"../../../Engine/Content/EngineMaterials/Substrate/Glints2/dict_0004_0150.uasset" 8151
"../../../Engine/Content/EngineMaterials/Substrate/Glints2/dict_0004_0147.uasset" 8152
"/Engine/EngineMaterials/Substrate/Glints2/dict_0004_0167" 8153
"/Engine/EngineMaterials/Substrate/Glints2/dict_0004_0168" 8154
"/Engine/EngineMaterials/Substrate/Glints2/dict_0004_0169" 8155
"/Engine/EngineMaterials/Substrate/Glints2/dict_0004_0170" 8156
"/Engine/EngineMaterials/Substrate/Glints2/dict_0004_0171" 8157
"/Engine/EngineMaterials/Substrate/Glints2/dict_0004_0172" 8158
"/Engine/EngineMaterials/Substrate/Glints2/dict_0004_0173" 8159
"/Engine/EngineMaterials/Substrate/Glints2/dict_0004_0174" 8160
"/Engine/EngineMaterials/Substrate/Glints2/dict_0004_0175" 8161
"/Engine/EngineMaterials/Substrate/Glints2/dict_0004_0176" 8162
"/Engine/EngineMaterials/Substrate/Glints2/dict_0004_0177" 8163
"/Engine/EngineMaterials/Substrate/Glints2/dict_0004_0178" 8164
"../../../Engine/Content/EngineMaterials/Substrate/Glints2/dict_0004_0145.uasset" 8165
"/Engine/EngineMaterials/Substrate/Glints2/dict_0004_0147" 8166
"../../../Engine/Content/EngineMaterials/Substrate/Glints2/dict_0004_0142.uasset" 8167
"../../../Engine/Content/EngineMaterials/Substrate/Glints2/dict_0004_0144.uasset" 8168
"../../../Engine/Content/EngineMaterials/Substrate/Glints2/dict_0004_0143.uasset" 8169
"../../../Engine/Content/EngineMaterials/Substrate/Glints2/dict_0004_0146.uasset" 8170
"../../../Engine/Content/EngineMaterials/Substrate/Glints2/dict_0004_0141.uasset" 8171
"/Engine/EngineMaterials/Substrate/Glints2/dict_0004_0148" 8172
"../../../Engine/Content/EngineMaterials/Substrate/Glints2/dict_0004_0138.uasset" 8173
"../../../Engine/Content/EngineMaterials/Substrate/Glints2/dict_0004_0140.uasset" 8174
"../../../Engine/Content/EngineMaterials/Substrate/Glints2/dict_0004_0137.uasset" 8175
"../../../Engine/Content/EngineMaterials/Substrate/Glints2/dict_0004_0139.uasset" 8176
"/Engine/EngineMaterials/Substrate/Glints2/dict_0004_0149" 8177
"../../../Engine/Content/EngineMaterials/Substrate/Glints2/dict_0004_0135.uasset" 8178
"../../../Engine/Content/EngineMaterials/Substrate/Glints2/dict_0004_0136.uasset" 8179
"../../../Engine/Content/EngineMaterials/Substrate/Glints2/dict_0004_0134.uasset" 8180
"../../../Engine/Content/EngineMaterials/Substrate/Glints2/dict_0004_0133.uasset" 8181
"../../../Engine/Content/EngineMaterials/Substrate/Glints2/dict_0004_0132.uasset" 8182
"/Engine/EngineMaterials/Substrate/Glints2/dict_0004_0150" 8183
"../../../Engine/Content/EngineMaterials/Substrate/Glints2/dict_0004_0131.uasset" 8184
"/Engine/EngineMaterials/Substrate/Glints2/dict_0004_0151" 8185
"/Engine/EngineMaterials/Substrate/Glints2/dict_0004_0152" 8186
"/Engine/EngineMaterials/Substrate/Glints2/dict_0004_0153" 8187
"/Engine/EngineMaterials/Substrate/Glints2/dict_0004_0154" 8188
"/Engine/EngineMaterials/Substrate/Glints2/dict_0004_0155" 8189
"/Engine/EngineMaterials/Substrate/Glints2/dict_0004_0156" 8190
"/Engine/EngineMaterials/Substrate/Glints2/dict_0004_0157" 8191
"/Engine/EngineMaterials/Substrate/Glints2/dict_0004_0158" 8192
"/Engine/EngineMaterials/Substrate/Glints2/dict_0004_0159" 8193
"/Engine/EngineMaterials/Substrate/Glints2/dict_0004_0160" 8194
"/Engine/EngineMaterials/Substrate/Glints2/dict_0004_0161" 8195
"/Engine/EngineMaterials/Substrate/Glints2/dict_0004_0162" 8196
"../../../Engine/Content/EngineMaterials/Substrate/Glints2/dict_0004_0128.uasset" 8197
"../../../Engine/Content/EngineMaterials/Substrate/Glints2/dict_0004_0127.uasset" 8198
"../../../Engine/Content/EngineMaterials/Substrate/Glints2/dict_0004_0130.uasset" 8199
"../../../Engine/Content/EngineMaterials/Substrate/Glints2/dict_0004_0125.uasset" 8200
"../../../Engine/Content/EngineMaterials/Substrate/Glints2/dict_0004_0126.uasset" 8201
"../../../Engine/Content/EngineMaterials/Substrate/Glints2/dict_0004_0129.uasset" 8202
"/Engine/EngineMaterials/Substrate/Glints2/dict_0004_0131" 8203
"../../../Engine/Content/EngineMaterials/Substrate/Glints2/dict_0004_0124.uasset" 8204
"../../../Engine/Content/EngineMaterials/Substrate/Glints2/dict_0004_0123.uasset" 8205
"../../../Engine/Content/EngineMaterials/Substrate/Glints2/dict_0004_0120.uasset" 8206
"../../../Engine/Content/EngineMaterials/Substrate/Glints2/dict_0004_0119.uasset" 8207
"../../../Engine/Content/EngineMaterials/Substrate/Glints2/dict_0004_0121.uasset" 8208
"../../../Engine/Content/EngineMaterials/Substrate/Glints2/dict_0004_0118.uasset" 8209
"/Engine/EngineMaterials/Substrate/Glints2/dict_0004_0132" 8210
"../../../Engine/Content/EngineMaterials/Substrate/Glints2/dict_0004_0122.uasset" 8211
"../../../Engine/Content/EngineMaterials/Substrate/Glints2/dict_0004_0116.uasset" 8212
"../../../Engine/Content/EngineMaterials/Substrate/Glints2/dict_0004_0117.uasset" 8213
"../../../Engine/Content/EngineMaterials/Substrate/Glints2/dict_0004_0115.uasset" 8214
"/Engine/EngineMaterials/Substrate/Glints2/dict_0004_0133" 8215
"/Engine/EngineMaterials/Substrate/Glints2/dict_0004_0134" 8216
"/Engine/EngineMaterials/Substrate/Glints2/dict_0004_0135" 8217
"/Engine/EngineMaterials/Substrate/Glints2/dict_0004_0136" 8218
"/Engine/EngineMaterials/Substrate/Glints2/dict_0004_0137" 8219
"/Engine/EngineMaterials/Substrate/Glints2/dict_0004_0138" 8220
"/Engine/EngineMaterials/Substrate/Glints2/dict_0004_0139" 8221
"/Engine/EngineMaterials/Substrate/Glints2/dict_0004_0140" 8222
"/Engine/EngineMaterials/Substrate/Glints2/dict_0004_0141" 8223
"/Engine/EngineMaterials/Substrate/Glints2/dict_0004_0142" 8224
"/Engine/EngineMaterials/Substrate/Glints2/dict_0004_0143" 8225
"/Engine/EngineMaterials/Substrate/Glints2/dict_0004_0144" 8226
"/Engine/EngineMaterials/Substrate/Glints2/dict_0004_0145" 8227
"/Engine/EngineMaterials/Substrate/Glints2/dict_0004_0146" 8228
"../../../Engine/Content/EngineMaterials/Substrate/Glints2/dict_0004_0113.uasset" 8229
"../../../Engine/Content/EngineMaterials/Substrate/Glints2/dict_0004_0114.uasset" 8230
"../../../Engine/Content/EngineMaterials/Substrate/Glints2/dict_0004_0109.uasset" 8231
"../../../Engine/Content/EngineMaterials/Substrate/Glints2/dict_0004_0110.uasset" 8232
"../../../Engine/Content/EngineMaterials/Substrate/Glints2/dict_0004_0112.uasset" 8233
"../../../Engine/Content/EngineMaterials/Substrate/Glints2/dict_0004_0107.uasset" 8234
"/Engine/EngineMaterials/Substrate/Glints2/dict_0004_0115" 8235
"../../../Engine/Content/EngineMaterials/Substrate/Glints2/dict_0004_0106.uasset" 8236
"../../../Engine/Content/EngineMaterials/Substrate/Glints2/dict_0004_0108.uasset" 8237
"../../../Engine/Content/EngineMaterials/Substrate/Glints2/dict_0004_0105.uasset" 8238
"../../../Engine/Content/EngineMaterials/Substrate/Glints2/dict_0004_0111.uasset" 8239
"/Engine/EngineMaterials/Substrate/Glints2/dict_0004_0116" 8240
"../../../Engine/Content/EngineMaterials/Substrate/Glints2/dict_0004_0103.uasset" 8241
"../../../Engine/Content/EngineMaterials/Substrate/Glints2/dict_0004_0102.uasset" 8242
"../../../Engine/Content/EngineMaterials/Substrate/Glints2/dict_0004_0099.uasset" 8243
"../../../Engine/Content/EngineMaterials/Substrate/Glints2/dict_0004_0104.uasset" 8244
"/Engine/EngineMaterials/Substrate/Glints2/dict_0004_0117" 8245
"../../../Engine/Content/EngineMaterials/Substrate/Glints2/dict_0004_0100.uasset" 8246
"../../../Engine/Content/EngineMaterials/Substrate/Glints2/dict_0004_0101.uasset" 8247
"/Engine/EngineMaterials/Substrate/Glints2/dict_0004_0118" 8248
"/Engine/EngineMaterials/Substrate/Glints2/dict_0004_0119" 8249
"/Engine/EngineMaterials/Substrate/Glints2/dict_0004_0120" 8250
"/Engine/EngineMaterials/Substrate/Glints2/dict_0004_0121" 8251
"/Engine/EngineMaterials/Substrate/Glints2/dict_0004_0122" 8252
"/Engine/EngineMaterials/Substrate/Glints2/dict_0004_0123" 8253
"/Engine/EngineMaterials/Substrate/Glints2/dict_0004_0124" 8254
"/Engine/EngineMaterials/Substrate/Glints2/dict_0004_0125" 8255
"/Engine/EngineMaterials/Substrate/Glints2/dict_0004_0126" 8256
"/Engine/EngineMaterials/Substrate/Glints2/dict_0004_0127" 8257
"/Engine/EngineMaterials/Substrate/Glints2/dict_0004_0128" 8258
"/Engine/EngineMaterials/Substrate/Glints2/dict_0004_0129" 8259
"/Engine/EngineMaterials/Substrate/Glints2/dict_0004_0130" 8260
"/Engine/EngineMaterials/Substrate/Glints2/dict_0004_0099" 8261
"../../../Engine/Content/EngineMaterials/Substrate/Glints2/dict_0004_0098.uasset" 8262
"../../../Engine/Content/EngineMaterials/Substrate/Glints2/dict_0004_0096.uasset" 8263
"../../../Engine/Content/EngineMaterials/Substrate/Glints2/dict_0004_0097.uasset" 8264
"../../../Engine/Content/EngineMaterials/Substrate/Glints2/dict_0004_0095.uasset" 8265
"../../../Engine/Content/EngineMaterials/Substrate/Glints2/dict_0004_0094.uasset" 8266
"/Engine/EngineMaterials/Substrate/Glints2/dict_0004_0100" 8267
"../../../Engine/Content/EngineMaterials/Substrate/Glints2/dict_0004_0093.uasset" 8268
"../../../Engine/Content/EngineMaterials/Substrate/Glints2/dict_0004_0092.uasset" 8269
"../../../Engine/Content/EngineMaterials/Substrate/Glints2/dict_0004_0091.uasset" 8270
"../../../Engine/Content/EngineMaterials/Substrate/Glints2/dict_0004_0090.uasset" 8271
"/Engine/EngineMaterials/Substrate/Glints2/dict_0004_0101" 8272
"../../../Engine/Content/EngineMaterials/Substrate/Glints2/dict_0004_0089.uasset" 8273
"../../../Engine/Content/EngineMaterials/Substrate/Glints2/dict_0004_0086.uasset" 8274
"../../../Engine/Content/EngineMaterials/Substrate/Glints2/dict_0004_0088.uasset" 8275
"../../../Engine/Content/EngineMaterials/Substrate/Glints2/dict_0004_0087.uasset" 8276
"../../../Engine/Content/EngineMaterials/Substrate/Glints2/dict_0004_0085.uasset" 8277
"../../../Engine/Content/EngineMaterials/Substrate/Glints2/dict_0004_0084.uasset" 8278
"../../../Engine/Content/EngineMaterials/Substrate/Glints2/dict_0004_0083.uasset" 8279
"/Engine/EngineMaterials/Substrate/Glints2/dict_0004_0102" 8280
"/Engine/EngineMaterials/Substrate/Glints2/dict_0004_0103" 8281
"/Engine/EngineMaterials/Substrate/Glints2/dict_0004_0104" 8282
"/Engine/EngineMaterials/Substrate/Glints2/dict_0004_0105" 8283
"/Engine/EngineMaterials/Substrate/Glints2/dict_0004_0106" 8284
"/Engine/EngineMaterials/Substrate/Glints2/dict_0004_0107" 8285
"/Engine/EngineMaterials/Substrate/Glints2/dict_0004_0108" 8286
"/Engine/EngineMaterials/Substrate/Glints2/dict_0004_0109" 8287
"/Engine/EngineMaterials/Substrate/Glints2/dict_0004_0110" 8288
"/Engine/EngineMaterials/Substrate/Glints2/dict_0004_0111" 8289
"/Engine/EngineMaterials/Substrate/Glints2/dict_0004_0112" 8290
"/Engine/EngineMaterials/Substrate/Glints2/dict_0004_0113" 8291
"/Engine/EngineMaterials/Substrate/Glints2/dict_0004_0114" 8292
"../../../Engine/Content/EngineMaterials/Substrate/Glints2/dict_0004_0081.uasset" 8293
"../../../Engine/Content/EngineMaterials/Substrate/Glints2/dict_0004_0080.uasset" 8294
"../../../Engine/Content/EngineMaterials/Substrate/Glints2/dict_0004_0082.uasset" 8295
"../../../Engine/Content/EngineMaterials/Substrate/Glints2/dict_0004_0079.uasset" 8296
"../../../Engine/Content/EngineMaterials/Substrate/Glints2/dict_0004_0078.uasset" 8297
"/Engine/EngineMaterials/Substrate/Glints2/dict_0004_0083" 8298
"../../../Engine/Content/EngineMaterials/Substrate/Glints2/dict_0004_0075.uasset" 8299
"../../../Engine/Content/EngineMaterials/Substrate/Glints2/dict_0004_0076.uasset" 8300
"../../../Engine/Content/EngineMaterials/Substrate/Glints2/dict_0004_0073.uasset" 8301
"../../../Engine/Content/EngineMaterials/Substrate/Glints2/dict_0004_0074.uasset" 8302
"../../../Engine/Content/EngineMaterials/Substrate/Glints2/dict_0004_0077.uasset" 8303
"../../../Engine/Content/EngineMaterials/Substrate/Glints2/dict_0004_0072.uasset" 8304
"../../../Engine/Content/EngineMaterials/Substrate/Glints2/dict_0004_0069.uasset" 8305
"../../../Engine/Content/EngineMaterials/Substrate/Glints2/dict_0004_0071.uasset" 8306
"../../../Engine/Content/EngineMaterials/Substrate/Glints2/dict_0004_0070.uasset" 8307
"../../../Engine/Content/EngineMaterials/Substrate/Glints2/dict_0004_0068.uasset" 8308
"/Engine/EngineMaterials/Substrate/Glints2/dict_0004_0084" 8309
"../../../Engine/Content/EngineMaterials/Substrate/Glints2/dict_0004_0067.uasset" 8310
"/Engine/EngineMaterials/Substrate/Glints2/dict_0004_0085" 8311
"/Engine/EngineMaterials/Substrate/Glints2/dict_0004_0086" 8312
"/Engine/EngineMaterials/Substrate/Glints2/dict_0004_0087" 8313
"/Engine/EngineMaterials/Substrate/Glints2/dict_0004_0088" 8314
"/Engine/EngineMaterials/Substrate/Glints2/dict_0004_0089" 8315
"/Engine/EngineMaterials/Substrate/Glints2/dict_0004_0090" 8316
"/Engine/EngineMaterials/Substrate/Glints2/dict_0004_0091" 8317
"/Engine/EngineMaterials/Substrate/Glints2/dict_0004_0092" 8318
"/Engine/EngineMaterials/Substrate/Glints2/dict_0004_0093" 8319
"/Engine/EngineMaterials/Substrate/Glints2/dict_0004_0094" 8320
"/Engine/EngineMaterials/Substrate/Glints2/dict_0004_0095" 8321
"/Engine/EngineMaterials/Substrate/Glints2/dict_0004_0096" 8322
"/Engine/EngineMaterials/Substrate/Glints2/dict_0004_0097" 8323
"/Engine/EngineMaterials/Substrate/Glints2/dict_0004_0098" 8324
"../../../Engine/Content/EngineMaterials/Substrate/Glints2/dict_0004_0064.uasset" 8325
"../../../Engine/Content/EngineMaterials/Substrate/Glints2/dict_0004_0061.uasset" 8326
"../../../Engine/Content/EngineMaterials/Substrate/Glints2/dict_0004_0066.uasset" 8327
"../../../Engine/Content/EngineMaterials/Substrate/Glints2/dict_0004_0062.uasset" 8328
"../../../Engine/Content/EngineMaterials/Substrate/Glints2/dict_0004_0065.uasset" 8329
"../../../Engine/Content/EngineMaterials/Substrate/Glints2/dict_0004_0058.uasset" 8330
"../../../Engine/Content/EngineMaterials/Substrate/Glints2/dict_0004_0059.uasset" 8331
"../../../Engine/Content/EngineMaterials/Substrate/Glints2/dict_0004_0057.uasset" 8332
"/Engine/EngineMaterials/Substrate/Glints2/dict_0004_0067" 8333
"../../../Engine/Content/EngineMaterials/Substrate/Glints2/dict_0004_0060.uasset" 8334
"../../../Engine/Content/EngineMaterials/Substrate/Glints2/dict_0004_0063.uasset" 8335
"../../../Engine/Content/EngineMaterials/Substrate/Glints2/dict_0004_0056.uasset" 8336
"../../../Engine/Content/EngineMaterials/Substrate/Glints2/dict_0004_0055.uasset" 8337
"../../../Engine/Content/EngineMaterials/Substrate/Glints2/dict_0004_0053.uasset" 8338
"../../../Engine/Content/EngineMaterials/Substrate/Glints2/dict_0004_0051.uasset" 8339
"../../../Engine/Content/EngineMaterials/Substrate/Glints2/dict_0004_0054.uasset" 8340
"../../../Engine/Content/EngineMaterials/Substrate/Glints2/dict_0004_0052.uasset" 8341
"/Engine/EngineMaterials/Substrate/Glints2/dict_0004_0068" 8342
"/Engine/EngineMaterials/Substrate/Glints2/dict_0004_0069" 8343
"/Engine/EngineMaterials/Substrate/Glints2/dict_0004_0070" 8344
"/Engine/EngineMaterials/Substrate/Glints2/dict_0004_0071" 8345
"/Engine/EngineMaterials/Substrate/Glints2/dict_0004_0072" 8346
"/Engine/EngineMaterials/Substrate/Glints2/dict_0004_0073" 8347
"/Engine/EngineMaterials/Substrate/Glints2/dict_0004_0074" 8348
"/Engine/EngineMaterials/Substrate/Glints2/dict_0004_0075" 8349
"/Engine/EngineMaterials/Substrate/Glints2/dict_0004_0076" 8350
"/Engine/EngineMaterials/Substrate/Glints2/dict_0004_0077" 8351
"/Engine/EngineMaterials/Substrate/Glints2/dict_0004_0078" 8352
"/Engine/EngineMaterials/Substrate/Glints2/dict_0004_0079" 8353
"/Engine/EngineMaterials/Substrate/Glints2/dict_0004_0080" 8354
"/Engine/EngineMaterials/Substrate/Glints2/dict_0004_0081" 8355
"/Engine/EngineMaterials/Substrate/Glints2/dict_0004_0082" 8356
"../../../Engine/Content/EngineMaterials/Substrate/Glints2/dict_0004_0049.uasset" 8357
"../../../Engine/Content/EngineMaterials/Substrate/Glints2/dict_0004_0045.uasset" 8358
"../../../Engine/Content/EngineMaterials/Substrate/Glints2/dict_0004_0044.uasset" 8359
"../../../Engine/Content/EngineMaterials/Substrate/Glints2/dict_0004_0042.uasset" 8360
"/Engine/EngineMaterials/Substrate/Glints2/dict_0004_0051" 8361
"../../../Engine/Content/EngineMaterials/Substrate/Glints2/dict_0004_0046.uasset" 8362
"../../../Engine/Content/EngineMaterials/Substrate/Glints2/dict_0004_0047.uasset" 8363
"../../../Engine/Content/EngineMaterials/Substrate/Glints2/dict_0004_0041.uasset" 8364
"../../../Engine/Content/EngineMaterials/Substrate/Glints2/dict_0004_0048.uasset" 8365
"../../../Engine/Content/EngineMaterials/Substrate/Glints2/dict_0004_0050.uasset" 8366
"../../../Engine/Content/EngineMaterials/Substrate/Glints2/dict_0004_0039.uasset" 8367
"../../../Engine/Content/EngineMaterials/Substrate/Glints2/dict_0004_0036.uasset" 8368
"../../../Engine/Content/EngineMaterials/Substrate/Glints2/dict_0004_0043.uasset" 8369
"../../../Engine/Content/EngineMaterials/Substrate/Glints2/dict_0004_0038.uasset" 8370
"../../../Engine/Content/EngineMaterials/Substrate/Glints2/dict_0004_0037.uasset" 8371
"/Engine/EngineMaterials/Substrate/Glints2/dict_0004_0052" 8372
"../../../Engine/Content/EngineMaterials/Substrate/Glints2/dict_0004_0035.uasset" 8373
"../../../Engine/Content/EngineMaterials/Substrate/Glints2/dict_0004_0040.uasset" 8374
"/Engine/EngineMaterials/Substrate/Glints2/dict_0004_0053" 8375
"/Engine/EngineMaterials/Substrate/Glints2/dict_0004_0054" 8376
"/Engine/EngineMaterials/Substrate/Glints2/dict_0004_0055" 8377
"/Engine/EngineMaterials/Substrate/Glints2/dict_0004_0056" 8378
"/Engine/EngineMaterials/Substrate/Glints2/dict_0004_0057" 8379
"/Engine/EngineMaterials/Substrate/Glints2/dict_0004_0058" 8380
"/Engine/EngineMaterials/Substrate/Glints2/dict_0004_0059" 8381
"/Engine/EngineMaterials/Substrate/Glints2/dict_0004_0060" 8382
"/Engine/EngineMaterials/Substrate/Glints2/dict_0004_0061" 8383
"/Engine/EngineMaterials/Substrate/Glints2/dict_0004_0062" 8384
"/Engine/EngineMaterials/Substrate/Glints2/dict_0004_0063" 8385
"/Engine/EngineMaterials/Substrate/Glints2/dict_0004_0064" 8386
"/Engine/EngineMaterials/Substrate/Glints2/dict_0004_0065" 8387
"/Engine/EngineMaterials/Substrate/Glints2/dict_0004_0066" 8388
"/Engine/EngineMaterials/Substrate/Glints2/dict_0004_0035" 8389
"../../../Engine/Content/EngineMaterials/Substrate/Glints2/dict_0004_0034.uasset" 8390
"../../../Engine/Content/EngineMaterials/Substrate/Glints2/dict_0004_0030.uasset" 8391
"../../../Engine/Content/EngineMaterials/Substrate/Glints2/dict_0004_0031.uasset" 8392
"../../../Engine/Content/EngineMaterials/Substrate/Glints2/dict_0004_0029.uasset" 8393
"../../../Engine/Content/EngineMaterials/Substrate/Glints2/dict_0004_0033.uasset" 8394
"../../../Engine/Content/EngineMaterials/Substrate/Glints2/dict_0004_0026.uasset" 8395
"../../../Engine/Content/EngineMaterials/Substrate/Glints2/dict_0004_0028.uasset" 8396
"../../../Engine/Content/EngineMaterials/Substrate/Glints2/dict_0004_0027.uasset" 8397
"../../../Engine/Content/EngineMaterials/Substrate/Glints2/dict_0004_0032.uasset" 8398
"../../../Engine/Content/EngineMaterials/Substrate/Glints2/dict_0004_0025.uasset" 8399
"/Engine/EngineMaterials/Substrate/Glints2/dict_0004_0036" 8400
"../../../Engine/Content/EngineMaterials/Substrate/Glints2/dict_0004_0023.uasset" 8401
"../../../Engine/Content/EngineMaterials/Substrate/Glints2/dict_0004_0024.uasset" 8402
"../../../Engine/Content/EngineMaterials/Substrate/Glints2/dict_0004_0021.uasset" 8403
"../../../Engine/Content/EngineMaterials/Substrate/Glints2/dict_0004_0022.uasset" 8404
"../../../Engine/Content/EngineMaterials/Substrate/Glints2/dict_0004_0020.uasset" 8405
"../../../Engine/Content/EngineMaterials/Substrate/Glints2/dict_0004_0019.uasset" 8406
"/Engine/EngineMaterials/Substrate/Glints2/dict_0004_0037" 8407
"/Engine/EngineMaterials/Substrate/Glints2/dict_0004_0038" 8408
"/Engine/EngineMaterials/Substrate/Glints2/dict_0004_0039" 8409
"/Engine/EngineMaterials/Substrate/Glints2/dict_0004_0040" 8410
"/Engine/EngineMaterials/Substrate/Glints2/dict_0004_0041" 8411
"/Engine/EngineMaterials/Substrate/Glints2/dict_0004_0042" 8412
"/Engine/EngineMaterials/Substrate/Glints2/dict_0004_0043" 8413
"/Engine/EngineMaterials/Substrate/Glints2/dict_0004_0044" 8414
"/Engine/EngineMaterials/Substrate/Glints2/dict_0004_0045" 8415
"/Engine/EngineMaterials/Substrate/Glints2/dict_0004_0046" 8416
"/Engine/EngineMaterials/Substrate/Glints2/dict_0004_0047" 8417
"/Engine/EngineMaterials/Substrate/Glints2/dict_0004_0048" 8418
"/Engine/EngineMaterials/Substrate/Glints2/dict_0004_0049" 8419
"/Engine/EngineMaterials/Substrate/Glints2/dict_0004_0050" 8420
"../../../Engine/Content/EngineMaterials/Substrate/Glints2/dict_0004_0018.uasset" 8421
"../../../Engine/Content/EngineMaterials/Substrate/Glints2/dict_0004_0014.uasset" 8422
"../../../Engine/Content/EngineMaterials/Substrate/Glints2/dict_0004_0013.uasset" 8423
"../../../Engine/Content/EngineMaterials/Substrate/Glints2/dict_0004_0012.uasset" 8424
"/Engine/EngineMaterials/Substrate/Glints2/dict_0004_0019" 8425
"../../../Engine/Content/EngineMaterials/Substrate/Glints2/dict_0004_0015.uasset" 8426
"../../../Engine/Content/EngineMaterials/Substrate/Glints2/dict_0004_0011.uasset" 8427
"../../../Engine/Content/EngineMaterials/Substrate/Glints2/dict_0004_0010.uasset" 8428
"../../../Engine/Content/EngineMaterials/Substrate/Glints2/dict_0004_0017.uasset" 8429
"../../../Engine/Content/EngineMaterials/Substrate/Glints2/dict_0004_0016.uasset" 8430
"../../../Engine/Content/EngineMaterials/Substrate/Glints2/dict_0004_0009.uasset" 8431
"/Engine/EngineMaterials/Substrate/Glints2/dict_0004_0020" 8432
"../../../Engine/Content/EngineMaterials/Substrate/Glints2/dict_0004_0006.uasset" 8433
"../../../Engine/Content/EngineMaterials/Substrate/Glints2/dict_0004_0005.uasset" 8434
"../../../Engine/Content/EngineMaterials/Substrate/Glints2/dict_0004_0007.uasset" 8435
"../../../Engine/Content/EngineMaterials/Substrate/Glints2/dict_0004_0008.uasset" 8436
"../../../Engine/Content/EngineMaterials/Substrate/Glints2/dict_0004_0004.uasset" 8437
"../../../Engine/Content/EngineMaterials/Substrate/Glints2/dict_0004_0003.uasset" 8438
"/Engine/EngineMaterials/Substrate/Glints2/dict_0004_0021" 8439
"/Engine/EngineMaterials/Substrate/Glints2/dict_0004_0022" 8440
"/Engine/EngineMaterials/Substrate/Glints2/dict_0004_0023" 8441
"/Engine/EngineMaterials/Substrate/Glints2/dict_0004_0024" 8442
"/Engine/EngineMaterials/Substrate/Glints2/dict_0004_0025" 8443
"/Engine/EngineMaterials/Substrate/Glints2/dict_0004_0026" 8444
"/Engine/EngineMaterials/Substrate/Glints2/dict_0004_0027" 8445
"/Engine/EngineMaterials/Substrate/Glints2/dict_0004_0028" 8446
"/Engine/EngineMaterials/Substrate/Glints2/dict_0004_0029" 8447
"/Engine/EngineMaterials/Substrate/Glints2/dict_0004_0030" 8448
"/Engine/EngineMaterials/Substrate/Glints2/dict_0004_0031" 8449
"/Engine/EngineMaterials/Substrate/Glints2/dict_0004_0032" 8450
"/Engine/EngineMaterials/Substrate/Glints2/dict_0004_0033" 8451
"/Engine/EngineMaterials/Substrate/Glints2/dict_0004_0034" 8452
"../../../Engine/Content/EngineMaterials/Substrate/Glints2/dict_0003_0254.uasset" 8453
"../../../Engine/Content/EngineMaterials/Substrate/Glints2/dict_0004_0000.uasset" 8454
"../../../Engine/Content/EngineMaterials/Substrate/Glints2/dict_0003_0253.uasset" 8455
"/Engine/EngineMaterials/Substrate/Glints2/dict_0004_0003" 8456
"../../../Engine/Content/EngineMaterials/Substrate/Glints2/dict_0003_0251.uasset" 8457
"../../../Engine/Content/EngineMaterials/Substrate/Glints2/dict_0003_0250.uasset" 8458
"../../../Engine/Content/EngineMaterials/Substrate/Glints2/dict_0003_0252.uasset" 8459
"../../../Engine/Content/EngineMaterials/Substrate/Glints2/dict_0004_0002.uasset" 8460
"../../../Engine/Content/EngineMaterials/Substrate/Glints2/dict_0003_0249.uasset" 8461
"../../../Engine/Content/EngineMaterials/Substrate/Glints2/dict_0003_0255.uasset" 8462
"../../../Engine/Content/EngineMaterials/Substrate/Glints2/dict_0004_0001.uasset" 8463
"../../../Engine/Content/EngineMaterials/Substrate/Glints2/dict_0003_0246.uasset" 8464
"../../../Engine/Content/EngineMaterials/Substrate/Glints2/dict_0003_0247.uasset" 8465
"/Engine/EngineMaterials/Substrate/Glints2/dict_0004_0004" 8466
"../../../Engine/Content/EngineMaterials/Substrate/Glints2/dict_0003_0245.uasset" 8467
"../../../Engine/Content/EngineMaterials/Substrate/Glints2/dict_0003_0244.uasset" 8468
"../../../Engine/Content/EngineMaterials/Substrate/Glints2/dict_0003_0243.uasset" 8469
"../../../Engine/Content/EngineMaterials/Substrate/Glints2/dict_0003_0248.uasset" 8470
"/Engine/EngineMaterials/Substrate/Glints2/dict_0004_0005" 8471
"/Engine/EngineMaterials/Substrate/Glints2/dict_0004_0006" 8472
"/Engine/EngineMaterials/Substrate/Glints2/dict_0004_0007" 8473
"/Engine/EngineMaterials/Substrate/Glints2/dict_0004_0008" 8474
"/Engine/EngineMaterials/Substrate/Glints2/dict_0004_0009" 8475
"/Engine/EngineMaterials/Substrate/Glints2/dict_0004_0010" 8476
"/Engine/EngineMaterials/Substrate/Glints2/dict_0004_0011" 8477
"/Engine/EngineMaterials/Substrate/Glints2/dict_0004_0012" 8478
"/Engine/EngineMaterials/Substrate/Glints2/dict_0004_0013" 8479
"/Engine/EngineMaterials/Substrate/Glints2/dict_0004_0014" 8480
"/Engine/EngineMaterials/Substrate/Glints2/dict_0004_0015" 8481
"/Engine/EngineMaterials/Substrate/Glints2/dict_0004_0016" 8482
"/Engine/EngineMaterials/Substrate/Glints2/dict_0004_0017" 8483
"/Engine/EngineMaterials/Substrate/Glints2/dict_0004_0018" 8484
"/Engine/EngineMaterials/Substrate/Glints2/dict_0003_0243" 8485
"../../../Engine/Content/EngineMaterials/Substrate/Glints2/dict_0003_0239.uasset" 8486
"../../../Engine/Content/EngineMaterials/Substrate/Glints2/dict_0003_0241.uasset" 8487
"../../../Engine/Content/EngineMaterials/Substrate/Glints2/dict_0003_0238.uasset" 8488
"../../../Engine/Content/EngineMaterials/Substrate/Glints2/dict_0003_0240.uasset" 8489
"../../../Engine/Content/EngineMaterials/Substrate/Glints2/dict_0003_0235.uasset" 8490
"../../../Engine/Content/EngineMaterials/Substrate/Glints2/dict_0003_0237.uasset" 8491
"../../../Engine/Content/EngineMaterials/Substrate/Glints2/dict_0003_0236.uasset" 8492
"../../../Engine/Content/EngineMaterials/Substrate/Glints2/dict_0003_0234.uasset" 8493
"../../../Engine/Content/EngineMaterials/Substrate/Glints2/dict_0003_0233.uasset" 8494
"../../../Engine/Content/EngineMaterials/Substrate/Glints2/dict_0003_0242.uasset" 8495
"/Engine/EngineMaterials/Substrate/Glints2/dict_0003_0244" 8496
"../../../Engine/Content/EngineMaterials/Substrate/Glints2/dict_0003_0232.uasset" 8497
"../../../Engine/Content/EngineMaterials/Substrate/Glints2/dict_0003_0229.uasset" 8498
"../../../Engine/Content/EngineMaterials/Substrate/Glints2/dict_0003_0231.uasset" 8499
"../../../Engine/Content/EngineMaterials/Substrate/Glints2/dict_0003_0230.uasset" 8500
"../../../Engine/Content/EngineMaterials/Substrate/Glints2/dict_0003_0228.uasset" 8501
"../../../Engine/Content/EngineMaterials/Substrate/Glints2/dict_0003_0227.uasset" 8502
"/Engine/EngineMaterials/Substrate/Glints2/dict_0003_0245" 8503
"/Engine/EngineMaterials/Substrate/Glints2/dict_0003_0246" 8504
"/Engine/EngineMaterials/Substrate/Glints2/dict_0003_0247" 8505
"/Engine/EngineMaterials/Substrate/Glints2/dict_0003_0248" 8506
"/Engine/EngineMaterials/Substrate/Glints2/dict_0003_0249" 8507
"/Engine/EngineMaterials/Substrate/Glints2/dict_0003_0250" 8508
"/Engine/EngineMaterials/Substrate/Glints2/dict_0003_0251" 8509
"/Engine/EngineMaterials/Substrate/Glints2/dict_0003_0252" 8510
"/Engine/EngineMaterials/Substrate/Glints2/dict_0003_0253" 8511
"/Engine/EngineMaterials/Substrate/Glints2/dict_0003_0254" 8512
"/Engine/EngineMaterials/Substrate/Glints2/dict_0003_0255" 8513
"/Engine/EngineMaterials/Substrate/Glints2/dict_0004_0000" 8514
"/Engine/EngineMaterials/Substrate/Glints2/dict_0004_0001" 8515
"/Engine/EngineMaterials/Substrate/Glints2/dict_0004_0002" 8516
"../../../Engine/Content/EngineMaterials/Substrate/Glints2/dict_0003_0223.uasset" 8517
"../../../Engine/Content/EngineMaterials/Substrate/Glints2/dict_0003_0224.uasset" 8518
"../../../Engine/Content/EngineMaterials/Substrate/Glints2/dict_0003_0226.uasset" 8519
"../../../Engine/Content/EngineMaterials/Substrate/Glints2/dict_0003_0220.uasset" 8520
"../../../Engine/Content/EngineMaterials/Substrate/Glints2/dict_0003_0219.uasset" 8521
"../../../Engine/Content/EngineMaterials/Substrate/Glints2/dict_0003_0218.uasset" 8522
"../../../Engine/Content/EngineMaterials/Substrate/Glints2/dict_0003_0222.uasset" 8523
"../../../Engine/Content/EngineMaterials/Substrate/Glints2/dict_0003_0217.uasset" 8524
"../../../Engine/Content/EngineMaterials/Substrate/Glints2/dict_0003_0225.uasset" 8525
"/Engine/EngineMaterials/Substrate/Glints2/dict_0003_0227" 8526
"../../../Engine/Content/EngineMaterials/Substrate/Glints2/dict_0003_0221.uasset" 8527
"../../../Engine/Content/EngineMaterials/Substrate/Glints2/dict_0003_0214.uasset" 8528
"../../../Engine/Content/EngineMaterials/Substrate/Glints2/dict_0003_0216.uasset" 8529
"../../../Engine/Content/EngineMaterials/Substrate/Glints2/dict_0003_0213.uasset" 8530
"../../../Engine/Content/EngineMaterials/Substrate/Glints2/dict_0003_0215.uasset" 8531
"../../../Engine/Content/EngineMaterials/Substrate/Glints2/dict_0003_0211.uasset" 8532
"../../../Engine/Content/EngineMaterials/Substrate/Glints2/dict_0003_0212.uasset" 8533
"/Engine/EngineMaterials/Substrate/Glints2/dict_0003_0228" 8534
"/Engine/EngineMaterials/Substrate/Glints2/dict_0003_0229" 8535
"/Engine/EngineMaterials/Substrate/Glints2/dict_0003_0230" 8536
"/Engine/EngineMaterials/Substrate/Glints2/dict_0003_0231" 8537
"/Engine/EngineMaterials/Substrate/Glints2/dict_0003_0232" 8538
"/Engine/EngineMaterials/Substrate/Glints2/dict_0003_0233" 8539
"/Engine/EngineMaterials/Substrate/Glints2/dict_0003_0234" 8540
"/Engine/EngineMaterials/Substrate/Glints2/dict_0003_0235" 8541
"/Engine/EngineMaterials/Substrate/Glints2/dict_0003_0236" 8542
"/Engine/EngineMaterials/Substrate/Glints2/dict_0003_0237" 8543
"/Engine/EngineMaterials/Substrate/Glints2/dict_0003_0238" 8544
"/Engine/EngineMaterials/Substrate/Glints2/dict_0003_0239" 8545
"/Engine/EngineMaterials/Substrate/Glints2/dict_0003_0240" 8546
"/Engine/EngineMaterials/Substrate/Glints2/dict_0003_0241" 8547
"/Engine/EngineMaterials/Substrate/Glints2/dict_0003_0242" 8548
"../../../Engine/Content/EngineMaterials/Substrate/Glints2/dict_0003_0210.uasset" 8549
"../../../Engine/Content/EngineMaterials/Substrate/Glints2/dict_0003_0206.uasset" 8550
"/Engine/EngineMaterials/Substrate/Glints2/dict_0003_0211" 8551
"../../../Engine/Content/EngineMaterials/Substrate/Glints2/dict_0003_0202.uasset" 8552
"../../../Engine/Content/EngineMaterials/Substrate/Glints2/dict_0003_0207.uasset" 8553
"../../../Engine/Content/EngineMaterials/Substrate/Glints2/dict_0003_0203.uasset" 8554
"../../../Engine/Content/EngineMaterials/Substrate/Glints2/dict_0003_0209.uasset" 8555
"../../../Engine/Content/EngineMaterials/Substrate/Glints2/dict_0003_0208.uasset" 8556
"../../../Engine/Content/EngineMaterials/Substrate/Glints2/dict_0003_0204.uasset" 8557
"../../../Engine/Content/EngineMaterials/Substrate/Glints2/dict_0003_0201.uasset" 8558
"../../../Engine/Content/EngineMaterials/Substrate/Glints2/dict_0003_0205.uasset" 8559
"../../../Engine/Content/EngineMaterials/Substrate/Glints2/dict_0003_0200.uasset" 8560
"../../../Engine/Content/EngineMaterials/Substrate/Glints2/dict_0003_0199.uasset" 8561
"../../../Engine/Content/EngineMaterials/Substrate/Glints2/dict_0003_0198.uasset" 8562
"/Engine/EngineMaterials/Substrate/Glints2/dict_0003_0212" 8563
"../../../Engine/Content/EngineMaterials/Substrate/Glints2/dict_0003_0196.uasset" 8564
"../../../Engine/Content/EngineMaterials/Substrate/Glints2/dict_0003_0197.uasset" 8565
"../../../Engine/Content/EngineMaterials/Substrate/Glints2/dict_0003_0195.uasset" 8566
"/Engine/EngineMaterials/Substrate/Glints2/dict_0003_0213" 8567
"/Engine/EngineMaterials/Substrate/Glints2/dict_0003_0214" 8568
"/Engine/EngineMaterials/Substrate/Glints2/dict_0003_0215" 8569
"/Engine/EngineMaterials/Substrate/Glints2/dict_0003_0216" 8570
"/Engine/EngineMaterials/Substrate/Glints2/dict_0003_0217" 8571
"/Engine/EngineMaterials/Substrate/Glints2/dict_0003_0218" 8572
"/Engine/EngineMaterials/Substrate/Glints2/dict_0003_0219" 8573
"/Engine/EngineMaterials/Substrate/Glints2/dict_0003_0220" 8574
"/Engine/EngineMaterials/Substrate/Glints2/dict_0003_0221" 8575
"/Engine/EngineMaterials/Substrate/Glints2/dict_0003_0222" 8576
"/Engine/EngineMaterials/Substrate/Glints2/dict_0003_0223" 8577
"/Engine/EngineMaterials/Substrate/Glints2/dict_0003_0224" 8578
"/Engine/EngineMaterials/Substrate/Glints2/dict_0003_0225" 8579
"/Engine/EngineMaterials/Substrate/Glints2/dict_0003_0226" 8580
"/Engine/EngineMaterials/Substrate/Glints2/dict_0003_0195" 8581
"../../../Engine/Content/EngineMaterials/Substrate/Glints2/dict_0003_0192.uasset" 8582
"../../../Engine/Content/EngineMaterials/Substrate/Glints2/dict_0003_0190.uasset" 8583
"../../../Engine/Content/EngineMaterials/Substrate/Glints2/dict_0003_0189.uasset" 8584
"../../../Engine/Content/EngineMaterials/Substrate/Glints2/dict_0003_0187.uasset" 8585
"../../../Engine/Content/EngineMaterials/Substrate/Glints2/dict_0003_0193.uasset" 8586
"../../../Engine/Content/EngineMaterials/Substrate/Glints2/dict_0003_0185.uasset" 8587
"../../../Engine/Content/EngineMaterials/Substrate/Glints2/dict_0003_0191.uasset" 8588
"../../../Engine/Content/EngineMaterials/Substrate/Glints2/dict_0003_0194.uasset" 8589
"../../../Engine/Content/EngineMaterials/Substrate/Glints2/dict_0003_0188.uasset" 8590
"../../../Engine/Content/EngineMaterials/Substrate/Glints2/dict_0003_0186.uasset" 8591
"/Engine/EngineMaterials/Substrate/Glints2/dict_0003_0196" 8592
"../../../Engine/Content/EngineMaterials/Substrate/Glints2/dict_0003_0183.uasset" 8593
"../../../Engine/Content/EngineMaterials/Substrate/Glints2/dict_0003_0182.uasset" 8594
"../../../Engine/Content/EngineMaterials/Substrate/Glints2/dict_0003_0181.uasset" 8595
"../../../Engine/Content/EngineMaterials/Substrate/Glints2/dict_0003_0184.uasset" 8596
"../../../Engine/Content/EngineMaterials/Substrate/Glints2/dict_0003_0180.uasset" 8597
"../../../Engine/Content/EngineMaterials/Substrate/Glints2/dict_0003_0179.uasset" 8598
"/Engine/EngineMaterials/Substrate/Glints2/dict_0003_0197" 8599
"/Engine/EngineMaterials/Substrate/Glints2/dict_0003_0198" 8600
"/Engine/EngineMaterials/Substrate/Glints2/dict_0003_0199" 8601
"/Engine/EngineMaterials/Substrate/Glints2/dict_0003_0200" 8602
"/Engine/EngineMaterials/Substrate/Glints2/dict_0003_0201" 8603
"/Engine/EngineMaterials/Substrate/Glints2/dict_0003_0202" 8604
"/Engine/EngineMaterials/Substrate/Glints2/dict_0003_0203" 8605
"/Engine/EngineMaterials/Substrate/Glints2/dict_0003_0204" 8606
"/Engine/EngineMaterials/Substrate/Glints2/dict_0003_0205" 8607
"/Engine/EngineMaterials/Substrate/Glints2/dict_0003_0206" 8608
"/Engine/EngineMaterials/Substrate/Glints2/dict_0003_0207" 8609
"/Engine/EngineMaterials/Substrate/Glints2/dict_0003_0208" 8610
"/Engine/EngineMaterials/Substrate/Glints2/dict_0003_0209" 8611
"/Engine/EngineMaterials/Substrate/Glints2/dict_0003_0210" 8612
"../../../Engine/Content/EngineMaterials/Substrate/Glints2/dict_0003_0178.uasset" 8613
"/Engine/EngineMaterials/Substrate/Glints2/dict_0003_0179" 8614
"../../../Engine/Content/EngineMaterials/Substrate/Glints2/dict_0003_0177.uasset" 8615
"../../../Engine/Content/EngineMaterials/Substrate/Glints2/dict_0003_0170.uasset" 8616
"../../../Engine/Content/EngineMaterials/Substrate/Glints2/dict_0003_0173.uasset" 8617
"../../../Engine/Content/EngineMaterials/Substrate/Glints2/dict_0003_0172.uasset" 8618
"../../../Engine/Content/EngineMaterials/Substrate/Glints2/dict_0003_0176.uasset" 8619
"../../../Engine/Content/EngineMaterials/Substrate/Glints2/dict_0003_0169.uasset" 8620
"../../../Engine/Content/EngineMaterials/Substrate/Glints2/dict_0003_0171.uasset" 8621
"../../../Engine/Content/EngineMaterials/Substrate/Glints2/dict_0003_0175.uasset" 8622
"../../../Engine/Content/EngineMaterials/Substrate/Glints2/dict_0003_0174.uasset" 8623
"/Engine/EngineMaterials/Substrate/Glints2/dict_0003_0180" 8624
"../../../Engine/Content/EngineMaterials/Substrate/Glints2/dict_0003_0167.uasset" 8625
"../../../Engine/Content/EngineMaterials/Substrate/Glints2/dict_0003_0164.uasset" 8626
"../../../Engine/Content/EngineMaterials/Substrate/Glints2/dict_0003_0163.uasset" 8627
"../../../Engine/Content/EngineMaterials/Substrate/Glints2/dict_0003_0166.uasset" 8628
"../../../Engine/Content/EngineMaterials/Substrate/Glints2/dict_0003_0168.uasset" 8629
"../../../Engine/Content/EngineMaterials/Substrate/Glints2/dict_0003_0165.uasset" 8630
"/Engine/EngineMaterials/Substrate/Glints2/dict_0003_0181" 8631
"/Engine/EngineMaterials/Substrate/Glints2/dict_0003_0182" 8632
"/Engine/EngineMaterials/Substrate/Glints2/dict_0003_0183" 8633
"/Engine/EngineMaterials/Substrate/Glints2/dict_0003_0184" 8634
"/Engine/EngineMaterials/Substrate/Glints2/dict_0003_0185" 8635
"/Engine/EngineMaterials/Substrate/Glints2/dict_0003_0186" 8636
"/Engine/EngineMaterials/Substrate/Glints2/dict_0003_0187" 8637
"/Engine/EngineMaterials/Substrate/Glints2/dict_0003_0188" 8638
"/Engine/EngineMaterials/Substrate/Glints2/dict_0003_0189" 8639
"/Engine/EngineMaterials/Substrate/Glints2/dict_0003_0190" 8640
"/Engine/EngineMaterials/Substrate/Glints2/dict_0003_0191" 8641
"/Engine/EngineMaterials/Substrate/Glints2/dict_0003_0192" 8642
"/Engine/EngineMaterials/Substrate/Glints2/dict_0003_0193" 8643
"/Engine/EngineMaterials/Substrate/Glints2/dict_0003_0194" 8644
"/Engine/EngineMaterials/Substrate/Glints2/dict_0003_0163" 8645
"../../../Engine/Content/EngineMaterials/Substrate/Glints2/dict_0003_0155.uasset" 8646
"../../../Engine/Content/EngineMaterials/Substrate/Glints2/dict_0003_0156.uasset" 8647
"../../../Engine/Content/EngineMaterials/Substrate/Glints2/dict_0003_0158.uasset" 8648
"../../../Engine/Content/EngineMaterials/Substrate/Glints2/dict_0003_0153.uasset" 8649
"../../../Engine/Content/EngineMaterials/Substrate/Glints2/dict_0003_0159.uasset" 8650
"../../../Engine/Content/EngineMaterials/Substrate/Glints2/dict_0003_0154.uasset" 8651
"../../../Engine/Content/EngineMaterials/Substrate/Glints2/dict_0003_0162.uasset" 8652
"../../../Engine/Content/EngineMaterials/Substrate/Glints2/dict_0003_0157.uasset" 8653
"../../../Engine/Content/EngineMaterials/Substrate/Glints2/dict_0003_0161.uasset" 8654
"../../../Engine/Content/EngineMaterials/Substrate/Glints2/dict_0003_0160.uasset" 8655
"/Engine/EngineMaterials/Substrate/Glints2/dict_0003_0164" 8656
"../../../Engine/Content/EngineMaterials/Substrate/Glints2/dict_0003_0152.uasset" 8657
"../../../Engine/Content/EngineMaterials/Substrate/Glints2/dict_0003_0151.uasset" 8658
"../../../Engine/Content/EngineMaterials/Substrate/Glints2/dict_0003_0150.uasset" 8659
"../../../Engine/Content/EngineMaterials/Substrate/Glints2/dict_0003_0149.uasset" 8660
"../../../Engine/Content/EngineMaterials/Substrate/Glints2/dict_0003_0147.uasset" 8661
"../../../Engine/Content/EngineMaterials/Substrate/Glints2/dict_0003_0148.uasset" 8662
"/Engine/EngineMaterials/Substrate/Glints2/dict_0003_0165" 8663
"/Engine/EngineMaterials/Substrate/Glints2/dict_0003_0166" 8664
"/Engine/EngineMaterials/Substrate/Glints2/dict_0003_0167" 8665
"/Engine/EngineMaterials/Substrate/Glints2/dict_0003_0168" 8666
"/Engine/EngineMaterials/Substrate/Glints2/dict_0003_0169" 8667
"/Engine/EngineMaterials/Substrate/Glints2/dict_0003_0170" 8668
"/Engine/EngineMaterials/Substrate/Glints2/dict_0003_0171" 8669
"/Engine/EngineMaterials/Substrate/Glints2/dict_0003_0172" 8670
"/Engine/EngineMaterials/Substrate/Glints2/dict_0003_0173" 8671
"/Engine/EngineMaterials/Substrate/Glints2/dict_0003_0174" 8672
"/Engine/EngineMaterials/Substrate/Glints2/dict_0003_0175" 8673
"/Engine/EngineMaterials/Substrate/Glints2/dict_0003_0176" 8674
"/Engine/EngineMaterials/Substrate/Glints2/dict_0003_0177" 8675
"/Engine/EngineMaterials/Substrate/Glints2/dict_0003_0178" 8676
"../../../Engine/Content/EngineMaterials/Substrate/Glints2/dict_0003_0145.uasset" 8677
"../../../Engine/Content/EngineMaterials/Substrate/Glints2/dict_0003_0139.uasset" 8678
"/Engine/EngineMaterials/Substrate/Glints2/dict_0003_0147" 8679
"../../../Engine/Content/EngineMaterials/Substrate/Glints2/dict_0003_0141.uasset" 8680
"../../../Engine/Content/EngineMaterials/Substrate/Glints2/dict_0003_0138.uasset" 8681
"../../../Engine/Content/EngineMaterials/Substrate/Glints2/dict_0003_0146.uasset" 8682
"../../../Engine/Content/EngineMaterials/Substrate/Glints2/dict_0003_0140.uasset" 8683
"../../../Engine/Content/EngineMaterials/Substrate/Glints2/dict_0003_0143.uasset" 8684
"../../../Engine/Content/EngineMaterials/Substrate/Glints2/dict_0003_0142.uasset" 8685
"../../../Engine/Content/EngineMaterials/Substrate/Glints2/dict_0003_0144.uasset" 8686
"../../../Engine/Content/EngineMaterials/Substrate/Glints2/dict_0003_0137.uasset" 8687
"/Engine/EngineMaterials/Substrate/Glints2/dict_0003_0148" 8688
"../../../Engine/Content/EngineMaterials/Substrate/Glints2/dict_0003_0135.uasset" 8689
"../../../Engine/Content/EngineMaterials/Substrate/Glints2/dict_0003_0136.uasset" 8690
"../../../Engine/Content/EngineMaterials/Substrate/Glints2/dict_0003_0133.uasset" 8691
"../../../Engine/Content/EngineMaterials/Substrate/Glints2/dict_0003_0134.uasset" 8692
"../../../Engine/Content/EngineMaterials/Substrate/Glints2/dict_0003_0132.uasset" 8693
"../../../Engine/Content/EngineMaterials/Substrate/Glints2/dict_0003_0131.uasset" 8694
"/Engine/EngineMaterials/Substrate/Glints2/dict_0003_0149" 8695
"/Engine/EngineMaterials/Substrate/Glints2/dict_0003_0150" 8696
"/Engine/EngineMaterials/Substrate/Glints2/dict_0003_0151" 8697
"/Engine/EngineMaterials/Substrate/Glints2/dict_0003_0152" 8698
"/Engine/EngineMaterials/Substrate/Glints2/dict_0003_0153" 8699
"/Engine/EngineMaterials/Substrate/Glints2/dict_0003_0154" 8700
"/Engine/EngineMaterials/Substrate/Glints2/dict_0003_0155" 8701
"/Engine/EngineMaterials/Substrate/Glints2/dict_0003_0156" 8702
"/Engine/EngineMaterials/Substrate/Glints2/dict_0003_0157" 8703
"/Engine/EngineMaterials/Substrate/Glints2/dict_0003_0158" 8704
"/Engine/EngineMaterials/Substrate/Glints2/dict_0003_0159" 8705
"/Engine/EngineMaterials/Substrate/Glints2/dict_0003_0160" 8706
"/Engine/EngineMaterials/Substrate/Glints2/dict_0003_0161" 8707
"/Engine/EngineMaterials/Substrate/Glints2/dict_0003_0162" 8708
"../../../Engine/Content/EngineMaterials/Substrate/Glints2/dict_0003_0127.uasset" 8709
"../../../Engine/Content/EngineMaterials/Substrate/Glints2/dict_0003_0125.uasset" 8710
"/Engine/EngineMaterials/Substrate/Glints2/dict_0003_0131" 8711
"../../../Engine/Content/EngineMaterials/Substrate/Glints2/dict_0003_0126.uasset" 8712
"../../../Engine/Content/EngineMaterials/Substrate/Glints2/dict_0003_0130.uasset" 8713
"../../../Engine/Content/EngineMaterials/Substrate/Glints2/dict_0003_0122.uasset" 8714
"../../../Engine/Content/EngineMaterials/Substrate/Glints2/dict_0003_0129.uasset" 8715
"../../../Engine/Content/EngineMaterials/Substrate/Glints2/dict_0003_0123.uasset" 8716
"../../../Engine/Content/EngineMaterials/Substrate/Glints2/dict_0003_0121.uasset" 8717
"../../../Engine/Content/EngineMaterials/Substrate/Glints2/dict_0003_0124.uasset" 8718
"../../../Engine/Content/EngineMaterials/Substrate/Glints2/dict_0003_0128.uasset" 8719
"../../../Engine/Content/EngineMaterials/Substrate/Glints2/dict_0003_0120.uasset" 8720
"/Engine/EngineMaterials/Substrate/Glints2/dict_0003_0132" 8721
"../../../Engine/Content/EngineMaterials/Substrate/Glints2/dict_0003_0117.uasset" 8722
"../../../Engine/Content/EngineMaterials/Substrate/Glints2/dict_0003_0116.uasset" 8723
"../../../Engine/Content/EngineMaterials/Substrate/Glints2/dict_0003_0118.uasset" 8724
"../../../Engine/Content/EngineMaterials/Substrate/Glints2/dict_0003_0115.uasset" 8725
"../../../Engine/Content/EngineMaterials/Substrate/Glints2/dict_0003_0119.uasset" 8726
"/Engine/EngineMaterials/Substrate/Glints2/dict_0003_0133" 8727
"/Engine/EngineMaterials/Substrate/Glints2/dict_0003_0134" 8728
"/Engine/EngineMaterials/Substrate/Glints2/dict_0003_0135" 8729
"/Engine/EngineMaterials/Substrate/Glints2/dict_0003_0136" 8730
"/Engine/EngineMaterials/Substrate/Glints2/dict_0003_0137" 8731
"/Engine/EngineMaterials/Substrate/Glints2/dict_0003_0138" 8732
"/Engine/EngineMaterials/Substrate/Glints2/dict_0003_0139" 8733
"/Engine/EngineMaterials/Substrate/Glints2/dict_0003_0140" 8734
"/Engine/EngineMaterials/Substrate/Glints2/dict_0003_0141" 8735
"/Engine/EngineMaterials/Substrate/Glints2/dict_0003_0142" 8736
"/Engine/EngineMaterials/Substrate/Glints2/dict_0003_0143" 8737
"/Engine/EngineMaterials/Substrate/Glints2/dict_0003_0144" 8738
"/Engine/EngineMaterials/Substrate/Glints2/dict_0003_0145" 8739
"/Engine/EngineMaterials/Substrate/Glints2/dict_0003_0146" 8740
"../../../Engine/Content/EngineMaterials/Substrate/Glints2/dict_0003_0114.uasset" 8741
"../../../Engine/Content/EngineMaterials/Substrate/Glints2/dict_0003_0113.uasset" 8742
"../../../Engine/Content/EngineMaterials/Substrate/Glints2/dict_0003_0107.uasset" 8743
"../../../Engine/Content/EngineMaterials/Substrate/Glints2/dict_0003_0108.uasset" 8744
"../../../Engine/Content/EngineMaterials/Substrate/Glints2/dict_0003_0112.uasset" 8745
"/Engine/EngineMaterials/Substrate/Glints2/dict_0003_0115" 8746
"../../../Engine/Content/EngineMaterials/Substrate/Glints2/dict_0003_0106.uasset" 8747
"../../../Engine/Content/EngineMaterials/Substrate/Glints2/dict_0003_0109.uasset" 8748
"../../../Engine/Content/EngineMaterials/Substrate/Glints2/dict_0003_0110.uasset" 8749
"../../../Engine/Content/EngineMaterials/Substrate/Glints2/dict_0003_0111.uasset" 8750
"../../../Engine/Content/EngineMaterials/Substrate/Glints2/dict_0003_0105.uasset" 8751
"../../../Engine/Content/EngineMaterials/Substrate/Glints2/dict_0003_0104.uasset" 8752
"../../../Engine/Content/EngineMaterials/Substrate/Glints2/dict_0003_0102.uasset" 8753
"../../../Engine/Content/EngineMaterials/Substrate/Glints2/dict_0003_0103.uasset" 8754
"../../../Engine/Content/EngineMaterials/Substrate/Glints2/dict_0003_0101.uasset" 8755
"../../../Engine/Content/EngineMaterials/Substrate/Glints2/dict_0003_0100.uasset" 8756
"../../../Engine/Content/EngineMaterials/Substrate/Glints2/dict_0003_0099.uasset" 8757
"/Engine/EngineMaterials/Substrate/Glints2/dict_0003_0116" 8758
"/Engine/EngineMaterials/Substrate/Glints2/dict_0003_0117" 8759
"/Engine/EngineMaterials/Substrate/Glints2/dict_0003_0118" 8760
"/Engine/EngineMaterials/Substrate/Glints2/dict_0003_0119" 8761
"/Engine/EngineMaterials/Substrate/Glints2/dict_0003_0120" 8762
"/Engine/EngineMaterials/Substrate/Glints2/dict_0003_0121" 8763
"/Engine/EngineMaterials/Substrate/Glints2/dict_0003_0122" 8764
"/Engine/EngineMaterials/Substrate/Glints2/dict_0003_0123" 8765
"/Engine/EngineMaterials/Substrate/Glints2/dict_0003_0124" 8766
"/Engine/EngineMaterials/Substrate/Glints2/dict_0003_0125" 8767
"/Engine/EngineMaterials/Substrate/Glints2/dict_0003_0126" 8768
"/Engine/EngineMaterials/Substrate/Glints2/dict_0003_0127" 8769
"/Engine/EngineMaterials/Substrate/Glints2/dict_0003_0128" 8770
"/Engine/EngineMaterials/Substrate/Glints2/dict_0003_0129" 8771
"/Engine/EngineMaterials/Substrate/Glints2/dict_0003_0130" 8772
"/Engine/EngineMaterials/Substrate/Glints2/dict_0003_0099" 8773
"../../../Engine/Content/EngineMaterials/Substrate/Glints2/dict_0003_0094.uasset" 8774
"../../../Engine/Content/EngineMaterials/Substrate/Glints2/dict_0003_0098.uasset" 8775
"../../../Engine/Content/EngineMaterials/Substrate/Glints2/dict_0003_0093.uasset" 8776
"../../../Engine/Content/EngineMaterials/Substrate/Glints2/dict_0003_0092.uasset" 8777
"../../../Engine/Content/EngineMaterials/Substrate/Glints2/dict_0003_0090.uasset" 8778
"../../../Engine/Content/EngineMaterials/Substrate/Glints2/dict_0003_0097.uasset" 8779
"../../../Engine/Content/EngineMaterials/Substrate/Glints2/dict_0003_0089.uasset" 8780
"../../../Engine/Content/EngineMaterials/Substrate/Glints2/dict_0003_0091.uasset" 8781
"../../../Engine/Content/EngineMaterials/Substrate/Glints2/dict_0003_0095.uasset" 8782
"../../../Engine/Content/EngineMaterials/Substrate/Glints2/dict_0003_0096.uasset" 8783
"/Engine/EngineMaterials/Substrate/Glints2/dict_0003_0100" 8784
"../../../Engine/Content/EngineMaterials/Substrate/Glints2/dict_0003_0088.uasset" 8785
"../../../Engine/Content/EngineMaterials/Substrate/Glints2/dict_0003_0087.uasset" 8786
"../../../Engine/Content/EngineMaterials/Substrate/Glints2/dict_0003_0085.uasset" 8787
"../../../Engine/Content/EngineMaterials/Substrate/Glints2/dict_0003_0084.uasset" 8788
"../../../Engine/Content/EngineMaterials/Substrate/Glints2/dict_0003_0086.uasset" 8789
"../../../Engine/Content/EngineMaterials/Substrate/Glints2/dict_0003_0083.uasset" 8790
"/Engine/EngineMaterials/Substrate/Glints2/dict_0003_0101" 8791
"/Engine/EngineMaterials/Substrate/Glints2/dict_0003_0102" 8792
"/Engine/EngineMaterials/Substrate/Glints2/dict_0003_0103" 8793
"/Engine/EngineMaterials/Substrate/Glints2/dict_0003_0104" 8794
"/Engine/EngineMaterials/Substrate/Glints2/dict_0003_0105" 8795
"/Engine/EngineMaterials/Substrate/Glints2/dict_0003_0106" 8796
"/Engine/EngineMaterials/Substrate/Glints2/dict_0003_0107" 8797
"/Engine/EngineMaterials/Substrate/Glints2/dict_0003_0108" 8798
"/Engine/EngineMaterials/Substrate/Glints2/dict_0003_0109" 8799
"/Engine/EngineMaterials/Substrate/Glints2/dict_0003_0110" 8800
"/Engine/EngineMaterials/Substrate/Glints2/dict_0003_0111" 8801
"/Engine/EngineMaterials/Substrate/Glints2/dict_0003_0112" 8802
"/Engine/EngineMaterials/Substrate/Glints2/dict_0003_0113" 8803
"/Engine/EngineMaterials/Substrate/Glints2/dict_0003_0114" 8804
"../../../Engine/Content/EngineMaterials/Substrate/Glints2/dict_0003_0080.uasset" 8805
"../../../Engine/Content/EngineMaterials/Substrate/Glints2/dict_0003_0079.uasset" 8806
"../../../Engine/Content/EngineMaterials/Substrate/Glints2/dict_0003_0078.uasset" 8807
"../../../Engine/Content/EngineMaterials/Substrate/Glints2/dict_0003_0076.uasset" 8808
"../../../Engine/Content/EngineMaterials/Substrate/Glints2/dict_0003_0073.uasset" 8809
"../../../Engine/Content/EngineMaterials/Substrate/Glints2/dict_0003_0075.uasset" 8810
"../../../Engine/Content/EngineMaterials/Substrate/Glints2/dict_0003_0081.uasset" 8811
"../../../Engine/Content/EngineMaterials/Substrate/Glints2/dict_0003_0074.uasset" 8812
"/Engine/EngineMaterials/Substrate/Glints2/dict_0003_0083" 8813
"../../../Engine/Content/EngineMaterials/Substrate/Glints2/dict_0003_0082.uasset" 8814
"../../../Engine/Content/EngineMaterials/Substrate/Glints2/dict_0003_0077.uasset" 8815
"../../../Engine/Content/EngineMaterials/Substrate/Glints2/dict_0003_0072.uasset" 8816
"../../../Engine/Content/EngineMaterials/Substrate/Glints2/dict_0003_0071.uasset" 8817
"../../../Engine/Content/EngineMaterials/Substrate/Glints2/dict_0003_0069.uasset" 8818
"../../../Engine/Content/EngineMaterials/Substrate/Glints2/dict_0003_0070.uasset" 8819
"../../../Engine/Content/EngineMaterials/Substrate/Glints2/dict_0003_0068.uasset" 8820
"../../../Engine/Content/EngineMaterials/Substrate/Glints2/dict_0003_0067.uasset" 8821
"/Engine/EngineMaterials/Substrate/Glints2/dict_0003_0084" 8822
"/Engine/EngineMaterials/Substrate/Glints2/dict_0003_0085" 8823
"/Engine/EngineMaterials/Substrate/Glints2/dict_0003_0086" 8824
"/Engine/EngineMaterials/Substrate/Glints2/dict_0003_0087" 8825
"/Engine/EngineMaterials/Substrate/Glints2/dict_0003_0088" 8826
"/Engine/EngineMaterials/Substrate/Glints2/dict_0003_0089" 8827
"/Engine/EngineMaterials/Substrate/Glints2/dict_0003_0090" 8828
"/Engine/EngineMaterials/Substrate/Glints2/dict_0003_0091" 8829
"/Engine/EngineMaterials/Substrate/Glints2/dict_0003_0092" 8830
"/Engine/EngineMaterials/Substrate/Glints2/dict_0003_0093" 8831
"/Engine/EngineMaterials/Substrate/Glints2/dict_0003_0094" 8832
"/Engine/EngineMaterials/Substrate/Glints2/dict_0003_0095" 8833
"/Engine/EngineMaterials/Substrate/Glints2/dict_0003_0096" 8834
"/Engine/EngineMaterials/Substrate/Glints2/dict_0003_0097" 8835
"/Engine/EngineMaterials/Substrate/Glints2/dict_0003_0098" 8836
"../../../Engine/Content/EngineMaterials/Substrate/Glints2/dict_0003_0060.uasset" 8837
"/Engine/EngineMaterials/Substrate/Glints2/dict_0003_0067" 8838
"../../../Engine/Content/EngineMaterials/Substrate/Glints2/dict_0003_0058.uasset" 8839
"../../../Engine/Content/EngineMaterials/Substrate/Glints2/dict_0003_0065.uasset" 8840
"../../../Engine/Content/EngineMaterials/Substrate/Glints2/dict_0003_0062.uasset" 8841
"../../../Engine/Content/EngineMaterials/Substrate/Glints2/dict_0003_0059.uasset" 8842
"../../../Engine/Content/EngineMaterials/Substrate/Glints2/dict_0003_0061.uasset" 8843
"../../../Engine/Content/EngineMaterials/Substrate/Glints2/dict_0003_0064.uasset" 8844
"../../../Engine/Content/EngineMaterials/Substrate/Glints2/dict_0003_0057.uasset" 8845
"../../../Engine/Content/EngineMaterials/Substrate/Glints2/dict_0003_0066.uasset" 8846
"../../../Engine/Content/EngineMaterials/Substrate/Glints2/dict_0003_0063.uasset" 8847
"/Engine/EngineMaterials/Substrate/Glints2/dict_0003_0068" 8848
"../../../Engine/Content/EngineMaterials/Substrate/Glints2/dict_0003_0054.uasset" 8849
"../../../Engine/Content/EngineMaterials/Substrate/Glints2/dict_0003_0053.uasset" 8850
"../../../Engine/Content/EngineMaterials/Substrate/Glints2/dict_0003_0051.uasset" 8851
"../../../Engine/Content/EngineMaterials/Substrate/Glints2/dict_0003_0052.uasset" 8852
"../../../Engine/Content/EngineMaterials/Substrate/Glints2/dict_0003_0055.uasset" 8853
"../../../Engine/Content/EngineMaterials/Substrate/Glints2/dict_0003_0056.uasset" 8854
"/Engine/EngineMaterials/Substrate/Glints2/dict_0003_0069" 8855
"/Engine/EngineMaterials/Substrate/Glints2/dict_0003_0070" 8856
"/Engine/EngineMaterials/Substrate/Glints2/dict_0003_0071" 8857
"/Engine/EngineMaterials/Substrate/Glints2/dict_0003_0072" 8858
"/Engine/EngineMaterials/Substrate/Glints2/dict_0003_0073" 8859
"/Engine/EngineMaterials/Substrate/Glints2/dict_0003_0074" 8860
"/Engine/EngineMaterials/Substrate/Glints2/dict_0003_0075" 8861
"/Engine/EngineMaterials/Substrate/Glints2/dict_0003_0076" 8862
"/Engine/EngineMaterials/Substrate/Glints2/dict_0003_0077" 8863
"/Engine/EngineMaterials/Substrate/Glints2/dict_0003_0078" 8864
"/Engine/EngineMaterials/Substrate/Glints2/dict_0003_0079" 8865
"/Engine/EngineMaterials/Substrate/Glints2/dict_0003_0080" 8866
"/Engine/EngineMaterials/Substrate/Glints2/dict_0003_0081" 8867
"/Engine/EngineMaterials/Substrate/Glints2/dict_0003_0082" 8868
"../../../Engine/Content/EngineMaterials/Substrate/Glints2/dict_0003_0046.uasset" 8869
"../../../Engine/Content/EngineMaterials/Substrate/Glints2/dict_0003_0048.uasset" 8870
"../../../Engine/Content/EngineMaterials/Substrate/Glints2/dict_0003_0045.uasset" 8871
"../../../Engine/Content/EngineMaterials/Substrate/Glints2/dict_0003_0042.uasset" 8872
"../../../Engine/Content/EngineMaterials/Substrate/Glints2/dict_0003_0044.uasset" 8873
"/Engine/EngineMaterials/Substrate/Glints2/dict_0003_0051" 8874
"../../../Engine/Content/EngineMaterials/Substrate/Glints2/dict_0003_0050.uasset" 8875
"../../../Engine/Content/EngineMaterials/Substrate/Glints2/dict_0003_0049.uasset" 8876
"../../../Engine/Content/EngineMaterials/Substrate/Glints2/dict_0003_0043.uasset" 8877
"../../../Engine/Content/EngineMaterials/Substrate/Glints2/dict_0003_0041.uasset" 8878
"../../../Engine/Content/EngineMaterials/Substrate/Glints2/dict_0003_0047.uasset" 8879
"../../../Engine/Content/EngineMaterials/Substrate/Glints2/dict_0003_0038.uasset" 8880
"../../../Engine/Content/EngineMaterials/Substrate/Glints2/dict_0003_0039.uasset" 8881
"../../../Engine/Content/EngineMaterials/Substrate/Glints2/dict_0003_0040.uasset" 8882
"../../../Engine/Content/EngineMaterials/Substrate/Glints2/dict_0003_0036.uasset" 8883
"../../../Engine/Content/EngineMaterials/Substrate/Glints2/dict_0003_0037.uasset" 8884
"../../../Engine/Content/EngineMaterials/Substrate/Glints2/dict_0003_0035.uasset" 8885
"/Engine/EngineMaterials/Substrate/Glints2/dict_0003_0052" 8886
"/Engine/EngineMaterials/Substrate/Glints2/dict_0003_0053" 8887
"/Engine/EngineMaterials/Substrate/Glints2/dict_0003_0054" 8888
"/Engine/EngineMaterials/Substrate/Glints2/dict_0003_0055" 8889
"/Engine/EngineMaterials/Substrate/Glints2/dict_0003_0056" 8890
"/Engine/EngineMaterials/Substrate/Glints2/dict_0003_0057" 8891
"/Engine/EngineMaterials/Substrate/Glints2/dict_0003_0058" 8892
"/Engine/EngineMaterials/Substrate/Glints2/dict_0003_0059" 8893
"/Engine/EngineMaterials/Substrate/Glints2/dict_0003_0060" 8894
"/Engine/EngineMaterials/Substrate/Glints2/dict_0003_0061" 8895
"/Engine/EngineMaterials/Substrate/Glints2/dict_0003_0062" 8896
"/Engine/EngineMaterials/Substrate/Glints2/dict_0003_0063" 8897
"/Engine/EngineMaterials/Substrate/Glints2/dict_0003_0064" 8898
"/Engine/EngineMaterials/Substrate/Glints2/dict_0003_0065" 8899
"/Engine/EngineMaterials/Substrate/Glints2/dict_0003_0066" 8900
"/Engine/EngineMaterials/Substrate/Glints2/dict_0003_0035" 8901
"../../../Engine/Content/EngineMaterials/Substrate/Glints2/dict_0003_0033.uasset" 8902
"../../../Engine/Content/EngineMaterials/Substrate/Glints2/dict_0003_0028.uasset" 8903
"../../../Engine/Content/EngineMaterials/Substrate/Glints2/dict_0003_0032.uasset" 8904
"../../../Engine/Content/EngineMaterials/Substrate/Glints2/dict_0003_0030.uasset" 8905
"../../../Engine/Content/EngineMaterials/Substrate/Glints2/dict_0003_0031.uasset" 8906
"../../../Engine/Content/EngineMaterials/Substrate/Glints2/dict_0003_0025.uasset" 8907
"../../../Engine/Content/EngineMaterials/Substrate/Glints2/dict_0003_0034.uasset" 8908
"../../../Engine/Content/EngineMaterials/Substrate/Glints2/dict_0003_0027.uasset" 8909
"../../../Engine/Content/EngineMaterials/Substrate/Glints2/dict_0003_0029.uasset" 8910
"../../../Engine/Content/EngineMaterials/Substrate/Glints2/dict_0003_0026.uasset" 8911
"/Engine/EngineMaterials/Substrate/Glints2/dict_0003_0036" 8912
"../../../Engine/Content/EngineMaterials/Substrate/Glints2/dict_0003_0024.uasset" 8913
"../../../Engine/Content/EngineMaterials/Substrate/Glints2/dict_0003_0023.uasset" 8914
"../../../Engine/Content/EngineMaterials/Substrate/Glints2/dict_0003_0022.uasset" 8915
"../../../Engine/Content/EngineMaterials/Substrate/Glints2/dict_0003_0021.uasset" 8916
"../../../Engine/Content/EngineMaterials/Substrate/Glints2/dict_0003_0020.uasset" 8917
"../../../Engine/Content/EngineMaterials/Substrate/Glints2/dict_0003_0019.uasset" 8918
"/Engine/EngineMaterials/Substrate/Glints2/dict_0003_0037" 8919
"/Engine/EngineMaterials/Substrate/Glints2/dict_0003_0038" 8920
"/Engine/EngineMaterials/Substrate/Glints2/dict_0003_0039" 8921
"/Engine/EngineMaterials/Substrate/Glints2/dict_0003_0040" 8922
"/Engine/EngineMaterials/Substrate/Glints2/dict_0003_0041" 8923
"/Engine/EngineMaterials/Substrate/Glints2/dict_0003_0042" 8924
"/Engine/EngineMaterials/Substrate/Glints2/dict_0003_0043" 8925
"/Engine/EngineMaterials/Substrate/Glints2/dict_0003_0044" 8926
"/Engine/EngineMaterials/Substrate/Glints2/dict_0003_0045" 8927
"/Engine/EngineMaterials/Substrate/Glints2/dict_0003_0046" 8928
"/Engine/EngineMaterials/Substrate/Glints2/dict_0003_0047" 8929
"/Engine/EngineMaterials/Substrate/Glints2/dict_0003_0048" 8930
"/Engine/EngineMaterials/Substrate/Glints2/dict_0003_0049" 8931
"/Engine/EngineMaterials/Substrate/Glints2/dict_0003_0050" 8932
"/Engine/EngineMaterials/Substrate/Glints2/dict_0003_0019" 8933
"../../../Engine/Content/EngineMaterials/Substrate/Glints2/dict_0003_0017.uasset" 8934
"../../../Engine/Content/EngineMaterials/Substrate/Glints2/dict_0003_0014.uasset" 8935
"../../../Engine/Content/EngineMaterials/Substrate/Glints2/dict_0003_0012.uasset" 8936
"../../../Engine/Content/EngineMaterials/Substrate/Glints2/dict_0003_0011.uasset" 8937
"../../../Engine/Content/EngineMaterials/Substrate/Glints2/dict_0003_0013.uasset" 8938
"../../../Engine/Content/EngineMaterials/Substrate/Glints2/dict_0003_0009.uasset" 8939
"../../../Engine/Content/EngineMaterials/Substrate/Glints2/dict_0003_0010.uasset" 8940
"../../../Engine/Content/EngineMaterials/Substrate/Glints2/dict_0003_0015.uasset" 8941
"../../../Engine/Content/EngineMaterials/Substrate/Glints2/dict_0003_0018.uasset" 8942
"../../../Engine/Content/EngineMaterials/Substrate/Glints2/dict_0003_0016.uasset" 8943
"/Engine/EngineMaterials/Substrate/Glints2/dict_0003_0020" 8944
"../../../Engine/Content/EngineMaterials/Substrate/Glints2/dict_0003_0008.uasset" 8945
"../../../Engine/Content/EngineMaterials/Substrate/Glints2/dict_0003_0007.uasset" 8946
"../../../Engine/Content/EngineMaterials/Substrate/Glints2/dict_0003_0005.uasset" 8947
"../../../Engine/Content/EngineMaterials/Substrate/Glints2/dict_0003_0006.uasset" 8948
"../../../Engine/Content/EngineMaterials/Substrate/Glints2/dict_0003_0004.uasset" 8949
"../../../Engine/Content/EngineMaterials/Substrate/Glints2/dict_0003_0003.uasset" 8950
"/Engine/EngineMaterials/Substrate/Glints2/dict_0003_0021" 8951
"/Engine/EngineMaterials/Substrate/Glints2/dict_0003_0022" 8952
"/Engine/EngineMaterials/Substrate/Glints2/dict_0003_0023" 8953
"/Engine/EngineMaterials/Substrate/Glints2/dict_0003_0024" 8954
"/Engine/EngineMaterials/Substrate/Glints2/dict_0003_0025" 8955
"/Engine/EngineMaterials/Substrate/Glints2/dict_0003_0026" 8956
"/Engine/EngineMaterials/Substrate/Glints2/dict_0003_0027" 8957
"/Engine/EngineMaterials/Substrate/Glints2/dict_0003_0028" 8958
"/Engine/EngineMaterials/Substrate/Glints2/dict_0003_0029" 8959
"/Engine/EngineMaterials/Substrate/Glints2/dict_0003_0030" 8960
"/Engine/EngineMaterials/Substrate/Glints2/dict_0003_0031" 8961
"/Engine/EngineMaterials/Substrate/Glints2/dict_0003_0032" 8962
"/Engine/EngineMaterials/Substrate/Glints2/dict_0003_0033" 8963
"/Engine/EngineMaterials/Substrate/Glints2/dict_0003_0034" 8964
"../../../Engine/Content/EngineMaterials/Substrate/Glints2/dict_0003_0002.uasset" 8965
"/Engine/EngineMaterials/Substrate/Glints2/dict_0003_0003" 8966
"../../../Engine/Content/EngineMaterials/Substrate/Glints2/dict_0002_0254.uasset" 8967
"../../../Engine/Content/EngineMaterials/Substrate/Glints2/dict_0002_0251.uasset" 8968
"../../../Engine/Content/EngineMaterials/Substrate/Glints2/dict_0002_0250.uasset" 8969
"../../../Engine/Content/EngineMaterials/Substrate/Glints2/dict_0002_0253.uasset" 8970
"../../../Engine/Content/EngineMaterials/Substrate/Glints2/dict_0003_0001.uasset" 8971
"../../../Engine/Content/EngineMaterials/Substrate/Glints2/dict_0002_0252.uasset" 8972
"../../../Engine/Content/EngineMaterials/Substrate/Glints2/dict_0002_0249.uasset" 8973
"../../../Engine/Content/EngineMaterials/Substrate/Glints2/dict_0002_0255.uasset" 8974
"../../../Engine/Content/EngineMaterials/Substrate/Glints2/dict_0003_0000.uasset" 8975
"../../../Engine/Content/EngineMaterials/Substrate/Glints2/dict_0002_0247.uasset" 8976
"../../../Engine/Content/EngineMaterials/Substrate/Glints2/dict_0002_0246.uasset" 8977
"/Engine/EngineMaterials/Substrate/Glints2/dict_0003_0004" 8978
"../../../Engine/Content/EngineMaterials/Substrate/Glints2/dict_0002_0245.uasset" 8979
"../../../Engine/Content/EngineMaterials/Substrate/Glints2/dict_0002_0244.uasset" 8980
"../../../Engine/Content/EngineMaterials/Substrate/Glints2/dict_0002_0248.uasset" 8981
"../../../Engine/Content/EngineMaterials/Substrate/Glints2/dict_0002_0243.uasset" 8982
"/Engine/EngineMaterials/Substrate/Glints2/dict_0003_0005" 8983
"/Engine/EngineMaterials/Substrate/Glints2/dict_0003_0006" 8984
"/Engine/EngineMaterials/Substrate/Glints2/dict_0003_0007" 8985
"/Engine/EngineMaterials/Substrate/Glints2/dict_0003_0008" 8986
"/Engine/EngineMaterials/Substrate/Glints2/dict_0003_0009" 8987
"/Engine/EngineMaterials/Substrate/Glints2/dict_0003_0010" 8988
"/Engine/EngineMaterials/Substrate/Glints2/dict_0003_0011" 8989
"/Engine/EngineMaterials/Substrate/Glints2/dict_0003_0012" 8990
"/Engine/EngineMaterials/Substrate/Glints2/dict_0003_0013" 8991
"/Engine/EngineMaterials/Substrate/Glints2/dict_0003_0014" 8992
"/Engine/EngineMaterials/Substrate/Glints2/dict_0003_0015" 8993
"/Engine/EngineMaterials/Substrate/Glints2/dict_0003_0016" 8994
"/Engine/EngineMaterials/Substrate/Glints2/dict_0003_0017" 8995
"/Engine/EngineMaterials/Substrate/Glints2/dict_0003_0018" 8996
"/Engine/EngineMaterials/Substrate/Glints2/dict_0002_0243" 8997
"../../../Engine/Content/EngineMaterials/Substrate/Glints2/dict_0002_0240.uasset" 8998
"../../../Engine/Content/EngineMaterials/Substrate/Glints2/dict_0002_0238.uasset" 8999
"../../../Engine/Content/EngineMaterials/Substrate/Glints2/dict_0002_0239.uasset" 9000
"../../../Engine/Content/EngineMaterials/Substrate/Glints2/dict_0002_0236.uasset" 9001
"../../../Engine/Content/EngineMaterials/Substrate/Glints2/dict_0002_0242.uasset" 9002
"../../../Engine/Content/EngineMaterials/Substrate/Glints2/dict_0002_0237.uasset" 9003
"../../../Engine/Content/EngineMaterials/Substrate/Glints2/dict_0002_0233.uasset" 9004
"../../../Engine/Content/EngineMaterials/Substrate/Glints2/dict_0002_0235.uasset" 9005
"../../../Engine/Content/EngineMaterials/Substrate/Glints2/dict_0002_0241.uasset" 9006
"../../../Engine/Content/EngineMaterials/Substrate/Glints2/dict_0002_0234.uasset" 9007
"../../../Engine/Content/EngineMaterials/Substrate/Glints2/dict_0002_0232.uasset" 9008
"/Engine/EngineMaterials/Substrate/Glints2/dict_0002_0244" 9009
"../../../Engine/Content/EngineMaterials/Substrate/Glints2/dict_0002_0227.uasset" 9010
"../../../Engine/Content/EngineMaterials/Substrate/Glints2/dict_0002_0228.uasset" 9011
"../../../Engine/Content/EngineMaterials/Substrate/Glints2/dict_0002_0229.uasset" 9012
"../../../Engine/Content/EngineMaterials/Substrate/Glints2/dict_0002_0231.uasset" 9013
"../../../Engine/Content/EngineMaterials/Substrate/Glints2/dict_0002_0230.uasset" 9014
"/Engine/EngineMaterials/Substrate/Glints2/dict_0002_0245" 9015
"/Engine/EngineMaterials/Substrate/Glints2/dict_0002_0246" 9016
"/Engine/EngineMaterials/Substrate/Glints2/dict_0002_0247" 9017
"/Engine/EngineMaterials/Substrate/Glints2/dict_0002_0248" 9018
"/Engine/EngineMaterials/Substrate/Glints2/dict_0002_0249" 9019
"/Engine/EngineMaterials/Substrate/Glints2/dict_0002_0250" 9020
"/Engine/EngineMaterials/Substrate/Glints2/dict_0002_0251" 9021
"/Engine/EngineMaterials/Substrate/Glints2/dict_0002_0252" 9022
"/Engine/EngineMaterials/Substrate/Glints2/dict_0002_0253" 9023
"/Engine/EngineMaterials/Substrate/Glints2/dict_0002_0254" 9024
"/Engine/EngineMaterials/Substrate/Glints2/dict_0002_0255" 9025
"/Engine/EngineMaterials/Substrate/Glints2/dict_0003_0000" 9026
"/Engine/EngineMaterials/Substrate/Glints2/dict_0003_0001" 9027
"/Engine/EngineMaterials/Substrate/Glints2/dict_0003_0002" 9028
"../../../Engine/Content/EngineMaterials/Substrate/Glints2/dict_0002_0221.uasset" 9029
"../../../Engine/Content/EngineMaterials/Substrate/Glints2/dict_0002_0220.uasset" 9030
"../../../Engine/Content/EngineMaterials/Substrate/Glints2/dict_0002_0224.uasset" 9031
"/Engine/EngineMaterials/Substrate/Glints2/dict_0002_0227" 9032
"../../../Engine/Content/EngineMaterials/Substrate/Glints2/dict_0002_0225.uasset" 9033
"../../../Engine/Content/EngineMaterials/Substrate/Glints2/dict_0002_0217.uasset" 9034
"../../../Engine/Content/EngineMaterials/Substrate/Glints2/dict_0002_0218.uasset" 9035
"../../../Engine/Content/EngineMaterials/Substrate/Glints2/dict_0002_0226.uasset" 9036
"../../../Engine/Content/EngineMaterials/Substrate/Glints2/dict_0002_0223.uasset" 9037
"../../../Engine/Content/EngineMaterials/Substrate/Glints2/dict_0002_0219.uasset" 9038
"../../../Engine/Content/EngineMaterials/Substrate/Glints2/dict_0002_0222.uasset" 9039
"../../../Engine/Content/EngineMaterials/Substrate/Glints2/dict_0002_0216.uasset" 9040
"../../../Engine/Content/EngineMaterials/Substrate/Glints2/dict_0002_0212.uasset" 9041
"/Engine/EngineMaterials/Substrate/Glints2/dict_0002_0228" 9042
"../../../Engine/Content/EngineMaterials/Substrate/Glints2/dict_0002_0213.uasset" 9043
"../../../Engine/Content/EngineMaterials/Substrate/Glints2/dict_0002_0215.uasset" 9044
"../../../Engine/Content/EngineMaterials/Substrate/Glints2/dict_0002_0214.uasset" 9045
"../../../Engine/Content/EngineMaterials/Substrate/Glints2/dict_0002_0211.uasset" 9046
"/Engine/EngineMaterials/Substrate/Glints2/dict_0002_0229" 9047
"/Engine/EngineMaterials/Substrate/Glints2/dict_0002_0230" 9048
"/Engine/EngineMaterials/Substrate/Glints2/dict_0002_0231" 9049
"/Engine/EngineMaterials/Substrate/Glints2/dict_0002_0232" 9050
"/Engine/EngineMaterials/Substrate/Glints2/dict_0002_0233" 9051
"/Engine/EngineMaterials/Substrate/Glints2/dict_0002_0234" 9052
"/Engine/EngineMaterials/Substrate/Glints2/dict_0002_0235" 9053
"/Engine/EngineMaterials/Substrate/Glints2/dict_0002_0236" 9054
"/Engine/EngineMaterials/Substrate/Glints2/dict_0002_0237" 9055
"/Engine/EngineMaterials/Substrate/Glints2/dict_0002_0238" 9056
"/Engine/EngineMaterials/Substrate/Glints2/dict_0002_0239" 9057
"/Engine/EngineMaterials/Substrate/Glints2/dict_0002_0240" 9058
"/Engine/EngineMaterials/Substrate/Glints2/dict_0002_0241" 9059
"/Engine/EngineMaterials/Substrate/Glints2/dict_0002_0242" 9060
"../../../Engine/Content/EngineMaterials/Substrate/Glints2/dict_0002_0203.uasset" 9061
"/Engine/EngineMaterials/Substrate/Glints2/dict_0002_0211" 9062
"../../../Engine/Content/EngineMaterials/Substrate/Glints2/dict_0002_0205.uasset" 9063
"../../../Engine/Content/EngineMaterials/Substrate/Glints2/dict_0002_0208.uasset" 9064
"../../../Engine/Content/EngineMaterials/Substrate/Glints2/dict_0002_0210.uasset" 9065
"../../../Engine/Content/EngineMaterials/Substrate/Glints2/dict_0002_0206.uasset" 9066
"../../../Engine/Content/EngineMaterials/Substrate/Glints2/dict_0002_0202.uasset" 9067
"../../../Engine/Content/EngineMaterials/Substrate/Glints2/dict_0002_0209.uasset" 9068
"../../../Engine/Content/EngineMaterials/Substrate/Glints2/dict_0002_0201.uasset" 9069
"../../../Engine/Content/EngineMaterials/Substrate/Glints2/dict_0002_0207.uasset" 9070
"../../../Engine/Content/EngineMaterials/Substrate/Glints2/dict_0002_0204.uasset" 9071
"../../../Engine/Content/EngineMaterials/Substrate/Glints2/dict_0002_0197.uasset" 9072
"../../../Engine/Content/EngineMaterials/Substrate/Glints2/dict_0002_0198.uasset" 9073
"/Engine/EngineMaterials/Substrate/Glints2/dict_0002_0212" 9074
"../../../Engine/Content/EngineMaterials/Substrate/Glints2/dict_0002_0195.uasset" 9075
"../../../Engine/Content/EngineMaterials/Substrate/Glints2/dict_0002_0199.uasset" 9076
"../../../Engine/Content/EngineMaterials/Substrate/Glints2/dict_0002_0200.uasset" 9077
"../../../Engine/Content/EngineMaterials/Substrate/Glints2/dict_0002_0196.uasset" 9078
"/Engine/EngineMaterials/Substrate/Glints2/dict_0002_0213" 9079
"/Engine/EngineMaterials/Substrate/Glints2/dict_0002_0214" 9080
"/Engine/EngineMaterials/Substrate/Glints2/dict_0002_0215" 9081
"/Engine/EngineMaterials/Substrate/Glints2/dict_0002_0216" 9082
"/Engine/EngineMaterials/Substrate/Glints2/dict_0002_0217" 9083
"/Engine/EngineMaterials/Substrate/Glints2/dict_0002_0218" 9084
"/Engine/EngineMaterials/Substrate/Glints2/dict_0002_0219" 9085
"/Engine/EngineMaterials/Substrate/Glints2/dict_0002_0220" 9086
"/Engine/EngineMaterials/Substrate/Glints2/dict_0002_0221" 9087
"/Engine/EngineMaterials/Substrate/Glints2/dict_0002_0222" 9088
"/Engine/EngineMaterials/Substrate/Glints2/dict_0002_0223" 9089
"/Engine/EngineMaterials/Substrate/Glints2/dict_0002_0224" 9090
"/Engine/EngineMaterials/Substrate/Glints2/dict_0002_0225" 9091
"/Engine/EngineMaterials/Substrate/Glints2/dict_0002_0226" 9092
"../../../Engine/Content/EngineMaterials/Substrate/Glints2/dict_0002_0188.uasset" 9093
"../../../Engine/Content/EngineMaterials/Substrate/Glints2/dict_0002_0193.uasset" 9094
"../../../Engine/Content/EngineMaterials/Substrate/Glints2/dict_0002_0187.uasset" 9095
"../../../Engine/Content/EngineMaterials/Substrate/Glints2/dict_0002_0192.uasset" 9096
"../../../Engine/Content/EngineMaterials/Substrate/Glints2/dict_0002_0189.uasset" 9097
"/Engine/EngineMaterials/Substrate/Glints2/dict_0002_0195" 9098
"../../../Engine/Content/EngineMaterials/Substrate/Glints2/dict_0002_0191.uasset" 9099
"../../../Engine/Content/EngineMaterials/Substrate/Glints2/dict_0002_0194.uasset" 9100
"../../../Engine/Content/EngineMaterials/Substrate/Glints2/dict_0002_0185.uasset" 9101
"../../../Engine/Content/EngineMaterials/Substrate/Glints2/dict_0002_0186.uasset" 9102
"../../../Engine/Content/EngineMaterials/Substrate/Glints2/dict_0002_0190.uasset" 9103
"../../../Engine/Content/EngineMaterials/Substrate/Glints2/dict_0002_0184.uasset" 9104
"../../../Engine/Content/EngineMaterials/Substrate/Glints2/dict_0002_0181.uasset" 9105
"../../../Engine/Content/EngineMaterials/Substrate/Glints2/dict_0002_0179.uasset" 9106
"../../../Engine/Content/EngineMaterials/Substrate/Glints2/dict_0002_0183.uasset" 9107
"../../../Engine/Content/EngineMaterials/Substrate/Glints2/dict_0002_0180.uasset" 9108
"../../../Engine/Content/EngineMaterials/Substrate/Glints2/dict_0002_0182.uasset" 9109
"/Engine/EngineMaterials/Substrate/Glints2/dict_0002_0196" 9110
"/Engine/EngineMaterials/Substrate/Glints2/dict_0002_0197" 9111
"/Engine/EngineMaterials/Substrate/Glints2/dict_0002_0198" 9112
"/Engine/EngineMaterials/Substrate/Glints2/dict_0002_0199" 9113
"/Engine/EngineMaterials/Substrate/Glints2/dict_0002_0200" 9114
"/Engine/EngineMaterials/Substrate/Glints2/dict_0002_0201" 9115
"/Engine/EngineMaterials/Substrate/Glints2/dict_0002_0202" 9116
"/Engine/EngineMaterials/Substrate/Glints2/dict_0002_0203" 9117
"/Engine/EngineMaterials/Substrate/Glints2/dict_0002_0204" 9118
"/Engine/EngineMaterials/Substrate/Glints2/dict_0002_0205" 9119
"/Engine/EngineMaterials/Substrate/Glints2/dict_0002_0206" 9120
"/Engine/EngineMaterials/Substrate/Glints2/dict_0002_0207" 9121
"/Engine/EngineMaterials/Substrate/Glints2/dict_0002_0208" 9122
"/Engine/EngineMaterials/Substrate/Glints2/dict_0002_0209" 9123
"/Engine/EngineMaterials/Substrate/Glints2/dict_0002_0210" 9124
"../../../Engine/Content/EngineMaterials/Substrate/Glints2/dict_0002_0175.uasset" 9125
"../../../Engine/Content/EngineMaterials/Substrate/Glints2/dict_0002_0177.uasset" 9126
"../../../Engine/Content/EngineMaterials/Substrate/Glints2/dict_0002_0174.uasset" 9127
"../../../Engine/Content/EngineMaterials/Substrate/Glints2/dict_0002_0173.uasset" 9128
"../../../Engine/Content/EngineMaterials/Substrate/Glints2/dict_0002_0170.uasset" 9129
"../../../Engine/Content/EngineMaterials/Substrate/Glints2/dict_0002_0172.uasset" 9130
"../../../Engine/Content/EngineMaterials/Substrate/Glints2/dict_0002_0176.uasset" 9131
"/Engine/EngineMaterials/Substrate/Glints2/dict_0002_0179" 9132
"../../../Engine/Content/EngineMaterials/Substrate/Glints2/dict_0002_0178.uasset" 9133
"../../../Engine/Content/EngineMaterials/Substrate/Glints2/dict_0002_0171.uasset" 9134
"../../../Engine/Content/EngineMaterials/Substrate/Glints2/dict_0002_0167.uasset" 9135
"../../../Engine/Content/EngineMaterials/Substrate/Glints2/dict_0002_0166.uasset" 9136
"../../../Engine/Content/EngineMaterials/Substrate/Glints2/dict_0002_0169.uasset" 9137
"../../../Engine/Content/EngineMaterials/Substrate/Glints2/dict_0002_0168.uasset" 9138
"../../../Engine/Content/EngineMaterials/Substrate/Glints2/dict_0002_0164.uasset" 9139
"../../../Engine/Content/EngineMaterials/Substrate/Glints2/dict_0002_0163.uasset" 9140
"../../../Engine/Content/EngineMaterials/Substrate/Glints2/dict_0002_0165.uasset" 9141
"/Engine/EngineMaterials/Substrate/Glints2/dict_0002_0180" 9142
"/Engine/EngineMaterials/Substrate/Glints2/dict_0002_0181" 9143
"/Engine/EngineMaterials/Substrate/Glints2/dict_0002_0182" 9144
"/Engine/EngineMaterials/Substrate/Glints2/dict_0002_0183" 9145
"/Engine/EngineMaterials/Substrate/Glints2/dict_0002_0184" 9146
"/Engine/EngineMaterials/Substrate/Glints2/dict_0002_0185" 9147
"/Engine/EngineMaterials/Substrate/Glints2/dict_0002_0186" 9148
"/Engine/EngineMaterials/Substrate/Glints2/dict_0002_0187" 9149
"/Engine/EngineMaterials/Substrate/Glints2/dict_0002_0188" 9150
"/Engine/EngineMaterials/Substrate/Glints2/dict_0002_0189" 9151
"/Engine/EngineMaterials/Substrate/Glints2/dict_0002_0190" 9152
"/Engine/EngineMaterials/Substrate/Glints2/dict_0002_0191" 9153
"/Engine/EngineMaterials/Substrate/Glints2/dict_0002_0192" 9154
"/Engine/EngineMaterials/Substrate/Glints2/dict_0002_0193" 9155
"/Engine/EngineMaterials/Substrate/Glints2/dict_0002_0194" 9156
"../../../Engine/Content/EngineMaterials/Substrate/Glints2/dict_0002_0162.uasset" 9157
"../../../Engine/Content/EngineMaterials/Substrate/Glints2/dict_0002_0159.uasset" 9158
"/Engine/EngineMaterials/Substrate/Glints2/dict_0002_0163" 9159
"../../../Engine/Content/EngineMaterials/Substrate/Glints2/dict_0002_0157.uasset" 9160
"../../../Engine/Content/EngineMaterials/Substrate/Glints2/dict_0002_0158.uasset" 9161
"../../../Engine/Content/EngineMaterials/Substrate/Glints2/dict_0002_0156.uasset" 9162
"../../../Engine/Content/EngineMaterials/Substrate/Glints2/dict_0002_0155.uasset" 9163
"../../../Engine/Content/EngineMaterials/Substrate/Glints2/dict_0002_0161.uasset" 9164
"../../../Engine/Content/EngineMaterials/Substrate/Glints2/dict_0002_0160.uasset" 9165
"../../../Engine/Content/EngineMaterials/Substrate/Glints2/dict_0002_0153.uasset" 9166
"../../../Engine/Content/EngineMaterials/Substrate/Glints2/dict_0002_0154.uasset" 9167
"../../../Engine/Content/EngineMaterials/Substrate/Glints2/dict_0002_0151.uasset" 9168
"../../../Engine/Content/EngineMaterials/Substrate/Glints2/dict_0002_0149.uasset" 9169
"/Engine/EngineMaterials/Substrate/Glints2/dict_0002_0164" 9170
"../../../Engine/Content/EngineMaterials/Substrate/Glints2/dict_0002_0150.uasset" 9171
"../../../Engine/Content/EngineMaterials/Substrate/Glints2/dict_0002_0148.uasset" 9172
"../../../Engine/Content/EngineMaterials/Substrate/Glints2/dict_0002_0147.uasset" 9173
"../../../Engine/Content/EngineMaterials/Substrate/Glints2/dict_0002_0152.uasset" 9174
"/Engine/EngineMaterials/Substrate/Glints2/dict_0002_0165" 9175
"/Engine/EngineMaterials/Substrate/Glints2/dict_0002_0166" 9176
"/Engine/EngineMaterials/Substrate/Glints2/dict_0002_0167" 9177
"/Engine/EngineMaterials/Substrate/Glints2/dict_0002_0168" 9178
"/Engine/EngineMaterials/Substrate/Glints2/dict_0002_0169" 9179
"/Engine/EngineMaterials/Substrate/Glints2/dict_0002_0170" 9180
"/Engine/EngineMaterials/Substrate/Glints2/dict_0002_0171" 9181
"/Engine/EngineMaterials/Substrate/Glints2/dict_0002_0172" 9182
"/Engine/EngineMaterials/Substrate/Glints2/dict_0002_0173" 9183
"/Engine/EngineMaterials/Substrate/Glints2/dict_0002_0174" 9184
"/Engine/EngineMaterials/Substrate/Glints2/dict_0002_0175" 9185
"/Engine/EngineMaterials/Substrate/Glints2/dict_0002_0176" 9186
"/Engine/EngineMaterials/Substrate/Glints2/dict_0002_0177" 9187
"/Engine/EngineMaterials/Substrate/Glints2/dict_0002_0178" 9188
"../../../Engine/Content/EngineMaterials/Substrate/Glints2/dict_0002_0144.uasset" 9189
"../../../Engine/Content/EngineMaterials/Substrate/Glints2/dict_0002_0140.uasset" 9190
"../../../Engine/Content/EngineMaterials/Substrate/Glints2/dict_0002_0139.uasset" 9191
"../../../Engine/Content/EngineMaterials/Substrate/Glints2/dict_0002_0138.uasset" 9192
"../../../Engine/Content/EngineMaterials/Substrate/Glints2/dict_0002_0141.uasset" 9193
"../../../Engine/Content/EngineMaterials/Substrate/Glints2/dict_0002_0142.uasset" 9194
"../../../Engine/Content/EngineMaterials/Substrate/Glints2/dict_0002_0145.uasset" 9195
"../../../Engine/Content/EngineMaterials/Substrate/Glints2/dict_0002_0146.uasset" 9196
"../../../Engine/Content/EngineMaterials/Substrate/Glints2/dict_0002_0143.uasset" 9197
"../../../Engine/Content/EngineMaterials/Substrate/Glints2/dict_0002_0137.uasset" 9198
"/Engine/EngineMaterials/Substrate/Glints2/dict_0002_0147" 9199
"../../../Engine/Content/EngineMaterials/Substrate/Glints2/dict_0002_0136.uasset" 9200
"../../../Engine/Content/EngineMaterials/Substrate/Glints2/dict_0002_0135.uasset" 9201
"../../../Engine/Content/EngineMaterials/Substrate/Glints2/dict_0002_0131.uasset" 9202
"../../../Engine/Content/EngineMaterials/Substrate/Glints2/dict_0002_0132.uasset" 9203
"../../../Engine/Content/EngineMaterials/Substrate/Glints2/dict_0002_0134.uasset" 9204
"../../../Engine/Content/EngineMaterials/Substrate/Glints2/dict_0002_0133.uasset" 9205
"/Engine/EngineMaterials/Substrate/Glints2/dict_0002_0148" 9206
"/Engine/EngineMaterials/Substrate/Glints2/dict_0002_0149" 9207
"/Engine/EngineMaterials/Substrate/Glints2/dict_0002_0150" 9208
"/Engine/EngineMaterials/Substrate/Glints2/dict_0002_0151" 9209
"/Engine/EngineMaterials/Substrate/Glints2/dict_0002_0152" 9210
"/Engine/EngineMaterials/Substrate/Glints2/dict_0002_0153" 9211
"/Engine/EngineMaterials/Substrate/Glints2/dict_0002_0154" 9212
"/Engine/EngineMaterials/Substrate/Glints2/dict_0002_0155" 9213
"/Engine/EngineMaterials/Substrate/Glints2/dict_0002_0156" 9214
"/Engine/EngineMaterials/Substrate/Glints2/dict_0002_0157" 9215
"/Engine/EngineMaterials/Substrate/Glints2/dict_0002_0158" 9216
"/Engine/EngineMaterials/Substrate/Glints2/dict_0002_0159" 9217
"/Engine/EngineMaterials/Substrate/Glints2/dict_0002_0160" 9218
"/Engine/EngineMaterials/Substrate/Glints2/dict_0002_0161" 9219
"/Engine/EngineMaterials/Substrate/Glints2/dict_0002_0162" 9220
"../../../Engine/Content/EngineMaterials/Substrate/Glints2/dict_0002_0126.uasset" 9221
"../../../Engine/Content/EngineMaterials/Substrate/Glints2/dict_0002_0127.uasset" 9222
"../../../Engine/Content/EngineMaterials/Substrate/Glints2/dict_0002_0130.uasset" 9223
"../../../Engine/Content/EngineMaterials/Substrate/Glints2/dict_0002_0123.uasset" 9224
"/Engine/EngineMaterials/Substrate/Glints2/dict_0002_0131" 9225
"../../../Engine/Content/EngineMaterials/Substrate/Glints2/dict_0002_0128.uasset" 9226
"../../../Engine/Content/EngineMaterials/Substrate/Glints2/dict_0002_0122.uasset" 9227
"../../../Engine/Content/EngineMaterials/Substrate/Glints2/dict_0002_0125.uasset" 9228
"../../../Engine/Content/EngineMaterials/Substrate/Glints2/dict_0002_0121.uasset" 9229
"../../../Engine/Content/EngineMaterials/Substrate/Glints2/dict_0002_0124.uasset" 9230
"../../../Engine/Content/EngineMaterials/Substrate/Glints2/dict_0002_0129.uasset" 9231
"../../../Engine/Content/EngineMaterials/Substrate/Glints2/dict_0002_0118.uasset" 9232
"../../../Engine/Content/EngineMaterials/Substrate/Glints2/dict_0002_0117.uasset" 9233
"/Engine/EngineMaterials/Substrate/Glints2/dict_0002_0132" 9234
"../../../Engine/Content/EngineMaterials/Substrate/Glints2/dict_0002_0119.uasset" 9235
"../../../Engine/Content/EngineMaterials/Substrate/Glints2/dict_0002_0116.uasset" 9236
"../../../Engine/Content/EngineMaterials/Substrate/Glints2/dict_0002_0115.uasset" 9237
"../../../Engine/Content/EngineMaterials/Substrate/Glints2/dict_0002_0120.uasset" 9238
"/Engine/EngineMaterials/Substrate/Glints2/dict_0002_0133" 9239
"/Engine/EngineMaterials/Substrate/Glints2/dict_0002_0134" 9240
"/Engine/EngineMaterials/Substrate/Glints2/dict_0002_0135" 9241
"/Engine/EngineMaterials/Substrate/Glints2/dict_0002_0136" 9242
"/Engine/EngineMaterials/Substrate/Glints2/dict_0002_0137" 9243
"/Engine/EngineMaterials/Substrate/Glints2/dict_0002_0138" 9244
"/Engine/EngineMaterials/Substrate/Glints2/dict_0002_0139" 9245
"/Engine/EngineMaterials/Substrate/Glints2/dict_0002_0140" 9246
"/Engine/EngineMaterials/Substrate/Glints2/dict_0002_0141" 9247
"/Engine/EngineMaterials/Substrate/Glints2/dict_0002_0142" 9248
"/Engine/EngineMaterials/Substrate/Glints2/dict_0002_0143" 9249
"/Engine/EngineMaterials/Substrate/Glints2/dict_0002_0144" 9250
"/Engine/EngineMaterials/Substrate/Glints2/dict_0002_0145" 9251
"/Engine/EngineMaterials/Substrate/Glints2/dict_0002_0146" 9252
"../../../Engine/Content/EngineMaterials/Substrate/Glints2/dict_0002_0113.uasset" 9253
"../../../Engine/Content/EngineMaterials/Substrate/Glints2/dict_0002_0105.uasset" 9254
"../../../Engine/Content/EngineMaterials/Substrate/Glints2/dict_0002_0107.uasset" 9255
"../../../Engine/Content/EngineMaterials/Substrate/Glints2/dict_0002_0106.uasset" 9256
"../../../Engine/Content/EngineMaterials/Substrate/Glints2/dict_0002_0110.uasset" 9257
"../../../Engine/Content/EngineMaterials/Substrate/Glints2/dict_0002_0108.uasset" 9258
"../../../Engine/Content/EngineMaterials/Substrate/Glints2/dict_0002_0114.uasset" 9259
"/Engine/EngineMaterials/Substrate/Glints2/dict_0002_0115" 9260
"../../../Engine/Content/EngineMaterials/Substrate/Glints2/dict_0002_0112.uasset" 9261
"../../../Engine/Content/EngineMaterials/Substrate/Glints2/dict_0002_0111.uasset" 9262
"../../../Engine/Content/EngineMaterials/Substrate/Glints2/dict_0002_0109.uasset" 9263
"../../../Engine/Content/EngineMaterials/Substrate/Glints2/dict_0002_0103.uasset" 9264
"../../../Engine/Content/EngineMaterials/Substrate/Glints2/dict_0002_0104.uasset" 9265
"../../../Engine/Content/EngineMaterials/Substrate/Glints2/dict_0002_0099.uasset" 9266
"../../../Engine/Content/EngineMaterials/Substrate/Glints2/dict_0002_0102.uasset" 9267
"../../../Engine/Content/EngineMaterials/Substrate/Glints2/dict_0002_0101.uasset" 9268
"../../../Engine/Content/EngineMaterials/Substrate/Glints2/dict_0002_0100.uasset" 9269
"/Engine/EngineMaterials/Substrate/Glints2/dict_0002_0116" 9270
"/Engine/EngineMaterials/Substrate/Glints2/dict_0002_0117" 9271
"/Engine/EngineMaterials/Substrate/Glints2/dict_0002_0118" 9272
"/Engine/EngineMaterials/Substrate/Glints2/dict_0002_0119" 9273
"/Engine/EngineMaterials/Substrate/Glints2/dict_0002_0120" 9274
"/Engine/EngineMaterials/Substrate/Glints2/dict_0002_0121" 9275
"/Engine/EngineMaterials/Substrate/Glints2/dict_0002_0122" 9276
"/Engine/EngineMaterials/Substrate/Glints2/dict_0002_0123" 9277
"/Engine/EngineMaterials/Substrate/Glints2/dict_0002_0124" 9278
"/Engine/EngineMaterials/Substrate/Glints2/dict_0002_0125" 9279
"/Engine/EngineMaterials/Substrate/Glints2/dict_0002_0126" 9280
"/Engine/EngineMaterials/Substrate/Glints2/dict_0002_0127" 9281
"/Engine/EngineMaterials/Substrate/Glints2/dict_0002_0128" 9282
"/Engine/EngineMaterials/Substrate/Glints2/dict_0002_0129" 9283
"/Engine/EngineMaterials/Substrate/Glints2/dict_0002_0130" 9284
"/Engine/EngineMaterials/Substrate/Glints2/dict_0002_0099" 9285
"../../../Engine/Content/EngineMaterials/Substrate/Glints2/dict_0002_0095.uasset" 9286
"../../../Engine/Content/EngineMaterials/Substrate/Glints2/dict_0002_0094.uasset" 9287
"../../../Engine/Content/EngineMaterials/Substrate/Glints2/dict_0002_0093.uasset" 9288
"../../../Engine/Content/EngineMaterials/Substrate/Glints2/dict_0002_0098.uasset" 9289
"../../../Engine/Content/EngineMaterials/Substrate/Glints2/dict_0002_0096.uasset" 9290
"../../../Engine/Content/EngineMaterials/Substrate/Glints2/dict_0002_0091.uasset" 9291
"../../../Engine/Content/EngineMaterials/Substrate/Glints2/dict_0002_0090.uasset" 9292
"../../../Engine/Content/EngineMaterials/Substrate/Glints2/dict_0002_0089.uasset" 9293
"../../../Engine/Content/EngineMaterials/Substrate/Glints2/dict_0002_0097.uasset" 9294
"../../../Engine/Content/EngineMaterials/Substrate/Glints2/dict_0002_0092.uasset" 9295
"/Engine/EngineMaterials/Substrate/Glints2/dict_0002_0100" 9296
"../../../Engine/Content/EngineMaterials/Substrate/Glints2/dict_0002_0088.uasset" 9297
"../../../Engine/Content/EngineMaterials/Substrate/Glints2/dict_0002_0085.uasset" 9298
"../../../Engine/Content/EngineMaterials/Substrate/Glints2/dict_0002_0087.uasset" 9299
"../../../Engine/Content/EngineMaterials/Substrate/Glints2/dict_0002_0086.uasset" 9300
"../../../Engine/Content/EngineMaterials/Substrate/Glints2/dict_0002_0083.uasset" 9301
"../../../Engine/Content/EngineMaterials/Substrate/Glints2/dict_0002_0084.uasset" 9302
"/Engine/EngineMaterials/Substrate/Glints2/dict_0002_0101" 9303
"/Engine/EngineMaterials/Substrate/Glints2/dict_0002_0102" 9304
"/Engine/EngineMaterials/Substrate/Glints2/dict_0002_0103" 9305
"/Engine/EngineMaterials/Substrate/Glints2/dict_0002_0104" 9306
"/Engine/EngineMaterials/Substrate/Glints2/dict_0002_0105" 9307
"/Engine/EngineMaterials/Substrate/Glints2/dict_0002_0106" 9308
"/Engine/EngineMaterials/Substrate/Glints2/dict_0002_0107" 9309
"/Engine/EngineMaterials/Substrate/Glints2/dict_0002_0108" 9310
"/Engine/EngineMaterials/Substrate/Glints2/dict_0002_0109" 9311
"/Engine/EngineMaterials/Substrate/Glints2/dict_0002_0110" 9312
"/Engine/EngineMaterials/Substrate/Glints2/dict_0002_0111" 9313
"/Engine/EngineMaterials/Substrate/Glints2/dict_0002_0112" 9314
"/Engine/EngineMaterials/Substrate/Glints2/dict_0002_0113" 9315
"/Engine/EngineMaterials/Substrate/Glints2/dict_0002_0114" 9316
"/Engine/EngineMaterials/Substrate/Glints2/dict_0002_0083" 9317
"../../../Engine/Content/EngineMaterials/Substrate/Glints2/dict_0002_0073.uasset" 9318
"../../../Engine/Content/EngineMaterials/Substrate/Glints2/dict_0002_0078.uasset" 9319
"../../../Engine/Content/EngineMaterials/Substrate/Glints2/dict_0002_0081.uasset" 9320
"../../../Engine/Content/EngineMaterials/Substrate/Glints2/dict_0002_0079.uasset" 9321
"../../../Engine/Content/EngineMaterials/Substrate/Glints2/dict_0002_0076.uasset" 9322
"../../../Engine/Content/EngineMaterials/Substrate/Glints2/dict_0002_0077.uasset" 9323
"../../../Engine/Content/EngineMaterials/Substrate/Glints2/dict_0002_0074.uasset" 9324
"../../../Engine/Content/EngineMaterials/Substrate/Glints2/dict_0002_0080.uasset" 9325
"../../../Engine/Content/EngineMaterials/Substrate/Glints2/dict_0002_0075.uasset" 9326
"/Engine/EngineMaterials/Substrate/Glints2/dict_0002_0084" 9327
"../../../Engine/Content/EngineMaterials/Substrate/Glints2/dict_0002_0082.uasset" 9328
"../../../Engine/Content/EngineMaterials/Substrate/Glints2/dict_0002_0070.uasset" 9329
"../../../Engine/Content/EngineMaterials/Substrate/Glints2/dict_0002_0068.uasset" 9330
"../../../Engine/Content/EngineMaterials/Substrate/Glints2/dict_0002_0069.uasset" 9331
"../../../Engine/Content/EngineMaterials/Substrate/Glints2/dict_0002_0072.uasset" 9332
"../../../Engine/Content/EngineMaterials/Substrate/Glints2/dict_0002_0067.uasset" 9333
"/Engine/EngineMaterials/Substrate/Glints2/dict_0002_0085" 9334
"../../../Engine/Content/EngineMaterials/Substrate/Glints2/dict_0002_0071.uasset" 9335
"/Engine/EngineMaterials/Substrate/Glints2/dict_0002_0086" 9336
"/Engine/EngineMaterials/Substrate/Glints2/dict_0002_0087" 9337
"/Engine/EngineMaterials/Substrate/Glints2/dict_0002_0088" 9338
"/Engine/EngineMaterials/Substrate/Glints2/dict_0002_0089" 9339
"/Engine/EngineMaterials/Substrate/Glints2/dict_0002_0090" 9340
"/Engine/EngineMaterials/Substrate/Glints2/dict_0002_0091" 9341
"/Engine/EngineMaterials/Substrate/Glints2/dict_0002_0092" 9342
"/Engine/EngineMaterials/Substrate/Glints2/dict_0002_0093" 9343
"/Engine/EngineMaterials/Substrate/Glints2/dict_0002_0094" 9344
"/Engine/EngineMaterials/Substrate/Glints2/dict_0002_0095" 9345
"/Engine/EngineMaterials/Substrate/Glints2/dict_0002_0096" 9346
"/Engine/EngineMaterials/Substrate/Glints2/dict_0002_0097" 9347
"/Engine/EngineMaterials/Substrate/Glints2/dict_0002_0098" 9348
"/Engine/EngineMaterials/Substrate/Glints2/dict_0002_0067" 9349
"../../../Engine/Content/EngineMaterials/Substrate/Glints2/dict_0002_0060.uasset" 9350
"../../../Engine/Content/EngineMaterials/Substrate/Glints2/dict_0002_0061.uasset" 9351
"../../../Engine/Content/EngineMaterials/Substrate/Glints2/dict_0002_0057.uasset" 9352
"../../../Engine/Content/EngineMaterials/Substrate/Glints2/dict_0002_0064.uasset" 9353
"../../../Engine/Content/EngineMaterials/Substrate/Glints2/dict_0002_0066.uasset" 9354
"../../../Engine/Content/EngineMaterials/Substrate/Glints2/dict_0002_0058.uasset" 9355
"../../../Engine/Content/EngineMaterials/Substrate/Glints2/dict_0002_0063.uasset" 9356
"../../../Engine/Content/EngineMaterials/Substrate/Glints2/dict_0002_0065.uasset" 9357
"../../../Engine/Content/EngineMaterials/Substrate/Glints2/dict_0002_0062.uasset" 9358
"../../../Engine/Content/EngineMaterials/Substrate/Glints2/dict_0002_0059.uasset" 9359
"../../../Engine/Content/EngineMaterials/Substrate/Glints2/dict_0002_0055.uasset" 9360
"../../../Engine/Content/EngineMaterials/Substrate/Glints2/dict_0002_0054.uasset" 9361
"../../../Engine/Content/EngineMaterials/Substrate/Glints2/dict_0002_0053.uasset" 9362
"../../../Engine/Content/EngineMaterials/Substrate/Glints2/dict_0002_0052.uasset" 9363
"../../../Engine/Content/EngineMaterials/Substrate/Glints2/dict_0002_0056.uasset" 9364
"/Engine/EngineMaterials/Substrate/Glints2/dict_0002_0068" 9365
"../../../Engine/Content/EngineMaterials/Substrate/Glints2/dict_0002_0051.uasset" 9366
"/Engine/EngineMaterials/Substrate/Glints2/dict_0002_0069" 9367
"/Engine/EngineMaterials/Substrate/Glints2/dict_0002_0070" 9368
"/Engine/EngineMaterials/Substrate/Glints2/dict_0002_0071" 9369
"/Engine/EngineMaterials/Substrate/Glints2/dict_0002_0072" 9370
"/Engine/EngineMaterials/Substrate/Glints2/dict_0002_0073" 9371
"/Engine/EngineMaterials/Substrate/Glints2/dict_0002_0074" 9372
"/Engine/EngineMaterials/Substrate/Glints2/dict_0002_0075" 9373
"/Engine/EngineMaterials/Substrate/Glints2/dict_0002_0076" 9374
"/Engine/EngineMaterials/Substrate/Glints2/dict_0002_0077" 9375
"/Engine/EngineMaterials/Substrate/Glints2/dict_0002_0078" 9376
"/Engine/EngineMaterials/Substrate/Glints2/dict_0002_0079" 9377
"/Engine/EngineMaterials/Substrate/Glints2/dict_0002_0080" 9378
"/Engine/EngineMaterials/Substrate/Glints2/dict_0002_0081" 9379
"/Engine/EngineMaterials/Substrate/Glints2/dict_0002_0082" 9380
"../../../Engine/Content/EngineMaterials/Substrate/Glints2/dict_0002_0048.uasset" 9381
"../../../Engine/Content/EngineMaterials/Substrate/Glints2/dict_0002_0044.uasset" 9382
"../../../Engine/Content/EngineMaterials/Substrate/Glints2/dict_0002_0047.uasset" 9383
"../../../Engine/Content/EngineMaterials/Substrate/Glints2/dict_0002_0045.uasset" 9384
"/Engine/EngineMaterials/Substrate/Glints2/dict_0002_0051" 9385
"../../../Engine/Content/EngineMaterials/Substrate/Glints2/dict_0002_0043.uasset" 9386
"../../../Engine/Content/EngineMaterials/Substrate/Glints2/dict_0002_0042.uasset" 9387
"../../../Engine/Content/EngineMaterials/Substrate/Glints2/dict_0002_0050.uasset" 9388
"../../../Engine/Content/EngineMaterials/Substrate/Glints2/dict_0002_0041.uasset" 9389
"../../../Engine/Content/EngineMaterials/Substrate/Glints2/dict_0002_0046.uasset" 9390
"../../../Engine/Content/EngineMaterials/Substrate/Glints2/dict_0002_0049.uasset" 9391
"/Engine/EngineMaterials/Substrate/Glints2/dict_0002_0052" 9392
"../../../Engine/Content/EngineMaterials/Substrate/Glints2/dict_0002_0039.uasset" 9393
"../../../Engine/Content/EngineMaterials/Substrate/Glints2/dict_0002_0037.uasset" 9394
"../../../Engine/Content/EngineMaterials/Substrate/Glints2/dict_0002_0036.uasset" 9395
"../../../Engine/Content/EngineMaterials/Substrate/Glints2/dict_0002_0038.uasset" 9396
"../../../Engine/Content/EngineMaterials/Substrate/Glints2/dict_0002_0035.uasset" 9397
"../../../Engine/Content/EngineMaterials/Substrate/Glints2/dict_0002_0040.uasset" 9398
"/Engine/EngineMaterials/Substrate/Glints2/dict_0002_0053" 9399
"/Engine/EngineMaterials/Substrate/Glints2/dict_0002_0054" 9400
"/Engine/EngineMaterials/Substrate/Glints2/dict_0002_0055" 9401
"/Engine/EngineMaterials/Substrate/Glints2/dict_0002_0056" 9402
"/Engine/EngineMaterials/Substrate/Glints2/dict_0002_0057" 9403
"/Engine/EngineMaterials/Substrate/Glints2/dict_0002_0058" 9404
"/Engine/EngineMaterials/Substrate/Glints2/dict_0002_0059" 9405
"/Engine/EngineMaterials/Substrate/Glints2/dict_0002_0060" 9406
"/Engine/EngineMaterials/Substrate/Glints2/dict_0002_0061" 9407
"/Engine/EngineMaterials/Substrate/Glints2/dict_0002_0062" 9408
"/Engine/EngineMaterials/Substrate/Glints2/dict_0002_0063" 9409
"/Engine/EngineMaterials/Substrate/Glints2/dict_0002_0064" 9410
"/Engine/EngineMaterials/Substrate/Glints2/dict_0002_0065" 9411
"/Engine/EngineMaterials/Substrate/Glints2/dict_0002_0066" 9412
"../../../Engine/Content/EngineMaterials/Substrate/Glints2/dict_0002_0032.uasset" 9413
"../../../Engine/Content/EngineMaterials/Substrate/Glints2/dict_0002_0031.uasset" 9414
"/Engine/EngineMaterials/Substrate/Glints2/dict_0002_0035" 9415
"../../../Engine/Content/EngineMaterials/Substrate/Glints2/dict_0002_0033.uasset" 9416
"../../../Engine/Content/EngineMaterials/Substrate/Glints2/dict_0002_0029.uasset" 9417
"../../../Engine/Content/EngineMaterials/Substrate/Glints2/dict_0002_0027.uasset" 9418
"../../../Engine/Content/EngineMaterials/Substrate/Glints2/dict_0002_0026.uasset" 9419
"../../../Engine/Content/EngineMaterials/Substrate/Glints2/dict_0002_0034.uasset" 9420
"../../../Engine/Content/EngineMaterials/Substrate/Glints2/dict_0002_0030.uasset" 9421
"../../../Engine/Content/EngineMaterials/Substrate/Glints2/dict_0002_0025.uasset" 9422
"../../../Engine/Content/EngineMaterials/Substrate/Glints2/dict_0002_0028.uasset" 9423
"../../../Engine/Content/EngineMaterials/Substrate/Glints2/dict_0002_0024.uasset" 9424
"/Engine/EngineMaterials/Substrate/Glints2/dict_0002_0036" 9425
"../../../Engine/Content/EngineMaterials/Substrate/Glints2/dict_0002_0022.uasset" 9426
"../../../Engine/Content/EngineMaterials/Substrate/Glints2/dict_0002_0020.uasset" 9427
"../../../Engine/Content/EngineMaterials/Substrate/Glints2/dict_0002_0019.uasset" 9428
"../../../Engine/Content/EngineMaterials/Substrate/Glints2/dict_0002_0021.uasset" 9429
"../../../Engine/Content/EngineMaterials/Substrate/Glints2/dict_0002_0023.uasset" 9430
"/Engine/EngineMaterials/Substrate/Glints2/dict_0002_0037" 9431
"/Engine/EngineMaterials/Substrate/Glints2/dict_0002_0038" 9432
"/Engine/EngineMaterials/Substrate/Glints2/dict_0002_0039" 9433
"/Engine/EngineMaterials/Substrate/Glints2/dict_0002_0040" 9434
"/Engine/EngineMaterials/Substrate/Glints2/dict_0002_0041" 9435
"/Engine/EngineMaterials/Substrate/Glints2/dict_0002_0042" 9436
"/Engine/EngineMaterials/Substrate/Glints2/dict_0002_0043" 9437
"/Engine/EngineMaterials/Substrate/Glints2/dict_0002_0044" 9438
"/Engine/EngineMaterials/Substrate/Glints2/dict_0002_0045" 9439
"/Engine/EngineMaterials/Substrate/Glints2/dict_0002_0046" 9440
"/Engine/EngineMaterials/Substrate/Glints2/dict_0002_0047" 9441
"/Engine/EngineMaterials/Substrate/Glints2/dict_0002_0048" 9442
"/Engine/EngineMaterials/Substrate/Glints2/dict_0002_0049" 9443
"/Engine/EngineMaterials/Substrate/Glints2/dict_0002_0050" 9444
"../../../Engine/Content/EngineMaterials/Substrate/Glints2/dict_0002_0015.uasset" 9445
"../../../Engine/Content/EngineMaterials/Substrate/Glints2/dict_0002_0016.uasset" 9446
"../../../Engine/Content/EngineMaterials/Substrate/Glints2/dict_0002_0017.uasset" 9447
"../../../Engine/Content/EngineMaterials/Substrate/Glints2/dict_0002_0018.uasset" 9448
"../../../Engine/Content/EngineMaterials/Substrate/Glints2/dict_0002_0013.uasset" 9449
"../../../Engine/Content/EngineMaterials/Substrate/Glints2/dict_0002_0011.uasset" 9450
"/Engine/EngineMaterials/Substrate/Glints2/dict_0002_0019" 9451
"../../../Engine/Content/EngineMaterials/Substrate/Glints2/dict_0002_0009.uasset" 9452
"../../../Engine/Content/EngineMaterials/Substrate/Glints2/dict_0002_0014.uasset" 9453
"../../../Engine/Content/EngineMaterials/Substrate/Glints2/dict_0002_0012.uasset" 9454
"../../../Engine/Content/EngineMaterials/Substrate/Glints2/dict_0002_0010.uasset" 9455
"../../../Engine/Content/EngineMaterials/Substrate/Glints2/dict_0002_0007.uasset" 9456
"../../../Engine/Content/EngineMaterials/Substrate/Glints2/dict_0002_0008.uasset" 9457
"../../../Engine/Content/EngineMaterials/Substrate/Glints2/dict_0002_0004.uasset" 9458
"../../../Engine/Content/EngineMaterials/Substrate/Glints2/dict_0002_0006.uasset" 9459
"../../../Engine/Content/EngineMaterials/Substrate/Glints2/dict_0002_0005.uasset" 9460
"../../../Engine/Content/EngineMaterials/Substrate/Glints2/dict_0002_0003.uasset" 9461
"/Engine/EngineMaterials/Substrate/Glints2/dict_0002_0020" 9462
"/Engine/EngineMaterials/Substrate/Glints2/dict_0002_0021" 9463
"/Engine/EngineMaterials/Substrate/Glints2/dict_0002_0022" 9464
"/Engine/EngineMaterials/Substrate/Glints2/dict_0002_0023" 9465
"/Engine/EngineMaterials/Substrate/Glints2/dict_0002_0024" 9466
"/Engine/EngineMaterials/Substrate/Glints2/dict_0002_0025" 9467
"/Engine/EngineMaterials/Substrate/Glints2/dict_0002_0026" 9468
"/Engine/EngineMaterials/Substrate/Glints2/dict_0002_0027" 9469
"/Engine/EngineMaterials/Substrate/Glints2/dict_0002_0028" 9470
"/Engine/EngineMaterials/Substrate/Glints2/dict_0002_0029" 9471
"/Engine/EngineMaterials/Substrate/Glints2/dict_0002_0030" 9472
"/Engine/EngineMaterials/Substrate/Glints2/dict_0002_0031" 9473
"/Engine/EngineMaterials/Substrate/Glints2/dict_0002_0032" 9474
"/Engine/EngineMaterials/Substrate/Glints2/dict_0002_0033" 9475
"/Engine/EngineMaterials/Substrate/Glints2/dict_0002_0034" 9476
"/Engine/EngineMaterials/Substrate/Glints2/dict_0002_0003" 9477
"../../../Engine/Content/EngineMaterials/Substrate/Glints2/dict_0001_0253.uasset" 9478
"../../../Engine/Content/EngineMaterials/Substrate/Glints2/dict_0001_0252.uasset" 9479
"../../../Engine/Content/EngineMaterials/Substrate/Glints2/dict_0002_0000.uasset" 9480
"../../../Engine/Content/EngineMaterials/Substrate/Glints2/dict_0001_0251.uasset" 9481
"../../../Engine/Content/EngineMaterials/Substrate/Glints2/dict_0001_0250.uasset" 9482
"../../../Engine/Content/EngineMaterials/Substrate/Glints2/dict_0001_0249.uasset" 9483
"../../../Engine/Content/EngineMaterials/Substrate/Glints2/dict_0001_0254.uasset" 9484
"../../../Engine/Content/EngineMaterials/Substrate/Glints2/dict_0002_0002.uasset" 9485
"/Engine/EngineMaterials/Substrate/Glints2/dict_0002_0004" 9486
"../../../Engine/Content/EngineMaterials/Substrate/Glints2/dict_0001_0255.uasset" 9487
"../../../Engine/Content/EngineMaterials/Substrate/Glints2/dict_0002_0001.uasset" 9488
"../../../Engine/Content/EngineMaterials/Substrate/Glints2/dict_0001_0247.uasset" 9489
"../../../Engine/Content/EngineMaterials/Substrate/Glints2/dict_0001_0248.uasset" 9490
"/Engine/EngineMaterials/Substrate/Glints2/dict_0002_0005" 9491
"../../../Engine/Content/EngineMaterials/Substrate/Glints2/dict_0001_0245.uasset" 9492
"../../../Engine/Content/EngineMaterials/Substrate/Glints2/dict_0001_0246.uasset" 9493
"../../../Engine/Content/EngineMaterials/Substrate/Glints2/dict_0001_0244.uasset" 9494
"../../../Engine/Content/EngineMaterials/Substrate/Glints2/dict_0001_0243.uasset" 9495
"/Engine/EngineMaterials/Substrate/Glints2/dict_0002_0006" 9496
"/Engine/EngineMaterials/Substrate/Glints2/dict_0002_0007" 9497
"/Engine/EngineMaterials/Substrate/Glints2/dict_0002_0008" 9498
"/Engine/EngineMaterials/Substrate/Glints2/dict_0002_0009" 9499
"/Engine/EngineMaterials/Substrate/Glints2/dict_0002_0010" 9500
"/Engine/EngineMaterials/Substrate/Glints2/dict_0002_0011" 9501
"/Engine/EngineMaterials/Substrate/Glints2/dict_0002_0012" 9502
"/Engine/EngineMaterials/Substrate/Glints2/dict_0002_0013" 9503
"/Engine/EngineMaterials/Substrate/Glints2/dict_0002_0014" 9504
"/Engine/EngineMaterials/Substrate/Glints2/dict_0002_0015" 9505
"/Engine/EngineMaterials/Substrate/Glints2/dict_0002_0016" 9506
"/Engine/EngineMaterials/Substrate/Glints2/dict_0002_0017" 9507
"/Engine/EngineMaterials/Substrate/Glints2/dict_0002_0018" 9508
"/Engine/EngineMaterials/Substrate/Glints2/dict_0001_0243" 9509
"../../../Engine/Content/EngineMaterials/Substrate/Glints2/dict_0001_0241.uasset" 9510
"../../../Engine/Content/EngineMaterials/Substrate/Glints2/dict_0001_0236.uasset" 9511
"../../../Engine/Content/EngineMaterials/Substrate/Glints2/dict_0001_0238.uasset" 9512
"../../../Engine/Content/EngineMaterials/Substrate/Glints2/dict_0001_0242.uasset" 9513
"../../../Engine/Content/EngineMaterials/Substrate/Glints2/dict_0001_0240.uasset" 9514
"../../../Engine/Content/EngineMaterials/Substrate/Glints2/dict_0001_0237.uasset" 9515
"../../../Engine/Content/EngineMaterials/Substrate/Glints2/dict_0001_0234.uasset" 9516
"../../../Engine/Content/EngineMaterials/Substrate/Glints2/dict_0001_0235.uasset" 9517
"../../../Engine/Content/EngineMaterials/Substrate/Glints2/dict_0001_0239.uasset" 9518
"../../../Engine/Content/EngineMaterials/Substrate/Glints2/dict_0001_0233.uasset" 9519
"/Engine/EngineMaterials/Substrate/Glints2/dict_0001_0244" 9520
"../../../Engine/Content/EngineMaterials/Substrate/Glints2/dict_0001_0228.uasset" 9521
"../../../Engine/Content/EngineMaterials/Substrate/Glints2/dict_0001_0229.uasset" 9522
"../../../Engine/Content/EngineMaterials/Substrate/Glints2/dict_0001_0231.uasset" 9523
"../../../Engine/Content/EngineMaterials/Substrate/Glints2/dict_0001_0230.uasset" 9524
"../../../Engine/Content/EngineMaterials/Substrate/Glints2/dict_0001_0227.uasset" 9525
"../../../Engine/Content/EngineMaterials/Substrate/Glints2/dict_0001_0232.uasset" 9526
"/Engine/EngineMaterials/Substrate/Glints2/dict_0001_0245" 9527
"/Engine/EngineMaterials/Substrate/Glints2/dict_0001_0246" 9528
"/Engine/EngineMaterials/Substrate/Glints2/dict_0001_0247" 9529
"/Engine/EngineMaterials/Substrate/Glints2/dict_0001_0248" 9530
"/Engine/EngineMaterials/Substrate/Glints2/dict_0001_0249" 9531
"/Engine/EngineMaterials/Substrate/Glints2/dict_0001_0250" 9532
"/Engine/EngineMaterials/Substrate/Glints2/dict_0001_0251" 9533
"/Engine/EngineMaterials/Substrate/Glints2/dict_0001_0252" 9534
"/Engine/EngineMaterials/Substrate/Glints2/dict_0001_0253" 9535
"/Engine/EngineMaterials/Substrate/Glints2/dict_0001_0254" 9536
"/Engine/EngineMaterials/Substrate/Glints2/dict_0001_0255" 9537
"/Engine/EngineMaterials/Substrate/Glints2/dict_0002_0000" 9538
"/Engine/EngineMaterials/Substrate/Glints2/dict_0002_0001" 9539
"/Engine/EngineMaterials/Substrate/Glints2/dict_0002_0002" 9540
"../../../Engine/Content/EngineMaterials/Substrate/Glints2/dict_0001_0221.uasset" 9541
"/Engine/EngineMaterials/Substrate/Glints2/dict_0001_0227" 9542
"../../../Engine/Content/EngineMaterials/Substrate/Glints2/dict_0001_0218.uasset" 9543
"../../../Engine/Content/EngineMaterials/Substrate/Glints2/dict_0001_0225.uasset" 9544
"../../../Engine/Content/EngineMaterials/Substrate/Glints2/dict_0001_0224.uasset" 9545
"../../../Engine/Content/EngineMaterials/Substrate/Glints2/dict_0001_0220.uasset" 9546
"../../../Engine/Content/EngineMaterials/Substrate/Glints2/dict_0001_0219.uasset" 9547
"../../../Engine/Content/EngineMaterials/Substrate/Glints2/dict_0001_0223.uasset" 9548
"../../../Engine/Content/EngineMaterials/Substrate/Glints2/dict_0001_0217.uasset" 9549
"../../../Engine/Content/EngineMaterials/Substrate/Glints2/dict_0001_0226.uasset" 9550
"../../../Engine/Content/EngineMaterials/Substrate/Glints2/dict_0001_0222.uasset" 9551
"/Engine/EngineMaterials/Substrate/Glints2/dict_0001_0228" 9552
"../../../Engine/Content/EngineMaterials/Substrate/Glints2/dict_0001_0216.uasset" 9553
"../../../Engine/Content/EngineMaterials/Substrate/Glints2/dict_0001_0215.uasset" 9554
"../../../Engine/Content/EngineMaterials/Substrate/Glints2/dict_0001_0213.uasset" 9555
"../../../Engine/Content/EngineMaterials/Substrate/Glints2/dict_0001_0212.uasset" 9556
"../../../Engine/Content/EngineMaterials/Substrate/Glints2/dict_0001_0214.uasset" 9557
"../../../Engine/Content/EngineMaterials/Substrate/Glints2/dict_0001_0211.uasset" 9558
"/Engine/EngineMaterials/Substrate/Glints2/dict_0001_0229" 9559
"/Engine/EngineMaterials/Substrate/Glints2/dict_0001_0230" 9560
"/Engine/EngineMaterials/Substrate/Glints2/dict_0001_0231" 9561
"/Engine/EngineMaterials/Substrate/Glints2/dict_0001_0232" 9562
"/Engine/EngineMaterials/Substrate/Glints2/dict_0001_0233" 9563
"/Engine/EngineMaterials/Substrate/Glints2/dict_0001_0234" 9564
"/Engine/EngineMaterials/Substrate/Glints2/dict_0001_0235" 9565
"/Engine/EngineMaterials/Substrate/Glints2/dict_0001_0236" 9566
"/Engine/EngineMaterials/Substrate/Glints2/dict_0001_0237" 9567
"/Engine/EngineMaterials/Substrate/Glints2/dict_0001_0238" 9568
"/Engine/EngineMaterials/Substrate/Glints2/dict_0001_0239" 9569
"/Engine/EngineMaterials/Substrate/Glints2/dict_0001_0240" 9570
"/Engine/EngineMaterials/Substrate/Glints2/dict_0001_0241" 9571
"/Engine/EngineMaterials/Substrate/Glints2/dict_0001_0242" 9572
"/Engine/EngineMaterials/Substrate/Glints2/dict_0001_0211" 9573
"../../../Engine/Content/EngineMaterials/Substrate/Glints2/dict_0001_0207.uasset" 9574
"../../../Engine/Content/EngineMaterials/Substrate/Glints2/dict_0001_0208.uasset" 9575
"../../../Engine/Content/EngineMaterials/Substrate/Glints2/dict_0001_0205.uasset" 9576
"../../../Engine/Content/EngineMaterials/Substrate/Glints2/dict_0001_0203.uasset" 9577
"../../../Engine/Content/EngineMaterials/Substrate/Glints2/dict_0001_0202.uasset" 9578
"../../../Engine/Content/EngineMaterials/Substrate/Glints2/dict_0001_0201.uasset" 9579
"../../../Engine/Content/EngineMaterials/Substrate/Glints2/dict_0001_0210.uasset" 9580
"../../../Engine/Content/EngineMaterials/Substrate/Glints2/dict_0001_0209.uasset" 9581
"../../../Engine/Content/EngineMaterials/Substrate/Glints2/dict_0001_0204.uasset" 9582
"../../../Engine/Content/EngineMaterials/Substrate/Glints2/dict_0001_0206.uasset" 9583
"/Engine/EngineMaterials/Substrate/Glints2/dict_0001_0212" 9584
"../../../Engine/Content/EngineMaterials/Substrate/Glints2/dict_0001_0200.uasset" 9585
"../../../Engine/Content/EngineMaterials/Substrate/Glints2/dict_0001_0198.uasset" 9586
"../../../Engine/Content/EngineMaterials/Substrate/Glints2/dict_0001_0199.uasset" 9587
"../../../Engine/Content/EngineMaterials/Substrate/Glints2/dict_0001_0197.uasset" 9588
"../../../Engine/Content/EngineMaterials/Substrate/Glints2/dict_0001_0195.uasset" 9589
"../../../Engine/Content/EngineMaterials/Substrate/Glints2/dict_0001_0196.uasset" 9590
"/Engine/EngineMaterials/Substrate/Glints2/dict_0001_0213" 9591
"/Engine/EngineMaterials/Substrate/Glints2/dict_0001_0214" 9592
"/Engine/EngineMaterials/Substrate/Glints2/dict_0001_0215" 9593
"/Engine/EngineMaterials/Substrate/Glints2/dict_0001_0216" 9594
"/Engine/EngineMaterials/Substrate/Glints2/dict_0001_0217" 9595
"/Engine/EngineMaterials/Substrate/Glints2/dict_0001_0218" 9596
"/Engine/EngineMaterials/Substrate/Glints2/dict_0001_0219" 9597
"/Engine/EngineMaterials/Substrate/Glints2/dict_0001_0220" 9598
"/Engine/EngineMaterials/Substrate/Glints2/dict_0001_0221" 9599
"/Engine/EngineMaterials/Substrate/Glints2/dict_0001_0222" 9600
"/Engine/EngineMaterials/Substrate/Glints2/dict_0001_0223" 9601
"/Engine/EngineMaterials/Substrate/Glints2/dict_0001_0224" 9602
"/Engine/EngineMaterials/Substrate/Glints2/dict_0001_0225" 9603
"/Engine/EngineMaterials/Substrate/Glints2/dict_0001_0226" 9604
"../../../Engine/Content/EngineMaterials/Substrate/Glints2/dict_0001_0193.uasset" 9605
"../../../Engine/Content/EngineMaterials/Substrate/Glints2/dict_0001_0190.uasset" 9606
"../../../Engine/Content/EngineMaterials/Substrate/Glints2/dict_0001_0189.uasset" 9607
"../../../Engine/Content/EngineMaterials/Substrate/Glints2/dict_0001_0191.uasset" 9608
"../../../Engine/Content/EngineMaterials/Substrate/Glints2/dict_0001_0187.uasset" 9609
"/Engine/EngineMaterials/Substrate/Glints2/dict_0001_0195" 9610
"../../../Engine/Content/EngineMaterials/Substrate/Glints2/dict_0001_0192.uasset" 9611
"../../../Engine/Content/EngineMaterials/Substrate/Glints2/dict_0001_0188.uasset" 9612
"../../../Engine/Content/EngineMaterials/Substrate/Glints2/dict_0001_0185.uasset" 9613
"../../../Engine/Content/EngineMaterials/Substrate/Glints2/dict_0001_0194.uasset" 9614
"../../../Engine/Content/EngineMaterials/Substrate/Glints2/dict_0001_0186.uasset" 9615
"../../../Engine/Content/EngineMaterials/Substrate/Glints2/dict_0001_0182.uasset" 9616
"../../../Engine/Content/EngineMaterials/Substrate/Glints2/dict_0001_0180.uasset" 9617
"../../../Engine/Content/EngineMaterials/Substrate/Glints2/dict_0001_0181.uasset" 9618
"../../../Engine/Content/EngineMaterials/Substrate/Glints2/dict_0001_0184.uasset" 9619
"../../../Engine/Content/EngineMaterials/Substrate/Glints2/dict_0001_0179.uasset" 9620
"../../../Engine/Content/EngineMaterials/Substrate/Glints2/dict_0001_0183.uasset" 9621
"/Engine/EngineMaterials/Substrate/Glints2/dict_0001_0196" 9622
"/Engine/EngineMaterials/Substrate/Glints2/dict_0001_0197" 9623
"/Engine/EngineMaterials/Substrate/Glints2/dict_0001_0198" 9624
"/Engine/EngineMaterials/Substrate/Glints2/dict_0001_0199" 9625
"/Engine/EngineMaterials/Substrate/Glints2/dict_0001_0200" 9626
"/Engine/EngineMaterials/Substrate/Glints2/dict_0001_0201" 9627
"/Engine/EngineMaterials/Substrate/Glints2/dict_0001_0202" 9628
"/Engine/EngineMaterials/Substrate/Glints2/dict_0001_0203" 9629
"/Engine/EngineMaterials/Substrate/Glints2/dict_0001_0204" 9630
"/Engine/EngineMaterials/Substrate/Glints2/dict_0001_0205" 9631
"/Engine/EngineMaterials/Substrate/Glints2/dict_0001_0206" 9632
"/Engine/EngineMaterials/Substrate/Glints2/dict_0001_0207" 9633
"/Engine/EngineMaterials/Substrate/Glints2/dict_0001_0208" 9634
"/Engine/EngineMaterials/Substrate/Glints2/dict_0001_0209" 9635
"/Engine/EngineMaterials/Substrate/Glints2/dict_0001_0210" 9636
"../../../Engine/Content/EngineMaterials/Substrate/Glints2/dict_0001_0174.uasset" 9637
"../../../Engine/Content/EngineMaterials/Substrate/Glints2/dict_0001_0178.uasset" 9638
"../../../Engine/Content/EngineMaterials/Substrate/Glints2/dict_0001_0176.uasset" 9639
"../../../Engine/Content/EngineMaterials/Substrate/Glints2/dict_0001_0173.uasset" 9640
"/Engine/EngineMaterials/Substrate/Glints2/dict_0001_0179" 9641
"../../../Engine/Content/EngineMaterials/Substrate/Glints2/dict_0001_0175.uasset" 9642
"../../../Engine/Content/EngineMaterials/Substrate/Glints2/dict_0001_0177.uasset" 9643
"../../../Engine/Content/EngineMaterials/Substrate/Glints2/dict_0001_0172.uasset" 9644
"../../../Engine/Content/EngineMaterials/Substrate/Glints2/dict_0001_0171.uasset" 9645
"../../../Engine/Content/EngineMaterials/Substrate/Glints2/dict_0001_0170.uasset" 9646
"../../../Engine/Content/EngineMaterials/Substrate/Glints2/dict_0001_0167.uasset" 9647
"../../../Engine/Content/EngineMaterials/Substrate/Glints2/dict_0001_0166.uasset" 9648
"../../../Engine/Content/EngineMaterials/Substrate/Glints2/dict_0001_0164.uasset" 9649
"../../../Engine/Content/EngineMaterials/Substrate/Glints2/dict_0001_0168.uasset" 9650
"/Engine/EngineMaterials/Substrate/Glints2/dict_0001_0180" 9651
"../../../Engine/Content/EngineMaterials/Substrate/Glints2/dict_0001_0169.uasset" 9652
"../../../Engine/Content/EngineMaterials/Substrate/Glints2/dict_0001_0165.uasset" 9653
"../../../Engine/Content/EngineMaterials/Substrate/Glints2/dict_0001_0163.uasset" 9654
"/Engine/EngineMaterials/Substrate/Glints2/dict_0001_0181" 9655
"/Engine/EngineMaterials/Substrate/Glints2/dict_0001_0182" 9656
"/Engine/EngineMaterials/Substrate/Glints2/dict_0001_0183" 9657
"/Engine/EngineMaterials/Substrate/Glints2/dict_0001_0184" 9658
"/Engine/EngineMaterials/Substrate/Glints2/dict_0001_0185" 9659
"/Engine/EngineMaterials/Substrate/Glints2/dict_0001_0186" 9660
"/Engine/EngineMaterials/Substrate/Glints2/dict_0001_0187" 9661
"/Engine/EngineMaterials/Substrate/Glints2/dict_0001_0188" 9662
"/Engine/EngineMaterials/Substrate/Glints2/dict_0001_0189" 9663
"/Engine/EngineMaterials/Substrate/Glints2/dict_0001_0190" 9664
"/Engine/EngineMaterials/Substrate/Glints2/dict_0001_0191" 9665
"/Engine/EngineMaterials/Substrate/Glints2/dict_0001_0192" 9666
"/Engine/EngineMaterials/Substrate/Glints2/dict_0001_0193" 9667
"/Engine/EngineMaterials/Substrate/Glints2/dict_0001_0194" 9668
"/Engine/EngineMaterials/Substrate/Glints2/dict_0001_0163" 9669
"../../../Engine/Content/EngineMaterials/Substrate/Glints2/dict_0001_0156.uasset" 9670
"../../../Engine/Content/EngineMaterials/Substrate/Glints2/dict_0001_0155.uasset" 9671
"../../../Engine/Content/EngineMaterials/Substrate/Glints2/dict_0001_0160.uasset" 9672
"../../../Engine/Content/EngineMaterials/Substrate/Glints2/dict_0001_0162.uasset" 9673
"../../../Engine/Content/EngineMaterials/Substrate/Glints2/dict_0001_0161.uasset" 9674
"../../../Engine/Content/EngineMaterials/Substrate/Glints2/dict_0001_0153.uasset" 9675
"../../../Engine/Content/EngineMaterials/Substrate/Glints2/dict_0001_0158.uasset" 9676
"../../../Engine/Content/EngineMaterials/Substrate/Glints2/dict_0001_0157.uasset" 9677
"../../../Engine/Content/EngineMaterials/Substrate/Glints2/dict_0001_0159.uasset" 9678
"../../../Engine/Content/EngineMaterials/Substrate/Glints2/dict_0001_0154.uasset" 9679
"/Engine/EngineMaterials/Substrate/Glints2/dict_0001_0164" 9680
"../../../Engine/Content/EngineMaterials/Substrate/Glints2/dict_0001_0151.uasset" 9681
"../../../Engine/Content/EngineMaterials/Substrate/Glints2/dict_0001_0152.uasset" 9682
"../../../Engine/Content/EngineMaterials/Substrate/Glints2/dict_0001_0150.uasset" 9683
"../../../Engine/Content/EngineMaterials/Substrate/Glints2/dict_0001_0148.uasset" 9684
"../../../Engine/Content/EngineMaterials/Substrate/Glints2/dict_0001_0147.uasset" 9685
"../../../Engine/Content/EngineMaterials/Substrate/Glints2/dict_0001_0149.uasset" 9686
"/Engine/EngineMaterials/Substrate/Glints2/dict_0001_0165" 9687
"/Engine/EngineMaterials/Substrate/Glints2/dict_0001_0166" 9688
"/Engine/EngineMaterials/Substrate/Glints2/dict_0001_0167" 9689
"/Engine/EngineMaterials/Substrate/Glints2/dict_0001_0168" 9690
"/Engine/EngineMaterials/Substrate/Glints2/dict_0001_0169" 9691
"/Engine/EngineMaterials/Substrate/Glints2/dict_0001_0170" 9692
"/Engine/EngineMaterials/Substrate/Glints2/dict_0001_0171" 9693
"/Engine/EngineMaterials/Substrate/Glints2/dict_0001_0172" 9694
"/Engine/EngineMaterials/Substrate/Glints2/dict_0001_0173" 9695
"/Engine/EngineMaterials/Substrate/Glints2/dict_0001_0174" 9696
"/Engine/EngineMaterials/Substrate/Glints2/dict_0001_0175" 9697
"/Engine/EngineMaterials/Substrate/Glints2/dict_0001_0176" 9698
"/Engine/EngineMaterials/Substrate/Glints2/dict_0001_0177" 9699
"/Engine/EngineMaterials/Substrate/Glints2/dict_0001_0178" 9700
"../../../Engine/Content/EngineMaterials/Substrate/Glints2/dict_0001_0146.uasset" 9701
"../../../Engine/Content/EngineMaterials/Substrate/Glints2/dict_0001_0145.uasset" 9702
"/Engine/EngineMaterials/Substrate/Glints2/dict_0001_0147" 9703
"../../../Engine/Content/EngineMaterials/Substrate/Glints2/dict_0001_0144.uasset" 9704
"../../../Engine/Content/EngineMaterials/Substrate/Glints2/dict_0001_0137.uasset" 9705
"../../../Engine/Content/EngineMaterials/Substrate/Glints2/dict_0001_0141.uasset" 9706
"../../../Engine/Content/EngineMaterials/Substrate/Glints2/dict_0001_0143.uasset" 9707
"../../../Engine/Content/EngineMaterials/Substrate/Glints2/dict_0001_0142.uasset" 9708
"../../../Engine/Content/EngineMaterials/Substrate/Glints2/dict_0001_0139.uasset" 9709
"../../../Engine/Content/EngineMaterials/Substrate/Glints2/dict_0001_0138.uasset" 9710
"../../../Engine/Content/EngineMaterials/Substrate/Glints2/dict_0001_0140.uasset" 9711
"../../../Engine/Content/EngineMaterials/Substrate/Glints2/dict_0001_0136.uasset" 9712
"../../../Engine/Content/EngineMaterials/Substrate/Glints2/dict_0001_0135.uasset" 9713
"../../../Engine/Content/EngineMaterials/Substrate/Glints2/dict_0001_0132.uasset" 9714
"../../../Engine/Content/EngineMaterials/Substrate/Glints2/dict_0001_0133.uasset" 9715
"/Engine/EngineMaterials/Substrate/Glints2/dict_0001_0148" 9716
"../../../Engine/Content/EngineMaterials/Substrate/Glints2/dict_0001_0131.uasset" 9717
"../../../Engine/Content/EngineMaterials/Substrate/Glints2/dict_0001_0134.uasset" 9718
"/Engine/EngineMaterials/Substrate/Glints2/dict_0001_0149" 9719
"/Engine/EngineMaterials/Substrate/Glints2/dict_0001_0150" 9720
"/Engine/EngineMaterials/Substrate/Glints2/dict_0001_0151" 9721
"/Engine/EngineMaterials/Substrate/Glints2/dict_0001_0152" 9722
"/Engine/EngineMaterials/Substrate/Glints2/dict_0001_0153" 9723
"/Engine/EngineMaterials/Substrate/Glints2/dict_0001_0154" 9724
"/Engine/EngineMaterials/Substrate/Glints2/dict_0001_0155" 9725
"/Engine/EngineMaterials/Substrate/Glints2/dict_0001_0156" 9726
"/Engine/EngineMaterials/Substrate/Glints2/dict_0001_0157" 9727
"/Engine/EngineMaterials/Substrate/Glints2/dict_0001_0158" 9728
"/Engine/EngineMaterials/Substrate/Glints2/dict_0001_0159" 9729
"/Engine/EngineMaterials/Substrate/Glints2/dict_0001_0160" 9730
"/Engine/EngineMaterials/Substrate/Glints2/dict_0001_0161" 9731
"/Engine/EngineMaterials/Substrate/Glints2/dict_0001_0162" 9732
"../../../Engine/Content/EngineMaterials/Substrate/Glints2/dict_0001_0129.uasset" 9733
"/Engine/EngineMaterials/Substrate/Glints2/dict_0001_0131" 9734
"../../../Engine/Content/EngineMaterials/Substrate/Glints2/dict_0001_0126.uasset" 9735
"../../../Engine/Content/EngineMaterials/Substrate/Glints2/dict_0001_0127.uasset" 9736
"../../../Engine/Content/EngineMaterials/Substrate/Glints2/dict_0001_0125.uasset" 9737
"../../../Engine/Content/EngineMaterials/Substrate/Glints2/dict_0001_0124.uasset" 9738
"../../../Engine/Content/EngineMaterials/Substrate/Glints2/dict_0001_0121.uasset" 9739
"../../../Engine/Content/EngineMaterials/Substrate/Glints2/dict_0001_0122.uasset" 9740
"../../../Engine/Content/EngineMaterials/Substrate/Glints2/dict_0001_0130.uasset" 9741
"../../../Engine/Content/EngineMaterials/Substrate/Glints2/dict_0001_0128.uasset" 9742
"../../../Engine/Content/EngineMaterials/Substrate/Glints2/dict_0001_0123.uasset" 9743
"/Engine/EngineMaterials/Substrate/Glints2/dict_0001_0132" 9744
"../../../Engine/Content/EngineMaterials/Substrate/Glints2/dict_0001_0120.uasset" 9745
"../../../Engine/Content/EngineMaterials/Substrate/Glints2/dict_0001_0117.uasset" 9746
"../../../Engine/Content/EngineMaterials/Substrate/Glints2/dict_0001_0118.uasset" 9747
"../../../Engine/Content/EngineMaterials/Substrate/Glints2/dict_0001_0119.uasset" 9748
"../../../Engine/Content/EngineMaterials/Substrate/Glints2/dict_0001_0115.uasset" 9749
"../../../Engine/Content/EngineMaterials/Substrate/Glints2/dict_0001_0116.uasset" 9750
"/Engine/EngineMaterials/Substrate/Glints2/dict_0001_0133" 9751
"/Engine/EngineMaterials/Substrate/Glints2/dict_0001_0134" 9752
"/Engine/EngineMaterials/Substrate/Glints2/dict_0001_0135" 9753
"/Engine/EngineMaterials/Substrate/Glints2/dict_0001_0136" 9754
"/Engine/EngineMaterials/Substrate/Glints2/dict_0001_0137" 9755
"/Engine/EngineMaterials/Substrate/Glints2/dict_0001_0138" 9756
"/Engine/EngineMaterials/Substrate/Glints2/dict_0001_0139" 9757
"/Engine/EngineMaterials/Substrate/Glints2/dict_0001_0140" 9758
"/Engine/EngineMaterials/Substrate/Glints2/dict_0001_0141" 9759
"/Engine/EngineMaterials/Substrate/Glints2/dict_0001_0142" 9760
"/Engine/EngineMaterials/Substrate/Glints2/dict_0001_0143" 9761
"/Engine/EngineMaterials/Substrate/Glints2/dict_0001_0144" 9762
"/Engine/EngineMaterials/Substrate/Glints2/dict_0001_0145" 9763
"/Engine/EngineMaterials/Substrate/Glints2/dict_0001_0146" 9764
"../../../Engine/Content/EngineMaterials/Substrate/Glints2/dict_0001_0112.uasset" 9765
"../../../Engine/Content/EngineMaterials/Substrate/Glints2/dict_0001_0108.uasset" 9766
"../../../Engine/Content/EngineMaterials/Substrate/Glints2/dict_0001_0110.uasset" 9767
"../../../Engine/Content/EngineMaterials/Substrate/Glints2/dict_0001_0114.uasset" 9768
"/Engine/EngineMaterials/Substrate/Glints2/dict_0001_0115" 9769
"../../../Engine/Content/EngineMaterials/Substrate/Glints2/dict_0001_0109.uasset" 9770
"../../../Engine/Content/EngineMaterials/Substrate/Glints2/dict_0001_0111.uasset" 9771
"../../../Engine/Content/EngineMaterials/Substrate/Glints2/dict_0001_0105.uasset" 9772
"../../../Engine/Content/EngineMaterials/Substrate/Glints2/dict_0001_0107.uasset" 9773
"../../../Engine/Content/EngineMaterials/Substrate/Glints2/dict_0001_0106.uasset" 9774
"../../../Engine/Content/EngineMaterials/Substrate/Glints2/dict_0001_0113.uasset" 9775
"../../../Engine/Content/EngineMaterials/Substrate/Glints2/dict_0001_0103.uasset" 9776
"../../../Engine/Content/EngineMaterials/Substrate/Glints2/dict_0001_0100.uasset" 9777
"/Engine/EngineMaterials/Substrate/Glints2/dict_0001_0116" 9778
"../../../Engine/Content/EngineMaterials/Substrate/Glints2/dict_0001_0102.uasset" 9779
"../../../Engine/Content/EngineMaterials/Substrate/Glints2/dict_0001_0104.uasset" 9780
"../../../Engine/Content/EngineMaterials/Substrate/Glints2/dict_0001_0101.uasset" 9781
"../../../Engine/Content/EngineMaterials/Substrate/Glints2/dict_0001_0099.uasset" 9782
"/Engine/EngineMaterials/Substrate/Glints2/dict_0001_0117" 9783
"/Engine/EngineMaterials/Substrate/Glints2/dict_0001_0118" 9784
"/Engine/EngineMaterials/Substrate/Glints2/dict_0001_0119" 9785
"/Engine/EngineMaterials/Substrate/Glints2/dict_0001_0120" 9786
"/Engine/EngineMaterials/Substrate/Glints2/dict_0001_0121" 9787
"/Engine/EngineMaterials/Substrate/Glints2/dict_0001_0122" 9788
"/Engine/EngineMaterials/Substrate/Glints2/dict_0001_0123" 9789
"/Engine/EngineMaterials/Substrate/Glints2/dict_0001_0124" 9790
"/Engine/EngineMaterials/Substrate/Glints2/dict_0001_0125" 9791
"/Engine/EngineMaterials/Substrate/Glints2/dict_0001_0126" 9792
"/Engine/EngineMaterials/Substrate/Glints2/dict_0001_0127" 9793
"/Engine/EngineMaterials/Substrate/Glints2/dict_0001_0128" 9794
"/Engine/EngineMaterials/Substrate/Glints2/dict_0001_0129" 9795
"/Engine/EngineMaterials/Substrate/Glints2/dict_0001_0130" 9796
"../../../Engine/Content/EngineMaterials/Substrate/Glints2/dict_0001_0094.uasset" 9797
"../../../Engine/Content/EngineMaterials/Substrate/Glints2/dict_0001_0096.uasset" 9798
"../../../Engine/Content/EngineMaterials/Substrate/Glints2/dict_0001_0092.uasset" 9799
"../../../Engine/Content/EngineMaterials/Substrate/Glints2/dict_0001_0097.uasset" 9800
"../../../Engine/Content/EngineMaterials/Substrate/Glints2/dict_0001_0090.uasset" 9801
"../../../Engine/Content/EngineMaterials/Substrate/Glints2/dict_0001_0089.uasset" 9802
"../../../Engine/Content/EngineMaterials/Substrate/Glints2/dict_0001_0091.uasset" 9803
"../../../Engine/Content/EngineMaterials/Substrate/Glints2/dict_0001_0098.uasset" 9804
"../../../Engine/Content/EngineMaterials/Substrate/Glints2/dict_0001_0095.uasset" 9805
"/Engine/EngineMaterials/Substrate/Glints2/dict_0001_0099" 9806
"../../../Engine/Content/EngineMaterials/Substrate/Glints2/dict_0001_0093.uasset" 9807
"../../../Engine/Content/EngineMaterials/Substrate/Glints2/dict_0001_0088.uasset" 9808
"../../../Engine/Content/EngineMaterials/Substrate/Glints2/dict_0001_0086.uasset" 9809
"../../../Engine/Content/EngineMaterials/Substrate/Glints2/dict_0001_0084.uasset" 9810
"../../../Engine/Content/EngineMaterials/Substrate/Glints2/dict_0001_0083.uasset" 9811
"../../../Engine/Content/EngineMaterials/Substrate/Glints2/dict_0001_0085.uasset" 9812
"../../../Engine/Content/EngineMaterials/Substrate/Glints2/dict_0001_0087.uasset" 9813
"/Engine/EngineMaterials/Substrate/Glints2/dict_0001_0100" 9814
"/Engine/EngineMaterials/Substrate/Glints2/dict_0001_0101" 9815
"/Engine/EngineMaterials/Substrate/Glints2/dict_0001_0102" 9816
"/Engine/EngineMaterials/Substrate/Glints2/dict_0001_0103" 9817
"/Engine/EngineMaterials/Substrate/Glints2/dict_0001_0104" 9818
"/Engine/EngineMaterials/Substrate/Glints2/dict_0001_0105" 9819
"/Engine/EngineMaterials/Substrate/Glints2/dict_0001_0106" 9820
"/Engine/EngineMaterials/Substrate/Glints2/dict_0001_0107" 9821
"/Engine/EngineMaterials/Substrate/Glints2/dict_0001_0108" 9822
"/Engine/EngineMaterials/Substrate/Glints2/dict_0001_0109" 9823
"/Engine/EngineMaterials/Substrate/Glints2/dict_0001_0110" 9824
"/Engine/EngineMaterials/Substrate/Glints2/dict_0001_0111" 9825
"/Engine/EngineMaterials/Substrate/Glints2/dict_0001_0112" 9826
"/Engine/EngineMaterials/Substrate/Glints2/dict_0001_0113" 9827
"/Engine/EngineMaterials/Substrate/Glints2/dict_0001_0114" 9828
"../../../Engine/Content/EngineMaterials/Substrate/Glints2/dict_0001_0081.uasset" 9829
"../../../Engine/Content/EngineMaterials/Substrate/Glints2/dict_0001_0076.uasset" 9830
"../../../Engine/Content/EngineMaterials/Substrate/Glints2/dict_0001_0077.uasset" 9831
"../../../Engine/Content/EngineMaterials/Substrate/Glints2/dict_0001_0078.uasset" 9832
"../../../Engine/Content/EngineMaterials/Substrate/Glints2/dict_0001_0082.uasset" 9833
"../../../Engine/Content/EngineMaterials/Substrate/Glints2/dict_0001_0075.uasset" 9834
"../../../Engine/Content/EngineMaterials/Substrate/Glints2/dict_0001_0079.uasset" 9835
"/Engine/EngineMaterials/Substrate/Glints2/dict_0001_0083" 9836
"../../../Engine/Content/EngineMaterials/Substrate/Glints2/dict_0001_0073.uasset" 9837
"../../../Engine/Content/EngineMaterials/Substrate/Glints2/dict_0001_0074.uasset" 9838
"../../../Engine/Content/EngineMaterials/Substrate/Glints2/dict_0001_0080.uasset" 9839
"../../../Engine/Content/EngineMaterials/Substrate/Glints2/dict_0001_0072.uasset" 9840
"/Engine/EngineMaterials/Substrate/Glints2/dict_0001_0084" 9841
"../../../Engine/Content/EngineMaterials/Substrate/Glints2/dict_0001_0069.uasset" 9842
"../../../Engine/Content/EngineMaterials/Substrate/Glints2/dict_0001_0071.uasset" 9843
"../../../Engine/Content/EngineMaterials/Substrate/Glints2/dict_0001_0067.uasset" 9844
"../../../Engine/Content/EngineMaterials/Substrate/Glints2/dict_0001_0068.uasset" 9845
"../../../Engine/Content/EngineMaterials/Substrate/Glints2/dict_0001_0070.uasset" 9846
"/Engine/EngineMaterials/Substrate/Glints2/dict_0001_0085" 9847
"/Engine/EngineMaterials/Substrate/Glints2/dict_0001_0086" 9848
"/Engine/EngineMaterials/Substrate/Glints2/dict_0001_0087" 9849
"/Engine/EngineMaterials/Substrate/Glints2/dict_0001_0088" 9850
"/Engine/EngineMaterials/Substrate/Glints2/dict_0001_0089" 9851
"/Engine/EngineMaterials/Substrate/Glints2/dict_0001_0090" 9852
"/Engine/EngineMaterials/Substrate/Glints2/dict_0001_0091" 9853
"/Engine/EngineMaterials/Substrate/Glints2/dict_0001_0092" 9854
"/Engine/EngineMaterials/Substrate/Glints2/dict_0001_0093" 9855
"/Engine/EngineMaterials/Substrate/Glints2/dict_0001_0094" 9856
"/Engine/EngineMaterials/Substrate/Glints2/dict_0001_0095" 9857
"/Engine/EngineMaterials/Substrate/Glints2/dict_0001_0096" 9858
"/Engine/EngineMaterials/Substrate/Glints2/dict_0001_0097" 9859
"/Engine/EngineMaterials/Substrate/Glints2/dict_0001_0098" 9860
"../../../Engine/Content/EngineMaterials/Substrate/Glints2/dict_0001_0062.uasset" 9861
"/Engine/EngineMaterials/Substrate/Glints2/dict_0001_0067" 9862
"../../../Engine/Content/EngineMaterials/Substrate/Glints2/dict_0001_0065.uasset" 9863
"../../../Engine/Content/EngineMaterials/Substrate/Glints2/dict_0001_0058.uasset" 9864
"../../../Engine/Content/EngineMaterials/Substrate/Glints2/dict_0001_0061.uasset" 9865
"../../../Engine/Content/EngineMaterials/Substrate/Glints2/dict_0001_0057.uasset" 9866
"../../../Engine/Content/EngineMaterials/Substrate/Glints2/dict_0001_0063.uasset" 9867
"../../../Engine/Content/EngineMaterials/Substrate/Glints2/dict_0001_0066.uasset" 9868
"../../../Engine/Content/EngineMaterials/Substrate/Glints2/dict_0001_0059.uasset" 9869
"../../../Engine/Content/EngineMaterials/Substrate/Glints2/dict_0001_0064.uasset" 9870
"../../../Engine/Content/EngineMaterials/Substrate/Glints2/dict_0001_0060.uasset" 9871
"/Engine/EngineMaterials/Substrate/Glints2/dict_0001_0068" 9872
"../../../Engine/Content/EngineMaterials/Substrate/Glints2/dict_0001_0056.uasset" 9873
"../../../Engine/Content/EngineMaterials/Substrate/Glints2/dict_0001_0051.uasset" 9874
"../../../Engine/Content/EngineMaterials/Substrate/Glints2/dict_0001_0052.uasset" 9875
"../../../Engine/Content/EngineMaterials/Substrate/Glints2/dict_0001_0053.uasset" 9876
"../../../Engine/Content/EngineMaterials/Substrate/Glints2/dict_0001_0055.uasset" 9877
"../../../Engine/Content/EngineMaterials/Substrate/Glints2/dict_0001_0054.uasset" 9878
"/Engine/EngineMaterials/Substrate/Glints2/dict_0001_0069" 9879
"/Engine/EngineMaterials/Substrate/Glints2/dict_0001_0070" 9880
"/Engine/EngineMaterials/Substrate/Glints2/dict_0001_0071" 9881
"/Engine/EngineMaterials/Substrate/Glints2/dict_0001_0072" 9882
"/Engine/EngineMaterials/Substrate/Glints2/dict_0001_0073" 9883
"/Engine/EngineMaterials/Substrate/Glints2/dict_0001_0074" 9884
"/Engine/EngineMaterials/Substrate/Glints2/dict_0001_0075" 9885
"/Engine/EngineMaterials/Substrate/Glints2/dict_0001_0076" 9886
"/Engine/EngineMaterials/Substrate/Glints2/dict_0001_0077" 9887
"/Engine/EngineMaterials/Substrate/Glints2/dict_0001_0078" 9888
"/Engine/EngineMaterials/Substrate/Glints2/dict_0001_0079" 9889
"/Engine/EngineMaterials/Substrate/Glints2/dict_0001_0080" 9890
"/Engine/EngineMaterials/Substrate/Glints2/dict_0001_0081" 9891
"/Engine/EngineMaterials/Substrate/Glints2/dict_0001_0082" 9892
"../../../Engine/Content/EngineMaterials/Substrate/Glints2/dict_0001_0047.uasset" 9893
"../../../Engine/Content/EngineMaterials/Substrate/Glints2/dict_0001_0049.uasset" 9894
"/Engine/EngineMaterials/Substrate/Glints2/dict_0001_0051" 9895
"../../../Engine/Content/EngineMaterials/Substrate/Glints2/dict_0001_0048.uasset" 9896
"../../../Engine/Content/EngineMaterials/Substrate/Glints2/dict_0001_0042.uasset" 9897
"../../../Engine/Content/EngineMaterials/Substrate/Glints2/dict_0001_0046.uasset" 9898
"../../../Engine/Content/EngineMaterials/Substrate/Glints2/dict_0001_0045.uasset" 9899
"../../../Engine/Content/EngineMaterials/Substrate/Glints2/dict_0001_0044.uasset" 9900
"../../../Engine/Content/EngineMaterials/Substrate/Glints2/dict_0001_0050.uasset" 9901
"../../../Engine/Content/EngineMaterials/Substrate/Glints2/dict_0001_0043.uasset" 9902
"../../../Engine/Content/EngineMaterials/Substrate/Glints2/dict_0001_0041.uasset" 9903
"../../../Engine/Content/EngineMaterials/Substrate/Glints2/dict_0001_0040.uasset" 9904
"../../../Engine/Content/EngineMaterials/Substrate/Glints2/dict_0001_0039.uasset" 9905
"../../../Engine/Content/EngineMaterials/Substrate/Glints2/dict_0001_0037.uasset" 9906
"/Engine/EngineMaterials/Substrate/Glints2/dict_0001_0052" 9907
"../../../Engine/Content/EngineMaterials/Substrate/Glints2/dict_0001_0038.uasset" 9908
"../../../Engine/Content/EngineMaterials/Substrate/Glints2/dict_0001_0036.uasset" 9909
"../../../Engine/Content/EngineMaterials/Substrate/Glints2/dict_0001_0035.uasset" 9910
"/Engine/EngineMaterials/Substrate/Glints2/dict_0001_0053" 9911
"/Engine/EngineMaterials/Substrate/Glints2/dict_0001_0054" 9912
"/Engine/EngineMaterials/Substrate/Glints2/dict_0001_0055" 9913
"/Engine/EngineMaterials/Substrate/Glints2/dict_0001_0056" 9914
"/Engine/EngineMaterials/Substrate/Glints2/dict_0001_0057" 9915
"/Engine/EngineMaterials/Substrate/Glints2/dict_0001_0058" 9916
"/Engine/EngineMaterials/Substrate/Glints2/dict_0001_0059" 9917
"/Engine/EngineMaterials/Substrate/Glints2/dict_0001_0060" 9918
"/Engine/EngineMaterials/Substrate/Glints2/dict_0001_0061" 9919
"/Engine/EngineMaterials/Substrate/Glints2/dict_0001_0062" 9920
"/Engine/EngineMaterials/Substrate/Glints2/dict_0001_0063" 9921
"/Engine/EngineMaterials/Substrate/Glints2/dict_0001_0064" 9922
"/Engine/EngineMaterials/Substrate/Glints2/dict_0001_0065" 9923
"/Engine/EngineMaterials/Substrate/Glints2/dict_0001_0066" 9924
"/Engine/EngineMaterials/Substrate/Glints2/dict_0001_0035" 9925
"../../../Engine/Content/EngineMaterials/Substrate/Glints2/dict_0001_0028.uasset" 9926
"../../../Engine/Content/EngineMaterials/Substrate/Glints2/dict_0001_0029.uasset" 9927
"../../../Engine/Content/EngineMaterials/Substrate/Glints2/dict_0001_0031.uasset" 9928
"../../../Engine/Content/EngineMaterials/Substrate/Glints2/dict_0001_0032.uasset" 9929
"../../../Engine/Content/EngineMaterials/Substrate/Glints2/dict_0001_0033.uasset" 9930
"../../../Engine/Content/EngineMaterials/Substrate/Glints2/dict_0001_0026.uasset" 9931
"../../../Engine/Content/EngineMaterials/Substrate/Glints2/dict_0001_0025.uasset" 9932
"../../../Engine/Content/EngineMaterials/Substrate/Glints2/dict_0001_0027.uasset" 9933
"../../../Engine/Content/EngineMaterials/Substrate/Glints2/dict_0001_0034.uasset" 9934
"../../../Engine/Content/EngineMaterials/Substrate/Glints2/dict_0001_0030.uasset" 9935
"/Engine/EngineMaterials/Substrate/Glints2/dict_0001_0036" 9936
"../../../Engine/Content/EngineMaterials/Substrate/Glints2/dict_0001_0022.uasset" 9937
"../../../Engine/Content/EngineMaterials/Substrate/Glints2/dict_0001_0023.uasset" 9938
"../../../Engine/Content/EngineMaterials/Substrate/Glints2/dict_0001_0020.uasset" 9939
"../../../Engine/Content/EngineMaterials/Substrate/Glints2/dict_0001_0019.uasset" 9940
"../../../Engine/Content/EngineMaterials/Substrate/Glints2/dict_0001_0024.uasset" 9941
"/Engine/EngineMaterials/Substrate/Glints2/dict_0001_0037" 9942
"../../../Engine/Content/EngineMaterials/Substrate/Glints2/dict_0001_0021.uasset" 9943
"/Engine/EngineMaterials/Substrate/Glints2/dict_0001_0038" 9944
"/Engine/EngineMaterials/Substrate/Glints2/dict_0001_0039" 9945
"/Engine/EngineMaterials/Substrate/Glints2/dict_0001_0040" 9946
"/Engine/EngineMaterials/Substrate/Glints2/dict_0001_0041" 9947
"/Engine/EngineMaterials/Substrate/Glints2/dict_0001_0042" 9948
"/Engine/EngineMaterials/Substrate/Glints2/dict_0001_0043" 9949
"/Engine/EngineMaterials/Substrate/Glints2/dict_0001_0044" 9950
"/Engine/EngineMaterials/Substrate/Glints2/dict_0001_0045" 9951
"/Engine/EngineMaterials/Substrate/Glints2/dict_0001_0046" 9952
"/Engine/EngineMaterials/Substrate/Glints2/dict_0001_0047" 9953
"/Engine/EngineMaterials/Substrate/Glints2/dict_0001_0048" 9954
"/Engine/EngineMaterials/Substrate/Glints2/dict_0001_0049" 9955
"/Engine/EngineMaterials/Substrate/Glints2/dict_0001_0050" 9956
"../../../Engine/Content/EngineMaterials/Substrate/Glints2/dict_0001_0014.uasset" 9957
"../../../Engine/Content/EngineMaterials/Substrate/Glints2/dict_0001_0017.uasset" 9958
"../../../Engine/Content/EngineMaterials/Substrate/Glints2/dict_0001_0015.uasset" 9959
"/Engine/EngineMaterials/Substrate/Glints2/dict_0001_0019" 9960
"../../../Engine/Content/EngineMaterials/Substrate/Glints2/dict_0001_0009.uasset" 9961
"../../../Engine/Content/EngineMaterials/Substrate/Glints2/dict_0001_0010.uasset" 9962
"../../../Engine/Content/EngineMaterials/Substrate/Glints2/dict_0001_0011.uasset" 9963
"../../../Engine/Content/EngineMaterials/Substrate/Glints2/dict_0001_0018.uasset" 9964
"../../../Engine/Content/EngineMaterials/Substrate/Glints2/dict_0001_0013.uasset" 9965
"../../../Engine/Content/EngineMaterials/Substrate/Glints2/dict_0001_0012.uasset" 9966
"../../../Engine/Content/EngineMaterials/Substrate/Glints2/dict_0001_0016.uasset" 9967
"../../../Engine/Content/EngineMaterials/Substrate/Glints2/dict_0001_0008.uasset" 9968
"../../../Engine/Content/EngineMaterials/Substrate/Glints2/dict_0001_0007.uasset" 9969
"../../../Engine/Content/EngineMaterials/Substrate/Glints2/dict_0001_0006.uasset" 9970
"../../../Engine/Content/EngineMaterials/Substrate/Glints2/dict_0001_0005.uasset" 9971
"../../../Engine/Content/EngineMaterials/Substrate/Glints2/dict_0001_0004.uasset" 9972
"../../../Engine/Content/EngineMaterials/Substrate/Glints2/dict_0001_0003.uasset" 9973
"/Engine/EngineMaterials/Substrate/Glints2/dict_0001_0020" 9974
"/Engine/EngineMaterials/Substrate/Glints2/dict_0001_0021" 9975
"/Engine/EngineMaterials/Substrate/Glints2/dict_0001_0022" 9976
"/Engine/EngineMaterials/Substrate/Glints2/dict_0001_0023" 9977
"/Engine/EngineMaterials/Substrate/Glints2/dict_0001_0024" 9978
"/Engine/EngineMaterials/Substrate/Glints2/dict_0001_0025" 9979
"/Engine/EngineMaterials/Substrate/Glints2/dict_0001_0026" 9980
"/Engine/EngineMaterials/Substrate/Glints2/dict_0001_0027" 9981
"/Engine/EngineMaterials/Substrate/Glints2/dict_0001_0028" 9982
"/Engine/EngineMaterials/Substrate/Glints2/dict_0001_0029" 9983
"/Engine/EngineMaterials/Substrate/Glints2/dict_0001_0030" 9984
"/Engine/EngineMaterials/Substrate/Glints2/dict_0001_0031" 9985
"/Engine/EngineMaterials/Substrate/Glints2/dict_0001_0032" 9986
"/Engine/EngineMaterials/Substrate/Glints2/dict_0001_0033" 9987
"/Engine/EngineMaterials/Substrate/Glints2/dict_0001_0034" 9988
"/Engine/EngineMaterials/Substrate/Glints2/dict_0001_0003" 9989
"../../../Engine/Content/EngineMaterials/Substrate/Glints2/dict_0000_0252.uasset" 9990
"../../../Engine/Content/EngineMaterials/Substrate/Glints2/dict_0000_0249.uasset" 9991
"../../../Engine/Content/EngineMaterials/Substrate/Glints2/dict_0000_0250.uasset" 9992
"../../../Engine/Content/EngineMaterials/Substrate/Glints2/dict_0001_0002.uasset" 9993
"../../../Engine/Content/EngineMaterials/Substrate/Glints2/dict_0001_0000.uasset" 9994
"../../../Engine/Content/EngineMaterials/Substrate/Glints2/dict_0001_0001.uasset" 9995
"../../../Engine/Content/EngineMaterials/Substrate/Glints2/dict_0000_0251.uasset" 9996
"../../../Engine/Content/EngineMaterials/Substrate/Glints2/dict_0000_0253.uasset" 9997
"../../../Engine/Content/EngineMaterials/Substrate/Glints2/dict_0000_0255.uasset" 9998
"../../../Engine/Content/EngineMaterials/Substrate/Glints2/dict_0000_0254.uasset" 9999
"../../../Engine/Content/EngineMaterials/Substrate/Glints2/dict_0000_0246.uasset" 10000
"../../../Engine/Content/EngineMaterials/Substrate/Glints2/dict_0000_0248.uasset" 10001
"/Engine/EngineMaterials/Substrate/Glints2/dict_0001_0004" 10002
"../../../Engine/Content/EngineMaterials/Substrate/Glints2/dict_0000_0245.uasset" 10003
"../../../Engine/Content/EngineMaterials/Substrate/Glints2/dict_0000_0244.uasset" 10004
"../../../Engine/Content/EngineMaterials/Substrate/Glints2/dict_0000_0243.uasset" 10005
"/Engine/EngineMaterials/Substrate/Glints2/dict_0001_0005" 10006
"../../../Engine/Content/EngineMaterials/Substrate/Glints2/dict_0000_0247.uasset" 10007
"/Engine/EngineMaterials/Substrate/Glints2/dict_0001_0006" 10008
"/Engine/EngineMaterials/Substrate/Glints2/dict_0001_0007" 10009
"/Engine/EngineMaterials/Substrate/Glints2/dict_0001_0008" 10010
"/Engine/EngineMaterials/Substrate/Glints2/dict_0001_0009" 10011
"/Engine/EngineMaterials/Substrate/Glints2/dict_0001_0010" 10012
"/Engine/EngineMaterials/Substrate/Glints2/dict_0001_0011" 10013
"/Engine/EngineMaterials/Substrate/Glints2/dict_0001_0012" 10014
"/Engine/EngineMaterials/Substrate/Glints2/dict_0001_0013" 10015
"/Engine/EngineMaterials/Substrate/Glints2/dict_0001_0014" 10016
"/Engine/EngineMaterials/Substrate/Glints2/dict_0001_0015" 10017
"/Engine/EngineMaterials/Substrate/Glints2/dict_0001_0016" 10018
"/Engine/EngineMaterials/Substrate/Glints2/dict_0001_0017" 10019
"/Engine/EngineMaterials/Substrate/Glints2/dict_0001_0018" 10020
"../../../Engine/Content/EngineMaterials/Substrate/Glints2/dict_0000_0239.uasset" 10021
"../../../Engine/Content/EngineMaterials/Substrate/Glints2/dict_0000_0242.uasset" 10022
"../../../Engine/Content/EngineMaterials/Substrate/Glints2/dict_0000_0238.uasset" 10023
"/Engine/EngineMaterials/Substrate/Glints2/dict_0000_0243" 10024
"../../../Engine/Content/EngineMaterials/Substrate/Glints2/dict_0000_0241.uasset" 10025
"../../../Engine/Content/EngineMaterials/Substrate/Glints2/dict_0000_0235.uasset" 10026
"../../../Engine/Content/EngineMaterials/Substrate/Glints2/dict_0000_0240.uasset" 10027
"../../../Engine/Content/EngineMaterials/Substrate/Glints2/dict_0000_0236.uasset" 10028
"../../../Engine/Content/EngineMaterials/Substrate/Glints2/dict_0000_0234.uasset" 10029
"../../../Engine/Content/EngineMaterials/Substrate/Glints2/dict_0000_0237.uasset" 10030
"../../../Engine/Content/EngineMaterials/Substrate/Glints2/dict_0000_0233.uasset" 10031
"../../../Engine/Content/EngineMaterials/Substrate/Glints2/dict_0000_0232.uasset" 10032
"../../../Engine/Content/EngineMaterials/Substrate/Glints2/dict_0000_0227.uasset" 10033
"../../../Engine/Content/EngineMaterials/Substrate/Glints2/dict_0000_0230.uasset" 10034
"../../../Engine/Content/EngineMaterials/Substrate/Glints2/dict_0000_0229.uasset" 10035
"../../../Engine/Content/EngineMaterials/Substrate/Glints2/dict_0000_0231.uasset" 10036
"/Engine/EngineMaterials/Substrate/Glints2/dict_0000_0244" 10037
"../../../Engine/Content/EngineMaterials/Substrate/Glints2/dict_0000_0228.uasset" 10038
"/Engine/EngineMaterials/Substrate/Glints2/dict_0000_0245" 10039
"/Engine/EngineMaterials/Substrate/Glints2/dict_0000_0246" 10040
"/Engine/EngineMaterials/Substrate/Glints2/dict_0000_0247" 10041
"/Engine/EngineMaterials/Substrate/Glints2/dict_0000_0248" 10042
"/Engine/EngineMaterials/Substrate/Glints2/dict_0000_0249" 10043
"/Engine/EngineMaterials/Substrate/Glints2/dict_0000_0250" 10044
"/Engine/EngineMaterials/Substrate/Glints2/dict_0000_0251" 10045
"/Engine/EngineMaterials/Substrate/Glints2/dict_0000_0252" 10046
"/Engine/EngineMaterials/Substrate/Glints2/dict_0000_0253" 10047
"/Engine/EngineMaterials/Substrate/Glints2/dict_0000_0254" 10048
"/Engine/EngineMaterials/Substrate/Glints2/dict_0000_0255" 10049
"/Engine/EngineMaterials/Substrate/Glints2/dict_0001_0000" 10050
"/Engine/EngineMaterials/Substrate/Glints2/dict_0001_0001" 10051
"/Engine/EngineMaterials/Substrate/Glints2/dict_0001_0002" 10052
"../../../Engine/Content/EngineMaterials/Substrate/Glints2/dict_0000_0225.uasset" 10053
"../../../Engine/Content/EngineMaterials/Substrate/Glints2/dict_0000_0226.uasset" 10054
"../../../Engine/Content/EngineMaterials/Substrate/Glints2/dict_0000_0224.uasset" 10055
"../../../Engine/Content/EngineMaterials/Substrate/Glints2/dict_0000_0223.uasset" 10056
"../../../Engine/Content/EngineMaterials/Substrate/Glints2/dict_0000_0222.uasset" 10057
"/Engine/EngineMaterials/Substrate/Glints2/dict_0000_0227" 10058
"../../../Engine/Content/EngineMaterials/Substrate/Glints2/dict_0000_0221.uasset" 10059
"../../../Engine/Content/EngineMaterials/Substrate/Glints2/dict_0000_0218.uasset" 10060
"../../../Engine/Content/EngineMaterials/Substrate/Glints2/dict_0000_0220.uasset" 10061
"../../../Engine/Content/EngineMaterials/Substrate/Glints2/dict_0000_0219.uasset" 10062
"../../../Engine/Content/EngineMaterials/Substrate/Glints2/dict_0000_0217.uasset" 10063
"../../../Engine/Content/EngineMaterials/Substrate/Glints2/dict_0000_0216.uasset" 10064
"../../../Engine/Content/EngineMaterials/Substrate/Glints2/dict_0000_0214.uasset" 10065
"../../../Engine/Content/EngineMaterials/Substrate/Glints2/dict_0000_0215.uasset" 10066
"../../../Engine/Content/EngineMaterials/Substrate/Glints2/dict_0000_0212.uasset" 10067
"../../../Engine/Content/EngineMaterials/Substrate/Glints2/dict_0000_0213.uasset" 10068
"../../../Engine/Content/EngineMaterials/Substrate/Glints2/dict_0000_0211.uasset" 10069
"/Engine/EngineMaterials/Substrate/Glints2/dict_0000_0228" 10070
"/Engine/EngineMaterials/Substrate/Glints2/dict_0000_0229" 10071
"/Engine/EngineMaterials/Substrate/Glints2/dict_0000_0230" 10072
"/Engine/EngineMaterials/Substrate/Glints2/dict_0000_0231" 10073
"/Engine/EngineMaterials/Substrate/Glints2/dict_0000_0232" 10074
"/Engine/EngineMaterials/Substrate/Glints2/dict_0000_0233" 10075
"/Engine/EngineMaterials/Substrate/Glints2/dict_0000_0234" 10076
"/Engine/EngineMaterials/Substrate/Glints2/dict_0000_0235" 10077
"/Engine/EngineMaterials/Substrate/Glints2/dict_0000_0236" 10078
"/Engine/EngineMaterials/Substrate/Glints2/dict_0000_0237" 10079
"/Engine/EngineMaterials/Substrate/Glints2/dict_0000_0238" 10080
"/Engine/EngineMaterials/Substrate/Glints2/dict_0000_0239" 10081
"/Engine/EngineMaterials/Substrate/Glints2/dict_0000_0240" 10082
"/Engine/EngineMaterials/Substrate/Glints2/dict_0000_0241" 10083
"/Engine/EngineMaterials/Substrate/Glints2/dict_0000_0242" 10084
"../../../Engine/Content/EngineMaterials/Substrate/Glints2/dict_0000_0207.uasset" 10085
"../../../Engine/Content/EngineMaterials/Substrate/Glints2/dict_0000_0210.uasset" 10086
"../../../Engine/Content/EngineMaterials/Substrate/Glints2/dict_0000_0208.uasset" 10087
"../../../Engine/Content/EngineMaterials/Substrate/Glints2/dict_0000_0209.uasset" 10088
"../../../Engine/Content/EngineMaterials/Substrate/Glints2/dict_0000_0206.uasset" 10089
"../../../Engine/Content/EngineMaterials/Substrate/Glints2/dict_0000_0205.uasset" 10090
"/Engine/EngineMaterials/Substrate/Glints2/dict_0000_0211" 10091
"../../../Engine/Content/EngineMaterials/Substrate/Glints2/dict_0000_0203.uasset" 10092
"../../../Engine/Content/EngineMaterials/Substrate/Glints2/dict_0000_0204.uasset" 10093
"../../../Engine/Content/EngineMaterials/Substrate/Glints2/dict_0000_0202.uasset" 10094
"../../../Engine/Content/EngineMaterials/Substrate/Glints2/dict_0000_0201.uasset" 10095
"../../../Engine/Content/EngineMaterials/Substrate/Glints2/dict_0000_0199.uasset" 10096
"../../../Engine/Content/EngineMaterials/Substrate/Glints2/dict_0000_0198.uasset" 10097
"../../../Engine/Content/EngineMaterials/Substrate/Glints2/dict_0000_0200.uasset" 10098
"../../../Engine/Content/EngineMaterials/Substrate/Glints2/dict_0000_0197.uasset" 10099
"/Engine/EngineMaterials/Substrate/Glints2/dict_0000_0212" 10100
"../../../Engine/Content/EngineMaterials/Substrate/Glints2/dict_0000_0195.uasset" 10101
"../../../Engine/Content/EngineMaterials/Substrate/Glints2/dict_0000_0196.uasset" 10102
"/Engine/EngineMaterials/Substrate/Glints2/dict_0000_0213" 10103
"/Engine/EngineMaterials/Substrate/Glints2/dict_0000_0214" 10104
"/Engine/EngineMaterials/Substrate/Glints2/dict_0000_0215" 10105
"/Engine/EngineMaterials/Substrate/Glints2/dict_0000_0216" 10106
"/Engine/EngineMaterials/Substrate/Glints2/dict_0000_0217" 10107
"/Engine/EngineMaterials/Substrate/Glints2/dict_0000_0218" 10108
"/Engine/EngineMaterials/Substrate/Glints2/dict_0000_0219" 10109
"/Engine/EngineMaterials/Substrate/Glints2/dict_0000_0220" 10110
"/Engine/EngineMaterials/Substrate/Glints2/dict_0000_0221" 10111
"/Engine/EngineMaterials/Substrate/Glints2/dict_0000_0222" 10112
"/Engine/EngineMaterials/Substrate/Glints2/dict_0000_0223" 10113
"/Engine/EngineMaterials/Substrate/Glints2/dict_0000_0224" 10114
"/Engine/EngineMaterials/Substrate/Glints2/dict_0000_0225" 10115
"/Engine/EngineMaterials/Substrate/Glints2/dict_0000_0226" 10116
"../../../Engine/Content/EngineMaterials/Substrate/Glints2/dict_0000_0189.uasset" 10117
"../../../Engine/Content/EngineMaterials/Substrate/Glints2/dict_0000_0186.uasset" 10118
"../../../Engine/Content/EngineMaterials/Substrate/Glints2/dict_0000_0190.uasset" 10119
"../../../Engine/Content/EngineMaterials/Substrate/Glints2/dict_0000_0194.uasset" 10120
"../../../Engine/Content/EngineMaterials/Substrate/Glints2/dict_0000_0185.uasset" 10121
"../../../Engine/Content/EngineMaterials/Substrate/Glints2/dict_0000_0193.uasset" 10122
"../../../Engine/Content/EngineMaterials/Substrate/Glints2/dict_0000_0188.uasset" 10123
"../../../Engine/Content/EngineMaterials/Substrate/Glints2/dict_0000_0187.uasset" 10124
"/Engine/EngineMaterials/Substrate/Glints2/dict_0000_0195" 10125
"../../../Engine/Content/EngineMaterials/Substrate/Glints2/dict_0000_0192.uasset" 10126
"../../../Engine/Content/EngineMaterials/Substrate/Glints2/dict_0000_0191.uasset" 10127
"../../../Engine/Content/EngineMaterials/Substrate/Glints2/dict_0000_0183.uasset" 10128
"../../../Engine/Content/EngineMaterials/Substrate/Glints2/dict_0000_0182.uasset" 10129
"../../../Engine/Content/EngineMaterials/Substrate/Glints2/dict_0000_0179.uasset" 10130
"../../../Engine/Content/EngineMaterials/Substrate/Glints2/dict_0000_0184.uasset" 10131
"../../../Engine/Content/EngineMaterials/Substrate/Glints2/dict_0000_0180.uasset" 10132
"/Engine/EngineMaterials/Substrate/Glints2/dict_0000_0196" 10133
"../../../Engine/Content/EngineMaterials/Substrate/Glints2/dict_0000_0181.uasset" 10134
"/Engine/EngineMaterials/Substrate/Glints2/dict_0000_0197" 10135
"/Engine/EngineMaterials/Substrate/Glints2/dict_0000_0198" 10136
"/Engine/EngineMaterials/Substrate/Glints2/dict_0000_0199" 10137
"/Engine/EngineMaterials/Substrate/Glints2/dict_0000_0200" 10138
"/Engine/EngineMaterials/Substrate/Glints2/dict_0000_0201" 10139
"/Engine/EngineMaterials/Substrate/Glints2/dict_0000_0202" 10140
"/Engine/EngineMaterials/Substrate/Glints2/dict_0000_0203" 10141
"/Engine/EngineMaterials/Substrate/Glints2/dict_0000_0204" 10142
"/Engine/EngineMaterials/Substrate/Glints2/dict_0000_0205" 10143
"/Engine/EngineMaterials/Substrate/Glints2/dict_0000_0206" 10144
"/Engine/EngineMaterials/Substrate/Glints2/dict_0000_0207" 10145
"/Engine/EngineMaterials/Substrate/Glints2/dict_0000_0208" 10146
"/Engine/EngineMaterials/Substrate/Glints2/dict_0000_0209" 10147
"/Engine/EngineMaterials/Substrate/Glints2/dict_0000_0210" 10148
"../../../Engine/Content/EngineMaterials/Substrate/Glints2/dict_0000_0171.uasset" 10149
"../../../Engine/Content/EngineMaterials/Substrate/Glints2/dict_0000_0177.uasset" 10150
"../../../Engine/Content/EngineMaterials/Substrate/Glints2/dict_0000_0173.uasset" 10151
"../../../Engine/Content/EngineMaterials/Substrate/Glints2/dict_0000_0175.uasset" 10152
"../../../Engine/Content/EngineMaterials/Substrate/Glints2/dict_0000_0172.uasset" 10153
"../../../Engine/Content/EngineMaterials/Substrate/Glints2/dict_0000_0170.uasset" 10154
"../../../Engine/Content/EngineMaterials/Substrate/Glints2/dict_0000_0178.uasset" 10155
"../../../Engine/Content/EngineMaterials/Substrate/Glints2/dict_0000_0174.uasset" 10156
"/Engine/EngineMaterials/Substrate/Glints2/dict_0000_0179" 10157
"../../../Engine/Content/EngineMaterials/Substrate/Glints2/dict_0000_0169.uasset" 10158
"../../../Engine/Content/EngineMaterials/Substrate/Glints2/dict_0000_0176.uasset" 10159
"../../../Engine/Content/EngineMaterials/Substrate/Glints2/dict_0000_0166.uasset" 10160
"../../../Engine/Content/EngineMaterials/Substrate/Glints2/dict_0000_0168.uasset" 10161
"../../../Engine/Content/EngineMaterials/Substrate/Glints2/dict_0000_0167.uasset" 10162
"../../../Engine/Content/EngineMaterials/Substrate/Glints2/dict_0000_0164.uasset" 10163
"../../../Engine/Content/EngineMaterials/Substrate/Glints2/dict_0000_0163.uasset" 10164
"../../../Engine/Content/EngineMaterials/Substrate/Glints2/dict_0000_0165.uasset" 10165
"/Engine/EngineMaterials/Substrate/Glints2/dict_0000_0180" 10166
"/Engine/EngineMaterials/Substrate/Glints2/dict_0000_0181" 10167
"/Engine/EngineMaterials/Substrate/Glints2/dict_0000_0182" 10168
"/Engine/EngineMaterials/Substrate/Glints2/dict_0000_0183" 10169
"/Engine/EngineMaterials/Substrate/Glints2/dict_0000_0184" 10170
"/Engine/EngineMaterials/Substrate/Glints2/dict_0000_0185" 10171
"/Engine/EngineMaterials/Substrate/Glints2/dict_0000_0186" 10172
"/Engine/EngineMaterials/Substrate/Glints2/dict_0000_0187" 10173
"/Engine/EngineMaterials/Substrate/Glints2/dict_0000_0188" 10174
"/Engine/EngineMaterials/Substrate/Glints2/dict_0000_0189" 10175
"/Engine/EngineMaterials/Substrate/Glints2/dict_0000_0190" 10176
"/Engine/EngineMaterials/Substrate/Glints2/dict_0000_0191" 10177
"/Engine/EngineMaterials/Substrate/Glints2/dict_0000_0192" 10178
"/Engine/EngineMaterials/Substrate/Glints2/dict_0000_0193" 10179
"/Engine/EngineMaterials/Substrate/Glints2/dict_0000_0194" 10180
"../../../Engine/Content/EngineMaterials/Substrate/Glints2/dict_0000_0161.uasset" 10181
"../../../Engine/Content/EngineMaterials/Substrate/Glints2/dict_0000_0162.uasset" 10182
"../../../Engine/Content/EngineMaterials/Substrate/Glints2/dict_0000_0160.uasset" 10183
"../../../Engine/Content/EngineMaterials/Substrate/Glints2/dict_0000_0159.uasset" 10184
"../../../Engine/Content/EngineMaterials/Substrate/Glints2/dict_0000_0158.uasset" 10185
"../../../Engine/Content/EngineMaterials/Substrate/Glints2/dict_0000_0157.uasset" 10186
"../../../Engine/Content/EngineMaterials/Substrate/Glints2/dict_0000_0156.uasset" 10187
"../../../Engine/Content/EngineMaterials/Substrate/Glints2/dict_0000_0155.uasset" 10188
"../../../Engine/Content/EngineMaterials/Substrate/Glints2/dict_0000_0154.uasset" 10189
"../../../Engine/Content/EngineMaterials/Substrate/Glints2/dict_0000_0153.uasset" 10190
"../../../Engine/Content/EngineMaterials/Substrate/Glints2/dict_0000_0151.uasset" 10191
"../../../Engine/Content/EngineMaterials/Substrate/Glints2/dict_0000_0152.uasset" 10192
"../../../Engine/Content/EngineMaterials/Substrate/Glints2/dict_0000_0150.uasset" 10193
"../../../Engine/Content/EngineMaterials/Substrate/Glints2/dict_0000_0148.uasset" 10194
"../../../Engine/Content/EngineMaterials/Substrate/Glints2/dict_0000_0149.uasset" 10195
"../../../Engine/Content/EngineMaterials/Substrate/Glints2/dict_0000_0147.uasset" 10196
"/Engine/EngineMaterials/Substrate/Glints2/dict_0000_0163" 10197
"/Engine/EngineMaterials/Substrate/Glints2/dict_0000_0164" 10198
"/Engine/EngineMaterials/Substrate/Glints2/dict_0000_0165" 10199
"/Engine/EngineMaterials/Substrate/Glints2/dict_0000_0166" 10200
"/Engine/EngineMaterials/Substrate/Glints2/dict_0000_0167" 10201
"/Engine/EngineMaterials/Substrate/Glints2/dict_0000_0168" 10202
"/Engine/EngineMaterials/Substrate/Glints2/dict_0000_0169" 10203
"/Engine/EngineMaterials/Substrate/Glints2/dict_0000_0156" 10204
"/Engine/EngineMaterials/Substrate/Glints2/dict_0000_0157" 10205
"/Engine/EngineMaterials/Substrate/Glints2/dict_0000_0158" 10206
"/Engine/EngineMaterials/Substrate/Glints2/dict_0000_0159" 10207
"/Engine/EngineMaterials/Substrate/Glints2/dict_0000_0160" 10208
"/Engine/EngineMaterials/Substrate/Glints2/dict_0000_0161" 10209
"/Engine/EngineMaterials/Substrate/Glints2/dict_0000_0170" 10210
"/Engine/EngineMaterials/Substrate/Glints2/dict_0000_0162" 10211
"/Engine/EngineMaterials/Substrate/Glints2/dict_0000_0171" 10212
"/Engine/EngineMaterials/Substrate/Glints2/dict_0000_0172" 10213
"/Engine/EngineMaterials/Substrate/Glints2/dict_0000_0173" 10214
"/Engine/EngineMaterials/Substrate/Glints2/dict_0000_0174" 10215
"/Engine/EngineMaterials/Substrate/Glints2/dict_0000_0175" 10216
"/Engine/EngineMaterials/Substrate/Glints2/dict_0000_0176" 10217
"/Engine/EngineMaterials/Substrate/Glints2/dict_0000_0177" 10218
"/Engine/EngineMaterials/Substrate/Glints2/dict_0000_0178" 10219
"../../../Engine/Content/EngineMaterials/Substrate/Glints2/dict_0000_0146.uasset" 10220
"../../../Engine/Content/EngineMaterials/Substrate/Glints2/dict_0000_0144.uasset" 10221
"../../../Engine/Content/EngineMaterials/Substrate/Glints2/dict_0000_0139.uasset" 10222
"../../../Engine/Content/EngineMaterials/Substrate/Glints2/dict_0000_0142.uasset" 10223
"../../../Engine/Content/EngineMaterials/Substrate/Glints2/dict_0000_0137.uasset" 10224
"../../../Engine/Content/EngineMaterials/Substrate/Glints2/dict_0000_0143.uasset" 10225
"../../../Engine/Content/EngineMaterials/Substrate/Glints2/dict_0000_0145.uasset" 10226
"/Engine/EngineMaterials/Substrate/Glints2/dict_0000_0147" 10227
"../../../Engine/Content/EngineMaterials/Substrate/Glints2/dict_0000_0138.uasset" 10228
"../../../Engine/Content/EngineMaterials/Substrate/Glints2/dict_0000_0141.uasset" 10229
"../../../Engine/Content/EngineMaterials/Substrate/Glints2/dict_0000_0140.uasset" 10230
"../../../Engine/Content/EngineMaterials/Substrate/Glints2/dict_0000_0136.uasset" 10231
"../../../Engine/Content/EngineMaterials/Substrate/Glints2/dict_0000_0133.uasset" 10232
"../../../Engine/Content/EngineMaterials/Substrate/Glints2/dict_0000_0134.uasset" 10233
"../../../Engine/Content/EngineMaterials/Substrate/Glints2/dict_0000_0135.uasset" 10234
"../../../Engine/Content/EngineMaterials/Substrate/Glints2/dict_0000_0132.uasset" 10235
"../../../Engine/Content/EngineMaterials/Substrate/Glints2/dict_0000_0131.uasset" 10236
"../../../Engine/Content/EngineMaterials/Substrate/Glints2/dict_0000_0129.uasset" 10237
"../../../Engine/Content/EngineMaterials/Substrate/Glints2/dict_0000_0130.uasset" 10238
"../../../Engine/Content/EngineMaterials/Substrate/Glints2/dict_0000_0128.uasset" 10239
"/Engine/EngineMaterials/Substrate/Glints2/dict_0000_0148" 10240
"../../../Engine/Content/EngineMaterials/Substrate/Glints2/dict_0000_0127.uasset" 10241
"../../../Engine/Content/EngineMaterials/Substrate/Glints2/dict_0000_0126.uasset" 10242
"../../../Engine/Content/EngineMaterials/Substrate/Glints2/dict_0000_0125.uasset" 10243
"../../../Engine/Content/EngineMaterials/Substrate/Glints2/dict_0000_0124.uasset" 10244
"/Engine/EngineMaterials/Substrate/Glints2/dict_0000_0149" 10245
"/Engine/EngineMaterials/Substrate/Glints2/dict_0000_0150" 10246
"/Engine/EngineMaterials/Substrate/Glints2/dict_0000_0151" 10247
"/Engine/EngineMaterials/Substrate/Glints2/dict_0000_0152" 10248
"/Engine/EngineMaterials/Substrate/Glints2/dict_0000_0153" 10249
"/Engine/EngineMaterials/Substrate/Glints2/dict_0000_0154" 10250
"/Engine/EngineMaterials/Substrate/Glints2/dict_0000_0155" 10251
"../../../Engine/Content/EngineMaterials/Substrate/Glints2/dict_0000_0122.uasset" 10252
"/Engine/EngineMaterials/Substrate/Glints2/dict_0000_0124" 10253
"../../../Engine/Content/EngineMaterials/Substrate/Glints2/dict_0000_0118.uasset" 10254
"../../../Engine/Content/EngineMaterials/Substrate/Glints2/dict_0000_0119.uasset" 10255
"../../../Engine/Content/EngineMaterials/Substrate/Glints2/dict_0000_0123.uasset" 10256
"../../../Engine/Content/EngineMaterials/Substrate/Glints2/dict_0000_0121.uasset" 10257
"../../../Engine/Content/EngineMaterials/Substrate/Glints2/dict_0000_0117.uasset" 10258
"../../../Engine/Content/EngineMaterials/Substrate/Glints2/dict_0000_0116.uasset" 10259
"../../../Engine/Content/EngineMaterials/Substrate/Glints2/dict_0000_0115.uasset" 10260
"../../../Engine/Content/EngineMaterials/Substrate/Glints2/dict_0000_0120.uasset" 10261
"/Engine/EngineMaterials/Substrate/Glints2/dict_0000_0125" 10262
"/Engine/EngineMaterials/Substrate/Glints2/dict_0000_0126" 10263
"/Engine/EngineMaterials/Substrate/Glints2/dict_0000_0127" 10264
"/Engine/EngineMaterials/Substrate/Glints2/dict_0000_0128" 10265
"/Engine/EngineMaterials/Substrate/Glints2/dict_0000_0129" 10266
"/Engine/EngineMaterials/Substrate/Glints2/dict_0000_0130" 10267
"/Engine/EngineMaterials/Substrate/Glints2/dict_0000_0131" 10268
"/Engine/EngineMaterials/Substrate/Glints2/dict_0000_0132" 10269
"/Engine/EngineMaterials/Substrate/Glints2/dict_0000_0133" 10270
"/Engine/EngineMaterials/Substrate/Glints2/dict_0000_0134" 10271
"/Engine/EngineMaterials/Substrate/Glints2/dict_0000_0135" 10272
"/Engine/EngineMaterials/Substrate/Glints2/dict_0000_0136" 10273
"/Engine/EngineMaterials/Substrate/Glints2/dict_0000_0137" 10274
"/Engine/EngineMaterials/Substrate/Glints2/dict_0000_0138" 10275
"/Engine/EngineMaterials/Substrate/Glints2/dict_0000_0139" 10276
"/Engine/EngineMaterials/Substrate/Glints2/dict_0000_0140" 10277
"/Engine/EngineMaterials/Substrate/Glints2/dict_0000_0141" 10278
"/Engine/EngineMaterials/Substrate/Glints2/dict_0000_0142" 10279
"/Engine/EngineMaterials/Substrate/Glints2/dict_0000_0143" 10280
"/Engine/EngineMaterials/Substrate/Glints2/dict_0000_0144" 10281
"/Engine/EngineMaterials/Substrate/Glints2/dict_0000_0145" 10282
"/Engine/EngineMaterials/Substrate/Glints2/dict_0000_0146" 10283
"/Engine/EngineMaterials/Substrate/Glints2/dict_0000_0115" 10284
"../../../Engine/Content/EngineMaterials/Substrate/Glints2/dict_0000_0107.uasset" 10285
"../../../Engine/Content/EngineMaterials/Substrate/Glints2/dict_0000_0105.uasset" 10286
"../../../Engine/Content/EngineMaterials/Substrate/Glints2/dict_0000_0114.uasset" 10287
"../../../Engine/Content/EngineMaterials/Substrate/Glints2/dict_0000_0108.uasset" 10288
"../../../Engine/Content/EngineMaterials/Substrate/Glints2/dict_0000_0113.uasset" 10289
"../../../Engine/Content/EngineMaterials/Substrate/Glints2/dict_0000_0109.uasset" 10290
"../../../Engine/Content/EngineMaterials/Substrate/Glints2/dict_0000_0112.uasset" 10291
"../../../Engine/Content/EngineMaterials/Substrate/Glints2/dict_0000_0111.uasset" 10292
"../../../Engine/Content/EngineMaterials/Substrate/Glints2/dict_0000_0110.uasset" 10293
"../../../Engine/Content/EngineMaterials/Substrate/Glints2/dict_0000_0106.uasset" 10294
"/Engine/EngineMaterials/Substrate/Glints2/dict_0000_0116" 10295
"../../../Engine/Content/EngineMaterials/Substrate/Glints2/dict_0000_0104.uasset" 10296
"../../../Engine/Content/EngineMaterials/Substrate/Glints2/dict_0000_0103.uasset" 10297
"../../../Engine/Content/EngineMaterials/Substrate/Glints2/dict_0000_0100.uasset" 10298
"../../../Engine/Content/EngineMaterials/Substrate/Glints2/dict_0000_0101.uasset" 10299
"../../../Engine/Content/EngineMaterials/Substrate/Glints2/dict_0000_0099.uasset" 10300
"../../../Engine/Content/EngineMaterials/Substrate/Glints2/dict_0000_0098.uasset" 10301
"../../../Engine/Content/EngineMaterials/Substrate/Glints2/dict_0000_0102.uasset" 10302
"../../../Engine/Content/EngineMaterials/Substrate/Glints2/dict_0000_0097.uasset" 10303
"../../../Engine/Content/EngineMaterials/Substrate/Glints2/dict_0000_0096.uasset" 10304
"/Engine/EngineMaterials/Substrate/Glints2/dict_0000_0117" 10305
"../../../Engine/Content/EngineMaterials/Substrate/Glints2/dict_0000_0095.uasset" 10306
"../../../Engine/Content/EngineMaterials/Substrate/Glints2/dict_0000_0092.uasset" 10307
"../../../Engine/Content/EngineMaterials/Substrate/Glints2/dict_0000_0093.uasset" 10308
"../../../Engine/Content/EngineMaterials/Substrate/Glints2/dict_0000_0094.uasset" 10309
"/Engine/EngineMaterials/Substrate/Glints2/dict_0000_0118" 10310
"/Engine/EngineMaterials/Substrate/Glints2/dict_0000_0119" 10311
"/Engine/EngineMaterials/Substrate/Glints2/dict_0000_0120" 10312
"/Engine/EngineMaterials/Substrate/Glints2/dict_0000_0121" 10313
"/Engine/EngineMaterials/Substrate/Glints2/dict_0000_0122" 10314
"/Engine/EngineMaterials/Substrate/Glints2/dict_0000_0123" 10315
"/Engine/EngineMaterials/Substrate/Glints2/dict_0000_0092" 10316
"../../../Engine/Content/EngineMaterials/Substrate/Glints2/dict_0000_0089.uasset" 10317
"../../../Engine/Content/EngineMaterials/Substrate/Glints2/dict_0000_0087.uasset" 10318
"../../../Engine/Content/EngineMaterials/Substrate/Glints2/dict_0000_0084.uasset" 10319
"../../../Engine/Content/EngineMaterials/Substrate/Glints2/dict_0000_0085.uasset" 10320
"../../../Engine/Content/EngineMaterials/Substrate/Glints2/dict_0000_0090.uasset" 10321
"../../../Engine/Content/EngineMaterials/Substrate/Glints2/dict_0000_0083.uasset" 10322
"../../../Engine/Content/EngineMaterials/Substrate/Glints2/dict_0000_0086.uasset" 10323
"../../../Engine/Content/EngineMaterials/Substrate/Glints2/dict_0000_0091.uasset" 10324
"../../../Engine/Content/EngineMaterials/Substrate/Glints2/dict_0000_0088.uasset" 10325
"/Engine/EngineMaterials/Substrate/Glints2/dict_0000_0093" 10326
"/Engine/EngineMaterials/Substrate/Glints2/dict_0000_0094" 10327
"/Engine/EngineMaterials/Substrate/Glints2/dict_0000_0095" 10328
"/Engine/EngineMaterials/Substrate/Glints2/dict_0000_0096" 10329
"/Engine/EngineMaterials/Substrate/Glints2/dict_0000_0097" 10330
"/Engine/EngineMaterials/Substrate/Glints2/dict_0000_0098" 10331
"/Engine/EngineMaterials/Substrate/Glints2/dict_0000_0099" 10332
"/Engine/EngineMaterials/Substrate/Glints2/dict_0000_0100" 10333
"/Engine/EngineMaterials/Substrate/Glints2/dict_0000_0101" 10334
"/Engine/EngineMaterials/Substrate/Glints2/dict_0000_0102" 10335
"/Engine/EngineMaterials/Substrate/Glints2/dict_0000_0103" 10336
"/Engine/EngineMaterials/Substrate/Glints2/dict_0000_0104" 10337
"/Engine/EngineMaterials/Substrate/Glints2/dict_0000_0105" 10338
"/Engine/EngineMaterials/Substrate/Glints2/dict_0000_0106" 10339
"/Engine/EngineMaterials/Substrate/Glints2/dict_0000_0107" 10340
"/Engine/EngineMaterials/Substrate/Glints2/dict_0000_0108" 10341
"/Engine/EngineMaterials/Substrate/Glints2/dict_0000_0109" 10342
"/Engine/EngineMaterials/Substrate/Glints2/dict_0000_0110" 10343
"/Engine/EngineMaterials/Substrate/Glints2/dict_0000_0111" 10344
"/Engine/EngineMaterials/Substrate/Glints2/dict_0000_0112" 10345
"/Engine/EngineMaterials/Substrate/Glints2/dict_0000_0113" 10346
"/Engine/EngineMaterials/Substrate/Glints2/dict_0000_0114" 10347
"../../../Engine/Content/EngineMaterials/Substrate/Glints2/dict_0000_0079.uasset" 10348
"../../../Engine/Content/EngineMaterials/Substrate/Glints2/dict_0000_0075.uasset" 10349
"../../../Engine/Content/EngineMaterials/Substrate/Glints2/dict_0000_0076.uasset" 10350
"../../../Engine/Content/EngineMaterials/Substrate/Glints2/dict_0000_0081.uasset" 10351
"../../../Engine/Content/EngineMaterials/Substrate/Glints2/dict_0000_0077.uasset" 10352
"../../../Engine/Content/EngineMaterials/Substrate/Glints2/dict_0000_0074.uasset" 10353
"../../../Engine/Content/EngineMaterials/Substrate/Glints2/dict_0000_0080.uasset" 10354
"../../../Engine/Content/EngineMaterials/Substrate/Glints2/dict_0000_0078.uasset" 10355
"/Engine/EngineMaterials/Substrate/Glints2/dict_0000_0083" 10356
"../../../Engine/Content/EngineMaterials/Substrate/Glints2/dict_0000_0073.uasset" 10357
"../../../Engine/Content/EngineMaterials/Substrate/Glints2/dict_0000_0082.uasset" 10358
"../../../Engine/Content/EngineMaterials/Substrate/Glints2/dict_0000_0069.uasset" 10359
"../../../Engine/Content/EngineMaterials/Substrate/Glints2/dict_0000_0072.uasset" 10360
"../../../Engine/Content/EngineMaterials/Substrate/Glints2/dict_0000_0071.uasset" 10361
"../../../Engine/Content/EngineMaterials/Substrate/Glints2/dict_0000_0068.uasset" 10362
"../../../Engine/Content/EngineMaterials/Substrate/Glints2/dict_0000_0066.uasset" 10363
"../../../Engine/Content/EngineMaterials/Substrate/Glints2/dict_0000_0070.uasset" 10364
"/Engine/EngineMaterials/Substrate/Glints2/dict_0000_0084" 10365
"../../../Engine/Content/EngineMaterials/Substrate/Glints2/dict_0000_0067.uasset" 10366
"../../../Engine/Content/EngineMaterials/Substrate/Glints2/dict_0000_0065.uasset" 10367
"../../../Engine/Content/EngineMaterials/Substrate/Glints2/dict_0000_0064.uasset" 10368
"../../../Engine/Content/EngineMaterials/Substrate/Glints2/dict_0000_0063.uasset" 10369
"../../../Engine/Content/EngineMaterials/Substrate/Glints2/dict_0000_0062.uasset" 10370
"../../../Engine/Content/EngineMaterials/Substrate/Glints2/dict_0000_0061.uasset" 10371
"../../../Engine/Content/EngineMaterials/Substrate/Glints2/dict_0000_0060.uasset" 10372
"/Engine/EngineMaterials/Substrate/Glints2/dict_0000_0085" 10373
"/Engine/EngineMaterials/Substrate/Glints2/dict_0000_0086" 10374
"/Engine/EngineMaterials/Substrate/Glints2/dict_0000_0087" 10375
"/Engine/EngineMaterials/Substrate/Glints2/dict_0000_0088" 10376
"/Engine/EngineMaterials/Substrate/Glints2/dict_0000_0089" 10377
"/Engine/EngineMaterials/Substrate/Glints2/dict_0000_0090" 10378
"/Engine/EngineMaterials/Substrate/Glints2/dict_0000_0091" 10379
"/Engine/EngineMaterials/Substrate/Glints2/dict_0000_0060" 10380
"../../../Engine/Content/EngineMaterials/Substrate/Glints2/dict_0000_0056.uasset" 10381
"../../../Engine/Content/EngineMaterials/Substrate/Glints2/dict_0000_0058.uasset" 10382
"../../../Engine/Content/EngineMaterials/Substrate/Glints2/dict_0000_0052.uasset" 10383
"../../../Engine/Content/EngineMaterials/Substrate/Glints2/dict_0000_0059.uasset" 10384
"../../../Engine/Content/EngineMaterials/Substrate/Glints2/dict_0000_0054.uasset" 10385
"../../../Engine/Content/EngineMaterials/Substrate/Glints2/dict_0000_0057.uasset" 10386
"../../../Engine/Content/EngineMaterials/Substrate/Glints2/dict_0000_0055.uasset" 10387
"../../../Engine/Content/EngineMaterials/Substrate/Glints2/dict_0000_0053.uasset" 10388
"../../../Engine/Content/EngineMaterials/Substrate/Glints2/dict_0000_0051.uasset" 10389
"/Engine/EngineMaterials/Substrate/Glints2/dict_0000_0061" 10390
"/Engine/EngineMaterials/Substrate/Glints2/dict_0000_0062" 10391
"/Engine/EngineMaterials/Substrate/Glints2/dict_0000_0063" 10392
"/Engine/EngineMaterials/Substrate/Glints2/dict_0000_0064" 10393
"/Engine/EngineMaterials/Substrate/Glints2/dict_0000_0065" 10394
"/Engine/EngineMaterials/Substrate/Glints2/dict_0000_0066" 10395
"/Engine/EngineMaterials/Substrate/Glints2/dict_0000_0067" 10396
"/Engine/EngineMaterials/Substrate/Glints2/dict_0000_0068" 10397
"/Engine/EngineMaterials/Substrate/Glints2/dict_0000_0069" 10398
"/Engine/EngineMaterials/Substrate/Glints2/dict_0000_0070" 10399
"/Engine/EngineMaterials/Substrate/Glints2/dict_0000_0071" 10400
"/Engine/EngineMaterials/Substrate/Glints2/dict_0000_0072" 10401
"/Engine/EngineMaterials/Substrate/Glints2/dict_0000_0073" 10402
"/Engine/EngineMaterials/Substrate/Glints2/dict_0000_0074" 10403
"/Engine/EngineMaterials/Substrate/Glints2/dict_0000_0075" 10404
"/Engine/EngineMaterials/Substrate/Glints2/dict_0000_0076" 10405
"/Engine/EngineMaterials/Substrate/Glints2/dict_0000_0077" 10406
"/Engine/EngineMaterials/Substrate/Glints2/dict_0000_0078" 10407
"/Engine/EngineMaterials/Substrate/Glints2/dict_0000_0079" 10408
"/Engine/EngineMaterials/Substrate/Glints2/dict_0000_0080" 10409
"/Engine/EngineMaterials/Substrate/Glints2/dict_0000_0081" 10410
"/Engine/EngineMaterials/Substrate/Glints2/dict_0000_0082" 10411
"/Engine/EngineMaterials/Substrate/Glints2/dict_0000_0051" 10412
"../../../Engine/Content/EngineMaterials/Substrate/Glints2/dict_0000_0048.uasset" 10413
"../../../Engine/Content/EngineMaterials/Substrate/Glints2/dict_0000_0050.uasset" 10414
"../../../Engine/Content/EngineMaterials/Substrate/Glints2/dict_0000_0042.uasset" 10415
"../../../Engine/Content/EngineMaterials/Substrate/Glints2/dict_0000_0047.uasset" 10416
"../../../Engine/Content/EngineMaterials/Substrate/Glints2/dict_0000_0049.uasset" 10417
"../../../Engine/Content/EngineMaterials/Substrate/Glints2/dict_0000_0043.uasset" 10418
"../../../Engine/Content/EngineMaterials/Substrate/Glints2/dict_0000_0046.uasset" 10419
"../../../Engine/Content/EngineMaterials/Substrate/Glints2/dict_0000_0045.uasset" 10420
"../../../Engine/Content/EngineMaterials/Substrate/Glints2/dict_0000_0044.uasset" 10421
"../../../Engine/Content/EngineMaterials/Substrate/Glints2/dict_0000_0041.uasset" 10422
"/Engine/EngineMaterials/Substrate/Glints2/dict_0000_0052" 10423
"../../../Engine/Content/EngineMaterials/Substrate/Glints2/dict_0000_0038.uasset" 10424
"../../../Engine/Content/EngineMaterials/Substrate/Glints2/dict_0000_0040.uasset" 10425
"../../../Engine/Content/EngineMaterials/Substrate/Glints2/dict_0000_0039.uasset" 10426
"../../../Engine/Content/EngineMaterials/Substrate/Glints2/dict_0000_0037.uasset" 10427
"../../../Engine/Content/EngineMaterials/Substrate/Glints2/dict_0000_0036.uasset" 10428
"../../../Engine/Content/EngineMaterials/Substrate/Glints2/dict_0000_0035.uasset" 10429
"../../../Engine/Content/EngineMaterials/Substrate/Glints2/dict_0000_0034.uasset" 10430
"../../../Engine/Content/EngineMaterials/Substrate/Glints2/dict_0000_0033.uasset" 10431
"../../../Engine/Content/EngineMaterials/Substrate/Glints2/dict_0000_0032.uasset" 10432
"../../../Engine/Content/EngineMaterials/Substrate/Glints2/dict_0000_0031.uasset" 10433
"/Engine/EngineMaterials/Substrate/Glints2/dict_0000_0053" 10434
"../../../Engine/Content/EngineMaterials/Substrate/Glints2/dict_0000_0029.uasset" 10435
"../../../Engine/Content/EngineMaterials/Substrate/Glints2/dict_0000_0030.uasset" 10436
"../../../Engine/Content/EngineMaterials/Substrate/Glints2/dict_0000_0028.uasset" 10437
"/Engine/EngineMaterials/Substrate/Glints2/dict_0000_0054" 10438
"/Engine/EngineMaterials/Substrate/Glints2/dict_0000_0055" 10439
"/Engine/EngineMaterials/Substrate/Glints2/dict_0000_0056" 10440
"/Engine/EngineMaterials/Substrate/Glints2/dict_0000_0057" 10441
"/Engine/EngineMaterials/Substrate/Glints2/dict_0000_0058" 10442
"/Engine/EngineMaterials/Substrate/Glints2/dict_0000_0059" 10443
"../../../Engine/Content/EngineMaterials/Substrate/Glints2/dict_0000_0024.uasset" 10444
"../../../Engine/Content/EngineMaterials/Substrate/Glints2/dict_0000_0027.uasset" 10445
"../../../Engine/Content/EngineMaterials/Substrate/Glints2/dict_0000_0026.uasset" 10446
"../../../Engine/Content/EngineMaterials/Substrate/Glints2/dict_0000_0023.uasset" 10447
"/Engine/EngineMaterials/Substrate/Glints2/dict_0000_0028" 10448
"../../../Engine/Content/EngineMaterials/Substrate/Glints2/dict_0000_0022.uasset" 10449
"../../../Engine/Content/EngineMaterials/Substrate/Glints2/dict_0000_0019.uasset" 10450
"../../../Engine/Content/EngineMaterials/Substrate/Glints2/dict_0000_0021.uasset" 10451
"../../../Engine/Content/EngineMaterials/Substrate/Glints2/dict_0000_0020.uasset" 10452
"../../../Engine/Content/EngineMaterials/Substrate/Glints2/dict_0000_0025.uasset" 10453
"/Engine/EngineMaterials/Substrate/Glints2/dict_0000_0029" 10454
"/Engine/EngineMaterials/Substrate/Glints2/dict_0000_0030" 10455
"/Engine/EngineMaterials/Substrate/Glints2/dict_0000_0031" 10456
"/Engine/EngineMaterials/Substrate/Glints2/dict_0000_0032" 10457
"/Engine/EngineMaterials/Substrate/Glints2/dict_0000_0033" 10458
"/Engine/EngineMaterials/Substrate/Glints2/dict_0000_0034" 10459
"/Engine/EngineMaterials/Substrate/Glints2/dict_0000_0035" 10460
"/Engine/EngineMaterials/Substrate/Glints2/dict_0000_0036" 10461
"/Engine/EngineMaterials/Substrate/Glints2/dict_0000_0037" 10462
"/Engine/EngineMaterials/Substrate/Glints2/dict_0000_0038" 10463
"/Engine/EngineMaterials/Substrate/Glints2/dict_0000_0039" 10464
"/Engine/EngineMaterials/Substrate/Glints2/dict_0000_0040" 10465
"/Engine/EngineMaterials/Substrate/Glints2/dict_0000_0041" 10466
"/Engine/EngineMaterials/Substrate/Glints2/dict_0000_0042" 10467
"/Engine/EngineMaterials/Substrate/Glints2/dict_0000_0043" 10468
"/Engine/EngineMaterials/Substrate/Glints2/dict_0000_0044" 10469
"/Engine/EngineMaterials/Substrate/Glints2/dict_0000_0045" 10470
"/Engine/EngineMaterials/Substrate/Glints2/dict_0000_0046" 10471
"/Engine/EngineMaterials/Substrate/Glints2/dict_0000_0047" 10472
"/Engine/EngineMaterials/Substrate/Glints2/dict_0000_0048" 10473
"/Engine/EngineMaterials/Substrate/Glints2/dict_0000_0049" 10474
"/Engine/EngineMaterials/Substrate/Glints2/dict_0000_0050" 10475
"../../../Engine/Content/EngineMaterials/Substrate/Glints2/dict_0000_0014.uasset" 10476
"../../../Engine/Content/EngineMaterials/Substrate/Glints2/dict_0000_0013.uasset" 10477
"../../../Engine/Content/EngineMaterials/Substrate/Glints2/dict_0000_0017.uasset" 10478
"../../../Engine/Content/EngineMaterials/Substrate/Glints2/dict_0000_0011.uasset" 10479
"../../../Engine/Content/EngineMaterials/Substrate/Glints2/dict_0000_0015.uasset" 10480
"../../../Engine/Content/EngineMaterials/Substrate/Glints2/dict_0000_0009.uasset" 10481
"../../../Engine/Content/EngineMaterials/Substrate/Glints2/dict_0000_0010.uasset" 10482
"../../../Engine/Content/EngineMaterials/Substrate/Glints2/dict_0000_0012.uasset" 10483
"../../../Engine/Content/EngineMaterials/Substrate/Glints2/dict_0000_0018.uasset" 10484
"/Engine/EngineMaterials/Substrate/Glints2/dict_0000_0019" 10485
"../../../Engine/Content/EngineMaterials/Substrate/Glints2/dict_0000_0016.uasset" 10486
"../../../Engine/Content/EngineMaterials/Substrate/Glints2/dict_0000_0008.uasset" 10487
"../../../Engine/Content/EngineMaterials/Substrate/Glints2/dict_0000_0006.uasset" 10488
"../../../Engine/Content/EngineMaterials/Substrate/Glints2/dict_0000_0003.uasset" 10489
"../../../Engine/Content/EngineMaterials/Substrate/Glints2/dict_0000_0005.uasset" 10490
"../../../Engine/Content/EngineMaterials/Substrate/Glints2/dict_0000_0001.uasset" 10491
"../../../Engine/Content/EngineMaterials/Substrate/Glints2/dict_0000_0000.uasset" 10492
"../../../Engine/Content/EngineMaterials/Substrate/Glints2/dict_0000_0002.uasset" 10493
"/Engine/EngineMaterials/Substrate/Glints2/dict_0000_0020" 10494
"../../../Engine/Content/EngineMaterials/Substrate/Glints2/dict_0000_0004.uasset" 10495
"../../../Engine/Content/EngineMaterials/Substrate/Glints2/dict_0000_0007.uasset" 10496
"../../../Engine/Content/EngineMaterials/Substrate/Glints2/AGlintTex2dArray2.uasset" 10497
"../../../Engine/Content/EngineMaterials/Substrate/Volume/SubstrateSimpleVolumeEnvLUT2D.uasset" 10498
"../../../Engine/Content/EngineMaterials/Substrate/Volume/SubstrateSimpleVolumeLUT3D.uasset" 10499
"../../../Engine/Content/EngineMaterials/Substrate/Volume/SubstrateSimpleVolumeLUT2D.uasset" 10500
"/Engine/EngineMaterials/Substrate/Glints2/dict_0000_0021" 10501
"/Engine/EngineMaterials/Substrate/Glints2/dict_0000_0022" 10502
"/Engine/EngineMaterials/Substrate/Glints2/dict_0000_0023" 10503
"/Engine/EngineMaterials/Substrate/Glints2/dict_0000_0024" 10504
"/Engine/EngineMaterials/Substrate/Glints2/dict_0000_0025" 10505
"/Engine/EngineMaterials/Substrate/Glints2/dict_0000_0026" 10506
"/Engine/EngineMaterials/Substrate/Glints2/dict_0000_0027" 10507
"../../../Engine/Content/EngineMaterials/DefaultCalibrationColor.uasset" 10508
"../../../Engine/Content/EngineMaterials/PPM_DefaultCalibrationColor.uasset" 10509
"../../../Engine/Content/EngineMaterials/DefaultCalibrationGrayscale.uasset" 10510
"../../../Engine/Content/EngineMaterials/Substrate/Volume/SubstrateSimpleVolumeEnvLUT3D.uasset" 10511
"/Engine/EngineMaterials/Substrate/Volume/SubstrateSimpleVolumeEnvLUT2D" 10512
"../../../Engine/Content/EngineMaterials/PPM_DefaultCalibrationGrayscale.uasset" 10513
"../../../Engine/Content/Functions/Engine_MaterialFunctions03/Procedurals/HeightToNormalSmooth.uasset" 10514
"../../../Engine/Plugins/Interchange/Assets/Content/Functions/MX_Surface.uasset" 10515
"../../../Engine/Content/Functions/Engine_MaterialFunctions02/Utility/BlendAngleCorrectedNormals.uasset" 10516
"/Engine/EngineMaterials/Substrate/Volume/SubstrateSimpleVolumeLUT3D" 10517
"../../../Engine/Content/Functions/MaterialLayerFunctions/MatLayerBlend_OverrideOpacity.uasset" 10518
"/Engine/EngineMaterials/Substrate/Glints2/AGlintTex2dArray2" 10519
"../../../Engine/Plugins/NNE/NNEDenoiser/Content/NNEDIM_ColorAlbedoNormal_Alpha.uasset" 10520
"../../../Engine/Plugins/NNE/NNEDenoiser/Content/NNEDOM_Output_Alpha.uasset" 10521
"../../../Engine/Plugins/NNE/NNEDenoiser/Content/NNEDTIM_ColorAlbedoNormal_Alpha.uasset" 10522
"../../../Engine/Plugins/Interchange/Assets/Content/Functions/MX_Displacement.uasset" 10523
"../../../Engine/Plugins/NNE/NNEDenoiser/Content/NNEDTIM_ColorAlbedoNormal_Default.uasset" 10524
"../../../Engine/Plugins/NNE/NNEDenoiser/Content/NNEDIM_ColorAlbedoNormal_Default.uasset" 10525
"../../../Engine/Plugins/NNE/NNEDenoiser/Content/NNEDIM_HighQuality_Alpha.uasset" 10526
"../../../Engine/Plugins/NNE/NNEDenoiser/Content/NNEDIM_HighQuality_Default.uasset" 10527
"../../../Engine/Plugins/NNE/NNEDenoiser/Content/NNEDOM_Output_Default.uasset" 10528
"../../../Engine/Plugins/NNE/NNEDenoiser/Content/NNEDTOM_Output_Alpha.uasset" 10529
"../../../Engine/Plugins/NNE/NNEDenoiser/Content/NNEDT_Oidn2-3_Balanced.uasset" 10530
"../../../Engine/Plugins/NNE/NNEDenoiser/Content/NNEDTOM_Output_Default.uasset" 10531
"../../../Engine/Plugins/NNE/NNEDenoiser/Content/NNEDT_Oidn2-3_Balanced_Alpha.uasset" 10532
"../../../Engine/Plugins/NNE/NNEDenoiser/Content/NNED_Oidn2-3_Balanced.uasset" 10533
"../../../Engine/Plugins/NNE/NNEDenoiser/Content/NNED_Oidn2-3_Fast.uasset" 10534
"../../../Engine/Plugins/NNE/NNEDenoiser/Content/NNED_Oidn2-3_Balanced_Alpha.uasset" 10535
"../../../Engine/Plugins/NNE/NNEDenoiser/Content/NNED_Oidn2-3_Fast_Alpha.uasset" 10536
"../../../Engine/Plugins/NNE/NNEDenoiser/Content/NNED_Oidn2-3_HighQuality.uasset" 10537
"../../../Engine/Plugins/NNE/NNEDenoiser/Content/NNE_oidn2-3-0_rt_hdr_alb_nrm_small__dyn__fp16_opset11_DenoiseAlpha.uasset" 10538
"../../../Engine/Plugins/NNE/NNEDenoiser/Content/NNED_Oidn2-3_HighQuality_Alpha.uasset" 10539
"../../../Engine/Plugins/NNE/NNEDenoiser/Content/NNE_oidn2-3-0_rt_hdr_alb_nrm_small__dyn__fp16_opset11_ForwardAlpha.uasset" 10540
"../../../Engine/Plugins/NNE/NNEDenoiser/Content/NNE_oidn2-3-0_rt_hdr_alb_nrm__dyn__fp16_opset11_DenoiseAlpha.uasset" 10541
"../../../Engine/Plugins/NNE/NNEDenoiser/Content/NNE_oidn2-3-0_rt_hdr_alb_nrm__dyn__fp16_opset11_ForwardAlpha.uasset" 10542
"/Engine/Functions/Engine_MaterialFunctions02/Utility/BlendAngleCorrectedNormals" 10543
"/Engine/Functions/Engine_MaterialFunctions03/Procedurals/HeightToNormalSmooth" 10544
"/InterchangeAssets/Functions/MX_Surface" 10545
"/Engine/EngineMaterials/PPM_DefaultCalibrationGrayscale" 10546
"/Engine/EngineMaterials/PPM_DefaultCalibrationColor" 10547
"/Engine/EngineMaterials/Substrate/Volume/SubstrateSimpleVolumeEnvLUT3D" 10548
"../../../Engine/Content/EngineMaterials/DefaultBloomKernel.uasset" 10549
"../../../Engine/Plugins/FX/Niagara/Content/ParameterDefinitions/DecalRenderer.uasset" 10550
"../../../Engine/Content/EngineDebugMaterials/DebugEditorMaterial.uasset" 10551
"../../../Engine/Content/EditorResources/BSPVertex.uasset" 10552
"../../../Engine/Plugins/NNE/NNEDenoiser/Content/NNE_oidn2-3-0_rt_hdr_calb_cnrm_large__dyn__fp16_opset11_DenoiseAlpha.uasset" 10553
"../../../Engine/Plugins/FX/Niagara/Content/ParameterDefinitions/LightRenderer.uasset" 10554
"../../../Engine/Content/EngineResources/FilmGrains/Marcie_Grain_v3_128_M2_000.uasset" 10555
"/NNEDenoiser/NNE_oidn2-3-0_rt_hdr_alb_nrm__dyn__fp16_opset11_ForwardAlpha" 10556
"../../../Engine/Content/EngineResources/Development/ZenLogo_64.uasset" 10557
"../../../Engine/Plugins/NNE/NNEDenoiser/Content/NNE_oidn2-3-0_rt_hdr_calb_cnrm_large__dyn__fp16_opset11_ForwardAlpha.uasset" 10558
"/NNEDenoiser/NNE_oidn2-3-0_rt_hdr_alb_nrm__dyn__fp16_opset11_DenoiseAlpha" 10559
"/NNEDenoiser/NNE_oidn2-3-0_rt_hdr_alb_nrm_small__dyn__fp16_opset11_ForwardAlpha" 10560
"/NNEDenoiser/NNE_oidn2-3-0_rt_hdr_alb_nrm_small__dyn__fp16_opset11_DenoiseAlpha" 10561
"/NNEDenoiser/NNED_Oidn2-3_HighQuality_Alpha" 10562
"/NNEDenoiser/NNED_Oidn2-3_HighQuality" 10563
"/NNEDenoiser/NNED_Oidn2-3_Fast_Alpha" 10564
"/NNEDenoiser/NNED_Oidn2-3_Fast" 10565
"C:/Users/Tsuki/Downloads/CatBurglar_david/CatBurglar/Intermediate/ORTOptimizerPass_Optimized35EEDC6348716A49199251A69F31CBF1.onnx" 10566
"C:/Users/Tsuki/Downloads/CatBurglar_david/CatBurglar/Intermediate/ORTOptimizerPass_OptimizedEAB0A45B431C2257461BBBB49C4B1C37.onnx" 10567
"C:/Users/Tsuki/Downloads/CatBurglar_david/CatBurglar/Intermediate/ORTOptimizerPass_OptimizedE4C8FDC042C86DFDA02896836D8C7749.onnx" 10568
"C:/Users/Tsuki/Downloads/CatBurglar_david/CatBurglar/Intermediate/ORTOptimizerPass_Optimized336682314AEEDE3CFF1A4FAC23E32773.onnx" 10569
"C:/Users/Tsuki/Downloads/CatBurglar_david/CatBurglar/Intermediate/ORTOptimizerPass_Optimized2016859F416C2D3A017B5A887061A173.onnx" 10570
"C:/Users/Tsuki/Downloads/CatBurglar_david/CatBurglar/Intermediate/ORTOptimizerPass_OptimizedED5FFE1A49411604E3EE1C906A122594.onnx" 10571
"C:/Users/Tsuki/Downloads/CatBurglar_david/CatBurglar/Intermediate/ORTOptimizerPass_Optimized3E2FA03E40286BE097DD318A71331766.onnx" 10572
"C:/Users/Tsuki/Downloads/CatBurglar_david/CatBurglar/Intermediate/ORTOptimizerPass_OptimizedE1372C904E08B124D3BF99B39E30A68F.onnx" 10573
"/NNEDenoiser/NNED_Oidn2-3_Balanced_Alpha" 10574
"/NNEDenoiser/NNED_Oidn2-3_Balanced" 10575
"/NNEDenoiser/NNEDT_Oidn2-3_Balanced_Alpha" 10576
"/NNEDenoiser/NNEDT_Oidn2-3_Balanced" 10577
"/NNEDenoiser/NNEDTOM_Output_Default" 10578
"/NNEDenoiser/NNEDTOM_Output_Alpha" 10579
"/NNEDenoiser/NNEDTIM_ColorAlbedoNormal_Default" 10580
"/NNEDenoiser/NNEDTIM_ColorAlbedoNormal_Alpha" 10581
"/NNEDenoiser/NNEDOM_Output_Default" 10582
"/NNEDenoiser/NNEDOM_Output_Alpha" 10583
"/NNEDenoiser/NNEDIM_HighQuality_Default" 10584
"/NNEDenoiser/NNEDIM_HighQuality_Alpha" 10585
"/NNEDenoiser/NNEDIM_ColorAlbedoNormal_Default" 10586
"/NNEDenoiser/NNEDIM_ColorAlbedoNormal_Alpha" 10587
"/InterchangeAssets/Functions/MX_Displacement" 10588
"../../../Engine/Content/EngineMaterials/FastBlueNoise_scalar_128x128x64.uasset" 10589
"../../../Engine/Content/EngineMaterials/FastBlueNoise_vec2_128x128x64.uasset" 10590
"../../../Engine/Content/EngineSounds/Master.uasset" 10591
"../../../Engine/Content/EngineMaterials/EnergyConservation/SheenLegacy_Energy.uasset" 10592
"../../../Engine/Content/EngineMaterials/SMAASearchTex.uasset" 10593
"/Engine/EngineDebugMaterials/DebugEditorMaterial" 10594
"../../../Engine/Plugins/Interchange/Runtime/Content/Pipelines/DefaultGLTFPipeline.uasset" 10595
"../../../Engine/Content/EngineMaterials/SMAAAreaTex.uasset" 10596
"../../../Engine/Plugins/Interchange/Runtime/Content/Pipelines/DefaultMaterialPipeline.uasset" 10597
"../../../Engine/Plugins/Interchange/Runtime/Content/Pipelines/DefaultMaterialXPipeline.uasset" 10598
"../../../Engine/Content/EngineMaterials/FastBlueNoise_scalar_128x128x8.uasset" 10599
"../../../Engine/Plugins/Interchange/Runtime/Content/Pipelines/DefaultGLTFAssetsPipeline.uasset" 10600
"../../../Engine/Plugins/Interchange/Runtime/Content/Pipelines/DefaultAssetsPipeline.uasset" 10601
"../../../Engine/Plugins/Interchange/Runtime/Content/Pipelines/DefaultTexturePipeline.uasset" 10602
"../../../Engine/Plugins/Interchange/Runtime/Content/Pipelines/DefaultSceneLevelPipeline.uasset" 10603
"../../../Engine/Plugins/Interchange/Runtime/Content/Pipelines/DefaultAudioPipeline.uasset" 10604
"../../../Engine/Plugins/Interchange/Runtime/Content/Pipelines/DefaultSceneAssetsPipeline.uasset" 10605
"../../../Engine/Plugins/Interchange/Runtime/Content/Pipelines/DefaultGLTFSceneAssetsPipeline.uasset" 10606
"../../../Engine/Plugins/Interchange/Assets/Content/Functions/MX_SurfaceUnlit.uasset" 10607
"../../../Engine/Plugins/Interchange/Assets/Content/Functions/MX_UsdPreviewSurface.uasset" 10608
"../../../Engine/Plugins/Interchange/Assets/Content/Functions/MX_OrenNayarBSDF.uasset" 10609
"../../../Engine/Plugins/Interchange/Assets/Content/Functions/MX_BurleyDiffuseBSDF.uasset" 10610
"../../../Engine/Plugins/Interchange/Assets/Content/Substrate/MX_SimpleVolume.uasset" 10611
"../../../Engine/Plugins/Interchange/Assets/Content/Functions/MX_TranslucentBSDF.uasset" 10612
"/Engine/EngineResources/Development/ZenLogo_64" 10613
"/Engine/EngineResources/FilmGrains/Marcie_Grain_v3_128_M2_000" 10614
"/Engine/EngineMaterials/DefaultBloomKernel" 10615
"/Engine/EditorResources/BSPVertex" 10616
"/NNEDenoiser/NNE_oidn2-3-0_rt_hdr_calb_cnrm_large__dyn__fp16_opset11_ForwardAlpha" 10617
"/NNEDenoiser/NNE_oidn2-3-0_rt_hdr_calb_cnrm_large__dyn__fp16_opset11_DenoiseAlpha" 10618
"/Engine/EngineMaterials/FastBlueNoise_vec2_128x128x64" 10619
"/Engine/EngineMaterials/FastBlueNoise_scalar_128x128x64" 10620
"/InterchangeAssets/Functions/MX_TranslucentBSDF" 10621
"../../../Engine/Plugins/Interchange/Assets/Content/Functions/MX_ConicalEDF.uasset" 10622
"../../../Engine/Plugins/Interchange/Assets/Content/Functions/MX_ConductorBSDF.uasset" 10623
"../../../Engine/Plugins/Interchange/Assets/Content/Functions/MX_AbsorptionVDF.uasset" 10624
"../../../Engine/Plugins/Interchange/Assets/Content/Functions/MX_MeasuredEDF.uasset" 10625
"../../../Engine/Plugins/Interchange/Assets/Content/Functions/MX_SheenBSDF.uasset" 10626
"../../../Engine/Plugins/Interchange/Assets/Content/Functions/MX_ChiangHairBSDF.uasset" 10627
"../../../Engine/Plugins/Interchange/Assets/Content/Functions/MX_GeneralizedSchlickBSDF.uasset" 10628
"../../../Engine/Plugins/Interchange/Assets/Content/Functions/MX_UniformEDF.uasset" 10629
"../../../Engine/Plugins/Interchange/Assets/Content/Functions/MX_DielectricBSDF.uasset" 10630
"../../../Engine/Plugins/Interchange/Assets/Content/Functions/MX_SubsurfaceBSDF.uasset" 10631
"../../../Engine/Plugins/Interchange/Assets/Content/Functions/MX_AnisotropicVDF.uasset" 10632
"/InterchangeAssets/Functions/MX_BurleyDiffuseBSDF" 10633
"/InterchangeAssets/Functions/MX_OrenNayarBSDF" 10634
"/InterchangeAssets/Substrate/MX_SimpleVolume" 10635
"/InterchangeAssets/Functions/MX_UsdPreviewSurface" 10636
"/InterchangeAssets/Functions/MX_SurfaceUnlit" 10637
"C:/Users/Tsuki/Downloads/CatBurglar_david/CatBurglar/Intermediate/ORTOptimizerPass_Optimized7E1B1DF7496F240C1F03968BA6647E40.onnx" 10638
"C:/Users/Tsuki/Downloads/CatBurglar_david/CatBurglar/Intermediate/ORTOptimizerPass_OptimizedEFDC8B8C4756807322748DA9399070E4.onnx" 10639
"C:/Users/Tsuki/Downloads/CatBurglar_david/CatBurglar/Intermediate/ORTOptimizerPass_Optimized80DB1F1D403DE37028D0FCBE0B88401B.onnx" 10640
"C:/Users/Tsuki/Downloads/CatBurglar_david/CatBurglar/Intermediate/ORTOptimizerPass_Optimized3B1068674A0ECB7862D4608600F6B8A9.onnx" 10641
"/Interchange/Pipelines/DefaultGLTFSceneAssetsPipeline" 10642
"/Interchange/Pipelines/DefaultSceneLevelPipeline" 10643
"/Interchange/Pipelines/DefaultSceneAssetsPipeline" 10644
"/Interchange/Pipelines/DefaultAudioPipeline" 10645
"/Interchange/Pipelines/DefaultTexturePipeline" 10646
"/Interchange/Pipelines/DefaultMaterialPipeline" 10647
"/Interchange/Pipelines/DefaultGLTFPipeline" 10648
"/Interchange/Pipelines/DefaultGLTFAssetsPipeline" 10649
"/Interchange/Pipelines/DefaultMaterialXPipeline" 10650
"/Interchange/Pipelines/DefaultAssetsPipeline" 10651
"/Engine/EngineSounds/Master" 10652
"/Engine/EngineMaterials/SMAASearchTex" 10653
"/Engine/EngineMaterials/SMAAAreaTex" 10654
"/Engine/EngineMaterials/EnergyConservation/SheenLegacy_Energy" 10655
"/Engine/EngineMaterials/FastBlueNoise_scalar_128x128x8" 10656
"/InterchangeAssets/Functions/MX_AnisotropicVDF" 10657
"../../../Engine/Plugins/Animation/ControlRig/Content/Controls/ControlRigGizmoMaterial.uasset" 10658
"/InterchangeAssets/Functions/MX_AbsorptionVDF" 10659
"/InterchangeAssets/Functions/MX_MeasuredEDF" 10660
"/InterchangeAssets/Functions/MX_ConicalEDF" 10661
"/InterchangeAssets/Functions/MX_UniformEDF" 10662
"/InterchangeAssets/Functions/MX_ChiangHairBSDF" 10663
"/InterchangeAssets/Functions/MX_SheenBSDF" 10664
"/InterchangeAssets/Functions/MX_SubsurfaceBSDF" 10665
"/InterchangeAssets/Functions/MX_GeneralizedSchlickBSDF" 10666
"/InterchangeAssets/Functions/MX_ConductorBSDF" 10667
"/InterchangeAssets/Functions/MX_DielectricBSDF" 10668
"/ControlRig/Controls/ControlRigGizmoMaterial" 10669
"C:/Users/Tsuki/Downloads/CatBurglar_david/CatBurglar/Saved/Cooked/Windows/CatBurglar/Metadata/CookedSettings.txt" 10670
